"id","name","shadow","gender","role","attackingType","rank","previousRank","tier","includedInApp","fastMove","chargedMove1","chargedMove2","limitedMoves","verification","comparison","previousMoves","source","retrieved"
"abomasnow","Abomasnow","false","","GL","","190","207","","true","Powder Snow","Weather Ball (Ice)","Energy Ball","","Matched pinned PvPoke recommendation and exact-form move pool","unchanged","Powder Snow; Weather Ball (Ice); Energy Ball","https://github.com/pvpoke/pvpoke/blob/c15fb6f7e8613169740d904d6f96baa1824de480/src/data/rankings/all/overall/rankings-1500.json","2026-10-10T17:33:39.100Z"
"abomasnow_shadow","Abomasnow (Shadow)","true","","GL","","174","196","","true","Powder Snow","Weather Ball (Ice)","Energy Ball","","Matched pinned PvPoke recommendation and exact-form move pool","unchanged","Powder Snow; Weather Ball (Ice); Energy Ball","https://github.com/pvpoke/pvpoke/blob/c15fb6f7e8613169740d904d6f96baa1824de480/src/data/rankings/all/overall/rankings-1500.json","2026-10-10T17:33:39.100Z"
"aegislash_shield","Aegislash (Shield)","false","","GL","","74","80","","true","Psycho Cut","Shadow Ball","Gyro Ball","","Matched pinned PvPoke recommendation and exact-form move pool","unchanged","Psycho Cut; Shadow Ball; Gyro Ball","https://github.com/pvpoke/pvpoke/blob/c15fb6f7e8613169740d904d6f96baa1824de480/src/data/rankings/all/overall/rankings-1500.json","2026-10-10T17:33:39.100Z"
"altaria","Altaria","false","","GL","","2","2","","true","Dragon Breath","Moonblast","Flamethrower","Moonblast","Matched pinned PvPoke recommendation and exact-form move pool","unchanged","Dragon Breath; Moonblast; Flamethrower","https://github.com/pvpoke/pvpoke/blob/c15fb6f7e8613169740d904d6f96baa1824de480/src/data/rankings/all/overall/rankings-1500.json","2026-10-10T17:33:39.100Z"
"altaria_shadow","Altaria (Shadow)","true","","GL","","7","9","","true","Dragon Breath","Moonblast","Flamethrower","Moonblast","Matched pinned PvPoke recommendation and exact-form move pool","unchanged","Dragon Breath; Moonblast; Flamethrower","https://github.com/pvpoke/pvpoke/blob/c15fb6f7e8613169740d904d6f96baa1824de480/src/data/rankings/all/overall/rankings-1500.json","2026-10-10T17:33:39.100Z"
"annihilape","Annihilape","false","","GL","","25","32","","true","Low Kick","Rage Fist","Ice Punch","Rage Fist","Matched pinned PvPoke recommendation and exact-form move pool","unchanged","Low Kick; Rage Fist; Ice Punch","https://github.com/pvpoke/pvpoke/blob/c15fb6f7e8613169740d904d6f96baa1824de480/src/data/rankings/all/overall/rankings-1500.json","2026-10-10T17:33:39.100Z"
"annihilape_shadow","Annihilape (Shadow)","true","","GL","","39","38","","true","Low Kick","Rage Fist","Ice Punch","Rage Fist","Matched pinned PvPoke recommendation and exact-form move pool","unchanged","Low Kick; Rage Fist; Ice Punch","https://github.com/pvpoke/pvpoke/blob/c15fb6f7e8613169740d904d6f96baa1824de480/src/data/rankings/all/overall/rankings-1500.json","2026-10-10T17:33:39.100Z"
"araquanid","Araquanid","false","","GL","","18","16","","true","Infestation","Water Pulse","Mirror Coat","","Matched pinned PvPoke recommendation and exact-form move pool","unchanged","Infestation; Water Pulse; Mirror Coat","https://github.com/pvpoke/pvpoke/blob/c15fb6f7e8613169740d904d6f96baa1824de480/src/data/rankings/all/overall/rankings-1500.json","2026-10-10T17:33:39.100Z"
"araquanid_shadow","Araquanid (Shadow)","true","","GL","","34","30","","true","Infestation","Water Pulse","Mirror Coat","","Matched pinned PvPoke recommendation and exact-form move pool","unchanged","Infestation; Water Pulse; Mirror Coat","https://github.com/pvpoke/pvpoke/blob/c15fb6f7e8613169740d904d6f96baa1824de480/src/data/rankings/all/overall/rankings-1500.json","2026-10-10T17:33:39.100Z"
"aromatisse","Aromatisse","false","","GL","","109","117","","true","Fairy Wind","Moonblast","Psyshock","","Matched pinned PvPoke recommendation and exact-form move pool","unchanged","Fairy Wind; Moonblast; Psyshock","https://github.com/pvpoke/pvpoke/blob/c15fb6f7e8613169740d904d6f96baa1824de480/src/data/rankings/all/overall/rankings-1500.json","2026-10-10T17:33:39.100Z"
"aurorus","Aurorus","false","","GL","","154","157","","true","Powder Snow","Weather Ball (Ice)","Meteor Beam","","Matched pinned PvPoke recommendation and exact-form move pool","unchanged","Powder Snow; Weather Ball (Ice); Meteor Beam","https://github.com/pvpoke/pvpoke/blob/c15fb6f7e8613169740d904d6f96baa1824de480/src/data/rankings/all/overall/rankings-1500.json","2026-10-10T17:33:39.100Z"
"azumarill","Azumarill","false","","GL","","28","33","","true","Bubble","Ice Beam","Play Rough","","Matched pinned PvPoke recommendation and exact-form move pool","unchanged","Bubble; Ice Beam; Play Rough","https://github.com/pvpoke/pvpoke/blob/c15fb6f7e8613169740d904d6f96baa1824de480/src/data/rankings/all/overall/rankings-1500.json","2026-10-10T17:33:39.100Z"
"bastiodon","Bastiodon","false","","GL","","151","168","","true","Smack Down","Stone Edge","Flamethrower","","Matched pinned PvPoke recommendation and exact-form move pool","unchanged","Smack Down; Stone Edge; Flamethrower","https://github.com/pvpoke/pvpoke/blob/c15fb6f7e8613169740d904d6f96baa1824de480/src/data/rankings/all/overall/rankings-1500.json","2026-10-10T17:33:39.100Z"
"bellibolt","Bellibolt","false","","GL","","110","112","","true","Thunder Shock","Zap Cannon","Parabolic Charge","","Matched pinned PvPoke recommendation and exact-form move pool","unchanged","Thunder Shock; Zap Cannon; Parabolic Charge","https://github.com/pvpoke/pvpoke/blob/c15fb6f7e8613169740d904d6f96baa1824de480/src/data/rankings/all/overall/rankings-1500.json","2026-10-10T17:33:39.100Z"
"blastoise","Blastoise","false","","GL","","58","58","","true","Bite","Hydro Cannon","Skull Bash","Hydro Cannon","Matched pinned PvPoke recommendation and exact-form move pool","unchanged","Bite; Hydro Cannon; Skull Bash","https://github.com/pvpoke/pvpoke/blob/c15fb6f7e8613169740d904d6f96baa1824de480/src/data/rankings/all/overall/rankings-1500.json","2026-10-10T17:33:39.100Z"
"blastoise_shadow","Blastoise (Shadow)","true","","GL","","199","182","","true","Bite","Hydro Cannon","Skull Bash","Hydro Cannon","Matched pinned PvPoke recommendation and exact-form move pool","unchanged","Bite; Hydro Cannon; Skull Bash","https://github.com/pvpoke/pvpoke/blob/c15fb6f7e8613169740d904d6f96baa1824de480/src/data/rankings/all/overall/rankings-1500.json","2026-10-10T17:33:39.100Z"
"carbink","Carbink","false","genderless","GL","","35","47","","true","Rock Throw","Rock Slide","Moonblast","","Matched pinned PvPoke recommendation and exact-form move pool","unchanged","Rock Throw; Rock Slide; Moonblast","https://github.com/pvpoke/pvpoke/blob/c15fb6f7e8613169740d904d6f96baa1824de480/src/data/rankings/all/overall/rankings-1500.json","2026-10-10T17:33:39.100Z"
"castform_sunny","Castform (Sunny)","false","","GL","","104","105","","true","Ember","Weather Ball (Fire)","Solar Beam","","Matched pinned PvPoke recommendation and exact-form move pool","unchanged","Ember; Weather Ball (Fire); Solar Beam","https://github.com/pvpoke/pvpoke/blob/c15fb6f7e8613169740d904d6f96baa1824de480/src/data/rankings/all/overall/rankings-1500.json","2026-10-10T17:33:39.100Z"
"charizard_shadow","Charizard (Shadow)","true","","GL","","184","199","","true","Ember","Blast Burn","Air Cutter","Ember; Blast Burn","Matched pinned PvPoke recommendation and exact-form move pool","unchanged","Ember; Blast Burn; Air Cutter","https://github.com/pvpoke/pvpoke/blob/c15fb6f7e8613169740d904d6f96baa1824de480/src/data/rankings/all/overall/rankings-1500.json","2026-10-10T17:33:39.100Z"
"charjabug","Charjabug","false","","GL","","42","42","","true","Volt Switch","X-Scissor","Discharge","Volt Switch","Matched pinned PvPoke recommendation and exact-form move pool","unchanged","Volt Switch; X-Scissor; Discharge","https://github.com/pvpoke/pvpoke/blob/c15fb6f7e8613169740d904d6f96baa1824de480/src/data/rankings/all/overall/rankings-1500.json","2026-10-10T17:33:39.100Z"
"charjabug_shadow","Charjabug (Shadow)","true","","GL","","49","48","","true","Volt Switch","X-Scissor","Discharge","Volt Switch","Matched pinned PvPoke recommendation and exact-form move pool","unchanged","Volt Switch; X-Scissor; Discharge","https://github.com/pvpoke/pvpoke/blob/c15fb6f7e8613169740d904d6f96baa1824de480/src/data/rankings/all/overall/rankings-1500.json","2026-10-10T17:33:39.100Z"
"clefable","Clefable","false","","GL","","89","95","","true","Fairy Wind","Moonblast","Meteor Mash","","Matched pinned PvPoke recommendation and exact-form move pool","unchanged","Fairy Wind; Moonblast; Meteor Mash","https://github.com/pvpoke/pvpoke/blob/c15fb6f7e8613169740d904d6f96baa1824de480/src/data/rankings/all/overall/rankings-1500.json","2026-10-10T17:33:39.100Z"
"clodsire","Clodsire","false","","GL","","15","17","","true","Poison Sting","Earthquake","Stone Edge","","Matched pinned PvPoke recommendation and exact-form move pool","unchanged","Poison Sting; Earthquake; Stone Edge","https://github.com/pvpoke/pvpoke/blob/c15fb6f7e8613169740d904d6f96baa1824de480/src/data/rankings/all/overall/rankings-1500.json","2026-10-10T17:33:39.100Z"
"cofagrigus","Cofagrigus","false","","GL","","162","148","","true","Shadow Claw","Shadow Ball","Energy Ball","","Matched pinned PvPoke recommendation and exact-form move pool","unchanged","Shadow Claw; Shadow Ball; Energy Ball","https://github.com/pvpoke/pvpoke/blob/c15fb6f7e8613169740d904d6f96baa1824de480/src/data/rankings/all/overall/rankings-1500.json","2026-10-10T17:33:39.100Z"
"cofagrigus_shadow","Cofagrigus (Shadow)","true","","GL","","157","174","","true","Shadow Claw","Shadow Ball","Energy Ball","","Matched pinned PvPoke recommendation and exact-form move pool","unchanged","Shadow Claw; Shadow Ball; Energy Ball","https://github.com/pvpoke/pvpoke/blob/c15fb6f7e8613169740d904d6f96baa1824de480/src/data/rankings/all/overall/rankings-1500.json","2026-10-10T17:33:39.100Z"
"corsola_galarian","Corsola (Galarian)","false","","GL","","8","8","","true","Astonish","Night Shade","Power Gem","","Matched pinned PvPoke recommendation and exact-form move pool","unchanged","Astonish; Night Shade; Power Gem","https://github.com/pvpoke/pvpoke/blob/c15fb6f7e8613169740d904d6f96baa1824de480/src/data/rankings/all/overall/rankings-1500.json","2026-10-10T17:33:39.100Z"
"corviknight","Corviknight","false","","GL","","9","7","","true","Sand Attack","Air Cutter","Iron Head","Air Cutter; Iron Head","Matched pinned PvPoke recommendation and exact-form move pool","unchanged","Sand Attack; Air Cutter; Iron Head","https://github.com/pvpoke/pvpoke/blob/c15fb6f7e8613169740d904d6f96baa1824de480/src/data/rankings/all/overall/rankings-1500.json","2026-10-10T17:33:39.100Z"
"corviknight_shadow","Corviknight (Shadow)","true","","GL","","12","10","","true","Sand Attack","Air Cutter","Iron Head","Air Cutter; Iron Head","Matched pinned PvPoke recommendation and exact-form move pool","unchanged","Sand Attack; Air Cutter; Iron Head","https://github.com/pvpoke/pvpoke/blob/c15fb6f7e8613169740d904d6f96baa1824de480/src/data/rankings/all/overall/rankings-1500.json","2026-10-10T17:33:39.100Z"
"cradily","Cradily","false","","GL","","62","66","","true","Acid","Rock Tomb","Grass Knot","","Matched pinned PvPoke recommendation and exact-form move pool","unchanged","Acid; Rock Tomb; Grass Knot","https://github.com/pvpoke/pvpoke/blob/c15fb6f7e8613169740d904d6f96baa1824de480/src/data/rankings/all/overall/rankings-1500.json","2026-10-10T17:33:39.100Z"
"cramorant","Cramorant","false","","GL","","4","4","","true","Peck","Dive","Fly","","Matched pinned PvPoke recommendation and exact-form move pool","unchanged","Peck; Dive; Fly","https://github.com/pvpoke/pvpoke/blob/c15fb6f7e8613169740d904d6f96baa1824de480/src/data/rankings/all/overall/rankings-1500.json","2026-10-10T17:33:39.100Z"
"cresselia","Cresselia","false","female","GL","","133","122","","true","Psycho Cut","Grass Knot","Moonblast","Grass Knot","Matched pinned PvPoke recommendation and exact-form move pool","unchanged","Psycho Cut; Grass Knot; Moonblast","https://github.com/pvpoke/pvpoke/blob/c15fb6f7e8613169740d904d6f96baa1824de480/src/data/rankings/all/overall/rankings-1500.json","2026-10-10T17:33:39.100Z"
"crustle","Crustle","false","","GL","","145","144","","true","Fury Cutter","X-Scissor","Rock Wrecker","","Matched pinned PvPoke recommendation and exact-form move pool","unchanged","Fury Cutter; X-Scissor; Rock Wrecker","https://github.com/pvpoke/pvpoke/blob/c15fb6f7e8613169740d904d6f96baa1824de480/src/data/rankings/all/overall/rankings-1500.json","2026-10-10T17:33:39.100Z"
"dartrix","Dartrix","false","","GL","","186","186","","true","Peck","Brave Bird","Energy Ball","","Matched pinned PvPoke recommendation and exact-form move pool","unchanged","Peck; Brave Bird; Energy Ball","https://github.com/pvpoke/pvpoke/blob/c15fb6f7e8613169740d904d6f96baa1824de480/src/data/rankings/all/overall/rankings-1500.json","2026-10-10T17:33:39.100Z"
"deoxys_defense","Deoxys (Defense)","false","genderless","GL","","36","34","","true","Low Kick","Psycho Boost","Thunderbolt","","Matched pinned PvPoke recommendation and exact-form move pool","unchanged","Low Kick; Psycho Boost; Thunderbolt","https://github.com/pvpoke/pvpoke/blob/c15fb6f7e8613169740d904d6f96baa1824de480/src/data/rankings/all/overall/rankings-1500.json","2026-10-10T17:33:39.100Z"
"dewgong","Dewgong","false","","GL","","70","70","","true","Ice Shard","Icy Wind","Drill Run","Ice Shard; Icy Wind","Matched pinned PvPoke recommendation and exact-form move pool","unchanged","Ice Shard; Icy Wind; Drill Run","https://github.com/pvpoke/pvpoke/blob/c15fb6f7e8613169740d904d6f96baa1824de480/src/data/rankings/all/overall/rankings-1500.json","2026-10-10T17:33:39.100Z"
"dewott","Dewott","false","","GL","","194","183","","true","Fury Cutter","Aqua Tail","X-Scissor","","Matched pinned PvPoke recommendation and exact-form move pool","unchanged","Fury Cutter; Aqua Tail; X-Scissor","https://github.com/pvpoke/pvpoke/blob/c15fb6f7e8613169740d904d6f96baa1824de480/src/data/rankings/all/overall/rankings-1500.json","2026-10-10T17:33:39.100Z"
"diggersby","Diggersby","false","","GL","","71","59","","true","Mud Shot","Fire Punch","Scorching Sands","","Matched pinned PvPoke recommendation and exact-form move pool","unchanged","Mud Shot; Fire Punch; Scorching Sands","https://github.com/pvpoke/pvpoke/blob/c15fb6f7e8613169740d904d6f96baa1824de480/src/data/rankings/all/overall/rankings-1500.json","2026-10-10T17:33:39.100Z"
"dondozo","Dondozo","false","","GL","","47","49","","true","Waterfall","Surf","Outrage","","Matched pinned PvPoke recommendation and exact-form move pool","unchanged","Waterfall; Surf; Outrage","https://github.com/pvpoke/pvpoke/blob/c15fb6f7e8613169740d904d6f96baa1824de480/src/data/rankings/all/overall/rankings-1500.json","2026-10-10T17:33:39.100Z"
"doublade","Doublade","false","","GL","","77","75","","true","Shadow Claw","Sacred Sword","Iron Head","","Matched pinned PvPoke recommendation and exact-form move pool","unchanged","Shadow Claw; Sacred Sword; Iron Head","https://github.com/pvpoke/pvpoke/blob/c15fb6f7e8613169740d904d6f96baa1824de480/src/data/rankings/all/overall/rankings-1500.json","2026-10-10T17:33:39.100Z"
"dragalge","Dragalge","false","","GL","","149","149","","true","Acid","Aqua Tail","Outrage","","Matched pinned PvPoke recommendation and exact-form move pool","unchanged","Acid; Aqua Tail; Outrage","https://github.com/pvpoke/pvpoke/blob/c15fb6f7e8613169740d904d6f96baa1824de480/src/data/rankings/all/overall/rankings-1500.json","2026-10-10T17:33:39.100Z"
"dragonair","Dragonair","false","","GL","","83","86","","true","Dragon Breath","Aqua Tail","Dragon Pulse","","Matched pinned PvPoke recommendation and exact-form move pool","unchanged","Dragon Breath; Aqua Tail; Dragon Pulse","https://github.com/pvpoke/pvpoke/blob/c15fb6f7e8613169740d904d6f96baa1824de480/src/data/rankings/all/overall/rankings-1500.json","2026-10-10T17:33:39.100Z"
"dragonair_shadow","Dragonair (Shadow)","true","","GL","","63","67","","true","Dragon Breath","Wrap","Aqua Tail","","Matched pinned PvPoke recommendation and exact-form move pool","unchanged","Dragon Breath; Wrap; Aqua Tail","https://github.com/pvpoke/pvpoke/blob/c15fb6f7e8613169740d904d6f96baa1824de480/src/data/rankings/all/overall/rankings-1500.json","2026-10-10T17:33:39.100Z"
"dragonite_shadow","Dragonite (Shadow)","true","","GL","","171","191","","true","Dragon Breath","Thunder Punch","Superpower","","Matched pinned PvPoke recommendation and exact-form move pool","unchanged","Dragon Breath; Thunder Punch; Superpower","https://github.com/pvpoke/pvpoke/blob/c15fb6f7e8613169740d904d6f96baa1824de480/src/data/rankings/all/overall/rankings-1500.json","2026-10-10T17:33:39.100Z"
"drapion","Drapion","false","","GL","","124","118","","true","Poison Sting","Crunch","Aqua Tail","","Matched pinned PvPoke recommendation and exact-form move pool","unchanged","Poison Sting; Crunch; Aqua Tail","https://github.com/pvpoke/pvpoke/blob/c15fb6f7e8613169740d904d6f96baa1824de480/src/data/rankings/all/overall/rankings-1500.json","2026-10-10T17:33:39.100Z"
"drapion_shadow","Drapion (Shadow)","true","","GL","","96","100","","true","Poison Sting","Crunch","Aqua Tail","","Matched pinned PvPoke recommendation and exact-form move pool","unchanged","Poison Sting; Crunch; Aqua Tail","https://github.com/pvpoke/pvpoke/blob/c15fb6f7e8613169740d904d6f96baa1824de480/src/data/rankings/all/overall/rankings-1500.json","2026-10-10T17:33:39.100Z"
"dubwool","Dubwool","false","","GL","","152","163","","true","Take Down","Body Slam","Wild Charge","","Matched pinned PvPoke recommendation and exact-form move pool","unchanged","Take Down; Body Slam; Wild Charge","https://github.com/pvpoke/pvpoke/blob/c15fb6f7e8613169740d904d6f96baa1824de480/src/data/rankings/all/overall/rankings-1500.json","2026-10-10T17:33:39.100Z"
"dunsparce","Dunsparce","false","","GL","","97","83","","true","Bite","Drill Run","Rock Slide","","Matched pinned PvPoke recommendation and exact-form move pool","unchanged","Bite; Drill Run; Rock Slide","https://github.com/pvpoke/pvpoke/blob/c15fb6f7e8613169740d904d6f96baa1824de480/src/data/rankings/all/overall/rankings-1500.json","2026-10-10T17:33:39.100Z"
"dusclops","Dusclops","false","","GL","","78","77","","true","Hex","Ice Punch","Shadow Punch","","Matched pinned PvPoke recommendation and exact-form move pool","unchanged","Hex; Ice Punch; Shadow Punch","https://github.com/pvpoke/pvpoke/blob/c15fb6f7e8613169740d904d6f96baa1824de480/src/data/rankings/all/overall/rankings-1500.json","2026-10-10T17:33:39.100Z"
"dusclops_shadow","Dusclops (Shadow)","true","","GL","","66","71","","true","Hex","Ice Punch","Shadow Punch","","Matched pinned PvPoke recommendation and exact-form move pool","unchanged","Hex; Ice Punch; Shadow Punch","https://github.com/pvpoke/pvpoke/blob/c15fb6f7e8613169740d904d6f96baa1824de480/src/data/rankings/all/overall/rankings-1500.json","2026-10-10T17:33:39.100Z"
"dusknoir","Dusknoir","false","","GL","","105","96","","true","Astonish","Dynamic Punch","Shadow Punch","","Matched pinned PvPoke recommendation and exact-form move pool","unchanged","Astonish; Dynamic Punch; Shadow Punch","https://github.com/pvpoke/pvpoke/blob/c15fb6f7e8613169740d904d6f96baa1824de480/src/data/rankings/all/overall/rankings-1500.json","2026-10-10T17:33:39.100Z"
"dusknoir_shadow","Dusknoir (Shadow)","true","","GL","","84","76","","true","Astonish","Dynamic Punch","Shadow Punch","","Matched pinned PvPoke recommendation and exact-form move pool","unchanged","Astonish; Dynamic Punch; Shadow Punch","https://github.com/pvpoke/pvpoke/blob/c15fb6f7e8613169740d904d6f96baa1824de480/src/data/rankings/all/overall/rankings-1500.json","2026-10-10T17:33:39.100Z"
"electrode_hisuian","Electrode (Hisuian)","false","genderless","GL","","29","35","","true","Thunder Shock","Wild Charge","Energy Ball","","Matched pinned PvPoke recommendation and exact-form move pool","unchanged","Thunder Shock; Wild Charge; Energy Ball","https://github.com/pvpoke/pvpoke/blob/c15fb6f7e8613169740d904d6f96baa1824de480/src/data/rankings/all/overall/rankings-1500.json","2026-10-10T17:33:39.100Z"
"emolga","Emolga","false","","GL","","155","145","","true","Thunder Shock","Acrobatics","Discharge","","Matched pinned PvPoke recommendation and exact-form move pool","unchanged","Thunder Shock; Acrobatics; Discharge","https://github.com/pvpoke/pvpoke/blob/c15fb6f7e8613169740d904d6f96baa1824de480/src/data/rankings/all/overall/rankings-1500.json","2026-10-10T17:33:39.100Z"
"empoleon","Empoleon","false","","GL","","30","24","","true","Metal Sound","Hydro Cannon","Drill Peck","Hydro Cannon","Matched pinned PvPoke recommendation and exact-form move pool","unchanged","Metal Sound; Hydro Cannon; Drill Peck","https://github.com/pvpoke/pvpoke/blob/c15fb6f7e8613169740d904d6f96baa1824de480/src/data/rankings/all/overall/rankings-1500.json","2026-10-10T17:33:39.100Z"
"empoleon_shadow","Empoleon (Shadow)","true","","GL","","31","25","","true","Metal Sound","Hydro Cannon","Drill Peck","Hydro Cannon","Matched pinned PvPoke recommendation and exact-form move pool","unchanged","Metal Sound; Hydro Cannon; Drill Peck","https://github.com/pvpoke/pvpoke/blob/c15fb6f7e8613169740d904d6f96baa1824de480/src/data/rankings/all/overall/rankings-1500.json","2026-10-10T17:33:39.100Z"
"fearow","Fearow","false","","GL","","26","26","","true","Peck","Drill Peck","Drill Run","","Matched pinned PvPoke recommendation and exact-form move pool","unchanged","Peck; Drill Peck; Drill Run","https://github.com/pvpoke/pvpoke/blob/c15fb6f7e8613169740d904d6f96baa1824de480/src/data/rankings/all/overall/rankings-1500.json","2026-10-10T17:33:39.100Z"
"feraligatr","Feraligatr","false","","GL","","37","31","","true","Shadow Claw","Hydro Cannon","Ice Beam","Hydro Cannon","Matched pinned PvPoke recommendation and exact-form move pool","unchanged","Shadow Claw; Hydro Cannon; Ice Beam","https://github.com/pvpoke/pvpoke/blob/c15fb6f7e8613169740d904d6f96baa1824de480/src/data/rankings/all/overall/rankings-1500.json","2026-10-10T17:33:39.100Z"
"feraligatr_shadow","Feraligatr (Shadow)","true","","GL","","60","60","","true","Shadow Claw","Hydro Cannon","Ice Beam","Hydro Cannon","Matched pinned PvPoke recommendation and exact-form move pool","unchanged","Shadow Claw; Hydro Cannon; Ice Beam","https://github.com/pvpoke/pvpoke/blob/c15fb6f7e8613169740d904d6f96baa1824de480/src/data/rankings/all/overall/rankings-1500.json","2026-10-10T17:33:39.100Z"
"flamigo","Flamigo","false","","GL","","134","158","","true","Peck","Upper Hand","Brave Bird","","Matched pinned PvPoke recommendation and exact-form move pool","unchanged","Peck; Upper Hand; Brave Bird","https://github.com/pvpoke/pvpoke/blob/c15fb6f7e8613169740d904d6f96baa1824de480/src/data/rankings/all/overall/rankings-1500.json","2026-10-10T17:33:39.100Z"
"florges","Florges","false","female","GL","","10","11","","true","Fairy Wind","Chilling Water","Moonblast","Chilling Water","Matched pinned PvPoke recommendation and exact-form move pool","unchanged","Fairy Wind; Chilling Water; Moonblast","https://github.com/pvpoke/pvpoke/blob/c15fb6f7e8613169740d904d6f96baa1824de480/src/data/rankings/all/overall/rankings-1500.json","2026-10-10T17:33:39.100Z"
"forretress","Forretress","false","","GL","","67","54","","true","Volt Switch","Sand Tomb","Rock Tomb","","Matched pinned PvPoke recommendation and exact-form move pool","unchanged","Volt Switch; Sand Tomb; Rock Tomb","https://github.com/pvpoke/pvpoke/blob/c15fb6f7e8613169740d904d6f96baa1824de480/src/data/rankings/all/overall/rankings-1500.json","2026-10-10T17:33:39.100Z"
"forretress_shadow","Forretress (Shadow)","true","","GL","","54","50","","true","Volt Switch","Sand Tomb","Rock Tomb","","Matched pinned PvPoke recommendation and exact-form move pool","unchanged","Volt Switch; Sand Tomb; Rock Tomb","https://github.com/pvpoke/pvpoke/blob/c15fb6f7e8613169740d904d6f96baa1824de480/src/data/rankings/all/overall/rankings-1500.json","2026-10-10T17:33:39.100Z"
"furret","Furret","false","","GL","","50","44","","true","Sucker Punch","Swift","Trailblaze","","Matched pinned PvPoke recommendation and exact-form move pool","unchanged","Sucker Punch; Swift; Trailblaze","https://github.com/pvpoke/pvpoke/blob/c15fb6f7e8613169740d904d6f96baa1824de480/src/data/rankings/all/overall/rankings-1500.json","2026-10-10T17:33:39.100Z"
"giratina_altered_shadow","Giratina (Altered) (Shadow)","true","genderless","GL","","138","155","","true","Dragon Breath","Dragon Claw","Shadow Sneak","","Matched pinned PvPoke recommendation and exact-form move pool","unchanged","Dragon Breath; Dragon Claw; Shadow Sneak","https://github.com/pvpoke/pvpoke/blob/c15fb6f7e8613169740d904d6f96baa1824de480/src/data/rankings/all/overall/rankings-1500.json","2026-10-10T17:33:39.100Z"
"gligar","Gligar","false","","GL","","141","133","","true","Wing Attack","Night Slash","Dig","","Matched pinned PvPoke recommendation and exact-form move pool","unchanged","Wing Attack; Night Slash; Dig","https://github.com/pvpoke/pvpoke/blob/c15fb6f7e8613169740d904d6f96baa1824de480/src/data/rankings/all/overall/rankings-1500.json","2026-10-10T17:33:39.100Z"
"gligar_shadow","Gligar (Shadow)","true","","GL","","120","108","","true","Wing Attack","Night Slash","Dig","","Matched pinned PvPoke recommendation and exact-form move pool","unchanged","Wing Attack; Night Slash; Dig","https://github.com/pvpoke/pvpoke/blob/c15fb6f7e8613169740d904d6f96baa1824de480/src/data/rankings/all/overall/rankings-1500.json","2026-10-10T17:33:39.100Z"
"golisopod","Golisopod","false","","GL","","175","164","","true","Fury Cutter","X-Scissor","Aqua Jet","","Matched pinned PvPoke recommendation and exact-form move pool","unchanged","Fury Cutter; X-Scissor; Aqua Jet","https://github.com/pvpoke/pvpoke/blob/c15fb6f7e8613169740d904d6f96baa1824de480/src/data/rankings/all/overall/rankings-1500.json","2026-10-10T17:33:39.100Z"
"golisopod_shadow","Golisopod (Shadow)","true","","GL","","128","123","","true","Fury Cutter","Aqua Jet","X-Scissor","","Matched pinned PvPoke recommendation and exact-form move pool","unchanged","Fury Cutter; Aqua Jet; X-Scissor","https://github.com/pvpoke/pvpoke/blob/c15fb6f7e8613169740d904d6f96baa1824de480/src/data/rankings/all/overall/rankings-1500.json","2026-10-10T17:33:39.100Z"
"goodra","Goodra","false","","GL","","103","110","","true","Dragon Breath","Aqua Tail","Thunder Punch","Thunder Punch","Matched pinned PvPoke recommendation and exact-form move pool","unchanged","Dragon Breath; Aqua Tail; Thunder Punch","https://github.com/pvpoke/pvpoke/blob/c15fb6f7e8613169740d904d6f96baa1824de480/src/data/rankings/all/overall/rankings-1500.json","2026-10-10T17:33:39.100Z"
"gourgeist_average","Gourgeist (Average)","false","","GL","","94","97","","true","Incinerate","Shadow Ball","Seed Bomb","","Matched pinned PvPoke recommendation and exact-form move pool","unchanged","Incinerate; Shadow Ball; Seed Bomb","https://github.com/pvpoke/pvpoke/blob/c15fb6f7e8613169740d904d6f96baa1824de480/src/data/rankings/all/overall/rankings-1500.json","2026-10-10T17:33:39.100Z"
"gourgeist_large","Gourgeist (Large)","false","","GL","","86","87","","true","Incinerate","Shadow Ball","Seed Bomb","","Matched pinned PvPoke recommendation and exact-form move pool","unchanged","Incinerate; Shadow Ball; Seed Bomb","https://github.com/pvpoke/pvpoke/blob/c15fb6f7e8613169740d904d6f96baa1824de480/src/data/rankings/all/overall/rankings-1500.json","2026-10-10T17:33:39.100Z"
"gourgeist_small","Gourgeist (Small)","false","","GL","","99","103","","true","Incinerate","Shadow Ball","Seed Bomb","","Matched pinned PvPoke recommendation and exact-form move pool","unchanged","Incinerate; Shadow Ball; Seed Bomb","https://github.com/pvpoke/pvpoke/blob/c15fb6f7e8613169740d904d6f96baa1824de480/src/data/rankings/all/overall/rankings-1500.json","2026-10-10T17:33:39.100Z"
"gourgeist_super","Gourgeist (Super)","false","","GL","","90","91","","true","Incinerate","Shadow Ball","Seed Bomb","","Matched pinned PvPoke recommendation and exact-form move pool","unchanged","Incinerate; Shadow Ball; Seed Bomb","https://github.com/pvpoke/pvpoke/blob/c15fb6f7e8613169740d904d6f96baa1824de480/src/data/rankings/all/overall/rankings-1500.json","2026-10-10T17:33:39.100Z"
"greninja","Greninja","false","","GL","","195","192","","true","Water Shuriken","Hydro Cannon","Brutal Swing","Hydro Cannon","Matched pinned PvPoke recommendation and exact-form move pool","unchanged","Water Shuriken; Hydro Cannon; Brutal Swing","https://github.com/pvpoke/pvpoke/blob/c15fb6f7e8613169740d904d6f96baa1824de480/src/data/rankings/all/overall/rankings-1500.json","2026-10-10T17:33:39.100Z"
"greninja_shadow","Greninja (Shadow)","true","","GL","","139","131","","true","Water Shuriken","Hydro Cannon","Brutal Swing","Hydro Cannon","Matched pinned PvPoke recommendation and exact-form move pool","unchanged","Water Shuriken; Hydro Cannon; Brutal Swing","https://github.com/pvpoke/pvpoke/blob/c15fb6f7e8613169740d904d6f96baa1824de480/src/data/rankings/all/overall/rankings-1500.json","2026-10-10T17:33:39.100Z"
"grumpig","Grumpig","false","","GL","","87","92","","true","Psywave","Dynamic Punch","Shadow Ball","","Matched pinned PvPoke recommendation and exact-form move pool","unchanged","Psywave; Dynamic Punch; Shadow Ball","https://github.com/pvpoke/pvpoke/blob/c15fb6f7e8613169740d904d6f96baa1824de480/src/data/rankings/all/overall/rankings-1500.json","2026-10-10T17:33:39.100Z"
"grumpig_shadow","Grumpig (Shadow)","true","","GL","","185","202","","true","Psywave","Dynamic Punch","Mirror Coat","","Matched pinned PvPoke recommendation and exact-form move pool","unchanged","Psywave; Dynamic Punch; Mirror Coat","https://github.com/pvpoke/pvpoke/blob/c15fb6f7e8613169740d904d6f96baa1824de480/src/data/rankings/all/overall/rankings-1500.json","2026-10-10T17:33:39.100Z"
"guzzlord","Guzzlord","false","genderless","GL","","43","45","","true","Dragon Tail","Brutal Swing","Sludge Bomb","","Matched pinned PvPoke recommendation and exact-form move pool","unchanged","Dragon Tail; Brutal Swing; Sludge Bomb","https://github.com/pvpoke/pvpoke/blob/c15fb6f7e8613169740d904d6f96baa1824de480/src/data/rankings/all/overall/rankings-1500.json","2026-10-10T17:33:39.100Z"
"hakamo_o","Hakamo-o","false","","GL","","176","193","","true","Dragon Tail","Brick Break","Rock Tomb","","Matched pinned PvPoke recommendation and exact-form move pool","unchanged","Dragon Tail; Brick Break; Rock Tomb","https://github.com/pvpoke/pvpoke/blob/c15fb6f7e8613169740d904d6f96baa1824de480/src/data/rankings/all/overall/rankings-1500.json","2026-10-10T17:33:39.100Z"
"hippowdon","Hippowdon","false","","GL","","52","51","","true","Sand Attack","Weather Ball (Rock)","Earth Power","","Matched pinned PvPoke recommendation and exact-form move pool","unchanged","Sand Attack; Weather Ball (Rock); Earth Power","https://github.com/pvpoke/pvpoke/blob/c15fb6f7e8613169740d904d6f96baa1824de480/src/data/rankings/all/overall/rankings-1500.json","2026-10-10T17:33:39.100Z"
"hippowdon_shadow","Hippowdon (Shadow)","true","","GL","","59","61","","true","Sand Attack","Weather Ball (Rock)","Earth Power","","Matched pinned PvPoke recommendation and exact-form move pool","unchanged","Sand Attack; Weather Ball (Rock); Earth Power","https://github.com/pvpoke/pvpoke/blob/c15fb6f7e8613169740d904d6f96baa1824de480/src/data/rankings/all/overall/rankings-1500.json","2026-10-10T17:33:39.100Z"
"houndoom_shadow","Houndoom (Shadow)","true","","GL","","131","146","","true","Incinerate","Foul Play","Trailblaze","","Matched pinned PvPoke recommendation and exact-form move pool","unchanged","Incinerate; Foul Play; Trailblaze","https://github.com/pvpoke/pvpoke/blob/c15fb6f7e8613169740d904d6f96baa1824de480/src/data/rankings/all/overall/rankings-1500.json","2026-10-10T17:33:39.100Z"
"hydreigon","Hydreigon","false","","GL","","73","74","","true","Dragon Breath","Brutal Swing","Fly","Brutal Swing","Matched pinned PvPoke recommendation and exact-form move pool","unchanged","Dragon Breath; Brutal Swing; Fly","https://github.com/pvpoke/pvpoke/blob/c15fb6f7e8613169740d904d6f96baa1824de480/src/data/rankings/all/overall/rankings-1500.json","2026-10-10T17:33:39.100Z"
"hydreigon_shadow","Hydreigon (Shadow)","true","","GL","","16","18","","true","Dragon Breath","Brutal Swing","Fly","Brutal Swing","Matched pinned PvPoke recommendation and exact-form move pool","unchanged","Dragon Breath; Brutal Swing; Fly","https://github.com/pvpoke/pvpoke/blob/c15fb6f7e8613169740d904d6f96baa1824de480/src/data/rankings/all/overall/rankings-1500.json","2026-10-10T17:33:39.100Z"
"jellicent","Jellicent","false","","GL","","19","23","","true","Hex","Surf","Shadow Ball","","Matched pinned PvPoke recommendation and exact-form move pool","unchanged","Hex; Surf; Shadow Ball","https://github.com/pvpoke/pvpoke/blob/c15fb6f7e8613169740d904d6f96baa1824de480/src/data/rankings/all/overall/rankings-1500.json","2026-10-10T17:33:39.100Z"
"jumpluff","Jumpluff","false","","GL","","55","56","","true","Fairy Wind","Energy Ball","Acrobatics","Acrobatics","Matched pinned PvPoke recommendation and exact-form move pool","unchanged","Fairy Wind; Energy Ball; Acrobatics","https://github.com/pvpoke/pvpoke/blob/c15fb6f7e8613169740d904d6f96baa1824de480/src/data/rankings/all/overall/rankings-1500.json","2026-10-10T17:33:39.100Z"
"jumpluff_shadow","Jumpluff (Shadow)","true","","GL","","85","81","","true","Fairy Wind","Energy Ball","Acrobatics","Acrobatics","Matched pinned PvPoke recommendation and exact-form move pool","unchanged","Fairy Wind; Energy Ball; Acrobatics","https://github.com/pvpoke/pvpoke/blob/c15fb6f7e8613169740d904d6f96baa1824de480/src/data/rankings/all/overall/rankings-1500.json","2026-10-10T17:33:39.100Z"
"kingdra","Kingdra","false","","GL","","56","57","","true","Dragon Breath","Surf","Swift","","Matched pinned PvPoke recommendation and exact-form move pool","unchanged","Dragon Breath; Surf; Swift","https://github.com/pvpoke/pvpoke/blob/c15fb6f7e8613169740d904d6f96baa1824de480/src/data/rankings/all/overall/rankings-1500.json","2026-10-10T17:33:39.100Z"
"kingdra_shadow","Kingdra (Shadow)","true","","GL","","57","62","","true","Dragon Breath","Surf","Swift","","Matched pinned PvPoke recommendation and exact-form move pool","unchanged","Dragon Breath; Surf; Swift","https://github.com/pvpoke/pvpoke/blob/c15fb6f7e8613169740d904d6f96baa1824de480/src/data/rankings/all/overall/rankings-1500.json","2026-10-10T17:33:39.100Z"
"klefki","Klefki","false","","GL","","146","139","","true","Astonish","Foul Play","Draining Kiss","","Matched pinned PvPoke recommendation and exact-form move pool","unchanged","Astonish; Foul Play; Draining Kiss","https://github.com/pvpoke/pvpoke/blob/c15fb6f7e8613169740d904d6f96baa1824de480/src/data/rankings/all/overall/rankings-1500.json","2026-10-10T17:33:39.100Z"
"kommo_o","Kommo-o","false","","GL","","140","169","","true","Dragon Tail","Clanging Scales","Upper Hand","Clanging Scales","Matched pinned PvPoke recommendation and exact-form move pool","unchanged","Dragon Tail; Clanging Scales; Upper Hand","https://github.com/pvpoke/pvpoke/blob/c15fb6f7e8613169740d904d6f96baa1824de480/src/data/rankings/all/overall/rankings-1500.json","2026-10-10T17:33:39.100Z"
"lapras","Lapras","false","","GL","","38","39","","true","Psywave","Sparkling Aria","Ice Beam","Ice Beam","Matched pinned PvPoke recommendation and exact-form move pool","unchanged","Psywave; Sparkling Aria; Ice Beam","https://github.com/pvpoke/pvpoke/blob/c15fb6f7e8613169740d904d6f96baa1824de480/src/data/rankings/all/overall/rankings-1500.json","2026-10-10T17:33:39.100Z"
"lapras_shadow","Lapras (Shadow)","true","","GL","","61","63","","true","Psywave","Sparkling Aria","Ice Beam","Ice Beam","Matched pinned PvPoke recommendation and exact-form move pool","unchanged","Psywave; Sparkling Aria; Ice Beam","https://github.com/pvpoke/pvpoke/blob/c15fb6f7e8613169740d904d6f96baa1824de480/src/data/rankings/all/overall/rankings-1500.json","2026-10-10T17:33:39.100Z"
"latias","Latias","false","female","GL","","168","184","","true","Dragon Breath","Aura Sphere","Mist Ball","Mist Ball","Matched pinned PvPoke recommendation and exact-form move pool","unchanged","Dragon Breath; Aura Sphere; Mist Ball","https://github.com/pvpoke/pvpoke/blob/c15fb6f7e8613169740d904d6f96baa1824de480/src/data/rankings/all/overall/rankings-1500.json","2026-10-10T17:33:39.100Z"
"ledian","Ledian","false","","GL","","169","150","","true","Rollout","Dynamic Punch","Acrobatics","","Matched pinned PvPoke recommendation and exact-form move pool","unchanged","Rollout; Dynamic Punch; Acrobatics","https://github.com/pvpoke/pvpoke/blob/c15fb6f7e8613169740d904d6f96baa1824de480/src/data/rankings/all/overall/rankings-1500.json","2026-10-10T17:33:39.100Z"
"lickilicky","Lickilicky","false","","GL","","142","129","","true","Rollout","Body Slam","Shadow Ball","Body Slam","Matched pinned PvPoke recommendation and exact-form move pool","unchanged","Rollout; Body Slam; Shadow Ball","https://github.com/pvpoke/pvpoke/blob/c15fb6f7e8613169740d904d6f96baa1824de480/src/data/rankings/all/overall/rankings-1500.json","2026-10-10T17:33:39.100Z"
"lopunny","Lopunny","false","","GL","","187","197","","true","Low Kick","Thunder Punch","Triple Axel","","Matched pinned PvPoke recommendation and exact-form move pool","unchanged","Low Kick; Thunder Punch; Triple Axel","https://github.com/pvpoke/pvpoke/blob/c15fb6f7e8613169740d904d6f96baa1824de480/src/data/rankings/all/overall/rankings-1500.json","2026-10-10T17:33:39.100Z"
"ludicolo","Ludicolo","false","","GL","","179","178","","true","Astonish","Weather Ball (Water)","Energy Ball","","Matched pinned PvPoke recommendation and exact-form move pool","unchanged","Astonish; Weather Ball (Water); Energy Ball","https://github.com/pvpoke/pvpoke/blob/c15fb6f7e8613169740d904d6f96baa1824de480/src/data/rankings/all/overall/rankings-1500.json","2026-10-10T17:33:39.100Z"
"lumineon","Lumineon","false","","GL","","196","188","","true","Gust","Aqua Tail","Silver Wind","","Matched pinned PvPoke recommendation and exact-form move pool","unchanged","Gust; Aqua Tail; Silver Wind","https://github.com/pvpoke/pvpoke/blob/c15fb6f7e8613169740d904d6f96baa1824de480/src/data/rankings/all/overall/rankings-1500.json","2026-10-10T17:33:39.100Z"
"machamp_shadow","Machamp (Shadow)","true","","GL","","191","194","","true","Karate Chop","Cross Chop","Rock Slide","Karate Chop","Matched pinned PvPoke recommendation and exact-form move pool","unchanged","Karate Chop; Cross Chop; Rock Slide","https://github.com/pvpoke/pvpoke/blob/c15fb6f7e8613169740d904d6f96baa1824de480/src/data/rankings/all/overall/rankings-1500.json","2026-10-10T17:33:39.100Z"
"malamar","Malamar","false","","GL","","44","43","","true","Psywave","Superpower","Foul Play","","Matched pinned PvPoke recommendation and exact-form move pool","unchanged","Psywave; Superpower; Foul Play","https://github.com/pvpoke/pvpoke/blob/c15fb6f7e8613169740d904d6f96baa1824de480/src/data/rankings/all/overall/rankings-1500.json","2026-10-10T17:33:39.100Z"
"malamar_shadow","Malamar (Shadow)","true","","GL","","45","46","","true","Psywave","Foul Play","Superpower","","Matched pinned PvPoke recommendation and exact-form move pool","unchanged","Psywave; Foul Play; Superpower","https://github.com/pvpoke/pvpoke/blob/c15fb6f7e8613169740d904d6f96baa1824de480/src/data/rankings/all/overall/rankings-1500.json","2026-10-10T17:33:39.100Z"
"mandibuzz","Mandibuzz","false","female","GL","","51","52","","true","Snarl","Dark Pulse","Shadow Ball","","Matched pinned PvPoke recommendation and exact-form move pool","unchanged","Snarl; Dark Pulse; Shadow Ball","https://github.com/pvpoke/pvpoke/blob/c15fb6f7e8613169740d904d6f96baa1824de480/src/data/rankings/all/overall/rankings-1500.json","2026-10-10T17:33:39.100Z"
"mantine","Mantine","false","","GL","","32","27","","true","Wing Attack","Twister","Water Pulse","","Matched pinned PvPoke recommendation and exact-form move pool","unchanged","Wing Attack; Twister; Water Pulse","https://github.com/pvpoke/pvpoke/blob/c15fb6f7e8613169740d904d6f96baa1824de480/src/data/rankings/all/overall/rankings-1500.json","2026-10-10T17:33:39.100Z"
"marowak","Marowak","false","","GL","","23","20","","true","Mud Slap","Bone Club","Rock Slide","","Matched pinned PvPoke recommendation and exact-form move pool","unchanged","Mud Slap; Bone Club; Rock Slide","https://github.com/pvpoke/pvpoke/blob/c15fb6f7e8613169740d904d6f96baa1824de480/src/data/rankings/all/overall/rankings-1500.json","2026-10-10T17:33:39.100Z"
"marowak_alolan","Marowak (Alolan)","false","","GL","","177","170","","true","Fire Spin","Bone Club","Shadow Bone","Shadow Bone","Matched pinned PvPoke recommendation and exact-form move pool","unchanged","Fire Spin; Bone Club; Shadow Bone","https://github.com/pvpoke/pvpoke/blob/c15fb6f7e8613169740d904d6f96baa1824de480/src/data/rankings/all/overall/rankings-1500.json","2026-10-10T17:33:39.100Z"
"marowak_alolan_shadow","Marowak (Alolan) (Shadow)","true","","GL","","180","176","","true","Fire Spin","Shadow Bone","Bone Club","Shadow Bone","Matched pinned PvPoke recommendation and exact-form move pool","unchanged","Fire Spin; Shadow Bone; Bone Club","https://github.com/pvpoke/pvpoke/blob/c15fb6f7e8613169740d904d6f96baa1824de480/src/data/rankings/all/overall/rankings-1500.json","2026-10-10T17:33:39.100Z"
"marowak_shadow","Marowak (Shadow)","true","","GL","","79","82","","true","Mud Slap","Bone Club","Rock Slide","","Matched pinned PvPoke recommendation and exact-form move pool","unchanged","Mud Slap; Bone Club; Rock Slide","https://github.com/pvpoke/pvpoke/blob/c15fb6f7e8613169740d904d6f96baa1824de480/src/data/rankings/all/overall/rankings-1500.json","2026-10-10T17:33:39.100Z"
"maushold","Maushold","false","genderless","GL","","182","177","","true","Take Down","Swift","Crunch","","Matched pinned PvPoke recommendation and exact-form move pool","unchanged","Take Down; Swift; Crunch","https://github.com/pvpoke/pvpoke/blob/c15fb6f7e8613169740d904d6f96baa1824de480/src/data/rankings/all/overall/rankings-1500.json","2026-10-10T17:33:39.100Z"
"mawile","Mawile","false","","GL","","163","151","","true","Fairy Wind","Vise Grip","Iron Head","","Matched pinned PvPoke recommendation and exact-form move pool","unchanged","Fairy Wind; Vise Grip; Iron Head","https://github.com/pvpoke/pvpoke/blob/c15fb6f7e8613169740d904d6f96baa1824de480/src/data/rankings/all/overall/rankings-1500.json","2026-10-10T17:33:39.100Z"
"medicham","Medicham","false","","GL","","53","55","","true","Psycho Cut","Ice Punch","Dynamic Punch","","Matched pinned PvPoke recommendation and exact-form move pool","unchanged","Psycho Cut; Ice Punch; Dynamic Punch","https://github.com/pvpoke/pvpoke/blob/c15fb6f7e8613169740d904d6f96baa1824de480/src/data/rankings/all/overall/rankings-1500.json","2026-10-10T17:33:39.100Z"
"melmetal","Melmetal","false","genderless","GL","","1","1","","true","Thunder Shock","Double Iron Bash","Dynamic Punch","Double Iron Bash","Matched pinned PvPoke recommendation and exact-form move pool","unchanged","Thunder Shock; Double Iron Bash; Dynamic Punch","https://github.com/pvpoke/pvpoke/blob/c15fb6f7e8613169740d904d6f96baa1824de480/src/data/rankings/all/overall/rankings-1500.json","2026-10-10T17:33:39.100Z"
"metang","Metang","false","genderless","GL","","150","165","","true","Fury Cutter","Psyshock","Gyro Ball","","Matched pinned PvPoke recommendation and exact-form move pool","unchanged","Fury Cutter; Psyshock; Gyro Ball","https://github.com/pvpoke/pvpoke/blob/c15fb6f7e8613169740d904d6f96baa1824de480/src/data/rankings/all/overall/rankings-1500.json","2026-10-10T17:33:39.100Z"
"metang_shadow","Metang (Shadow)","true","genderless","GL","","147","159","","true","Fury Cutter","Psyshock","Gyro Ball","","Matched pinned PvPoke recommendation and exact-form move pool","unchanged","Fury Cutter; Psyshock; Gyro Ball","https://github.com/pvpoke/pvpoke/blob/c15fb6f7e8613169740d904d6f96baa1824de480/src/data/rankings/all/overall/rankings-1500.json","2026-10-10T17:33:39.100Z"
"milotic","Milotic","false","","GL","","143","128","","true","Waterfall","Aqua Tail","Wrap","","Matched pinned PvPoke recommendation and exact-form move pool","unchanged","Waterfall; Aqua Tail; Wrap","https://github.com/pvpoke/pvpoke/blob/c15fb6f7e8613169740d904d6f96baa1824de480/src/data/rankings/all/overall/rankings-1500.json","2026-10-10T17:33:39.100Z"
"milotic_shadow","Milotic (Shadow)","true","","GL","","164","147","","true","Waterfall","Aqua Tail","Wrap","","Matched pinned PvPoke recommendation and exact-form move pool","unchanged","Waterfall; Aqua Tail; Wrap","https://github.com/pvpoke/pvpoke/blob/c15fb6f7e8613169740d904d6f96baa1824de480/src/data/rankings/all/overall/rankings-1500.json","2026-10-10T17:33:39.100Z"
"miltank","Miltank","false","female","GL","","115","111","","true","Rollout","Body Slam","High Horsepower","","Matched pinned PvPoke recommendation and exact-form move pool","unchanged","Rollout; Body Slam; High Horsepower","https://github.com/pvpoke/pvpoke/blob/c15fb6f7e8613169740d904d6f96baa1824de480/src/data/rankings/all/overall/rankings-1500.json","2026-10-10T17:33:39.100Z"
"mimikyu","Mimikyu","false","","GL","","5","6","","true","Shadow Claw","Shadow Sneak","Play Rough","","Matched pinned PvPoke recommendation and exact-form move pool","unchanged","Shadow Claw; Shadow Sneak; Play Rough","https://github.com/pvpoke/pvpoke/blob/c15fb6f7e8613169740d904d6f96baa1824de480/src/data/rankings/all/overall/rankings-1500.json","2026-10-10T17:33:39.100Z"
"moltres_galarian","Moltres (Galarian)","false","genderless","GL","","69","72","","true","Sucker Punch","Fly","Brave Bird","","Matched pinned PvPoke recommendation and exact-form move pool","unchanged","Sucker Punch; Fly; Brave Bird","https://github.com/pvpoke/pvpoke/blob/c15fb6f7e8613169740d904d6f96baa1824de480/src/data/rankings/all/overall/rankings-1500.json","2026-10-10T17:33:39.100Z"
"morgrem","Morgrem","false","male","GL","","117","124","","true","Sucker Punch","Foul Play","Play Rough","","Matched pinned PvPoke recommendation and exact-form move pool","unchanged","Sucker Punch; Foul Play; Play Rough","https://github.com/pvpoke/pvpoke/blob/c15fb6f7e8613169740d904d6f96baa1824de480/src/data/rankings/all/overall/rankings-1500.json","2026-10-10T17:33:39.100Z"
"morpeko_full_belly","Morpeko (Full Belly)","false","","GL","","48","53","","true","Thunder Shock","Aura Wheel","Psychic Fangs","","Matched pinned PvPoke recommendation and exact-form move pool","unchanged","Thunder Shock; Aura Wheel; Psychic Fangs","https://github.com/pvpoke/pvpoke/blob/c15fb6f7e8613169740d904d6f96baa1824de480/src/data/rankings/all/overall/rankings-1500.json","2026-10-10T17:33:39.100Z"
"muk_alolan","Muk (Alolan)","false","","GL","","106","101","","true","Poison Jab","Brutal Swing","Ice Punch","","Matched pinned PvPoke recommendation and exact-form move pool","unchanged","Poison Jab; Brutal Swing; Ice Punch","https://github.com/pvpoke/pvpoke/blob/c15fb6f7e8613169740d904d6f96baa1824de480/src/data/rankings/all/overall/rankings-1500.json","2026-10-10T17:33:39.100Z"
"muk_alolan_shadow","Muk (Alolan) (Shadow)","true","","GL","","118","113","","true","Poison Jab","Brutal Swing","Ice Punch","","Matched pinned PvPoke recommendation and exact-form move pool","unchanged","Poison Jab; Brutal Swing; Ice Punch","https://github.com/pvpoke/pvpoke/blob/c15fb6f7e8613169740d904d6f96baa1824de480/src/data/rankings/all/overall/rankings-1500.json","2026-10-10T17:33:39.100Z"
"murkrow_shadow","Murkrow (Shadow)","true","","GL","","119","126","","true","Peck","Drill Peck","Foul Play","","Matched pinned PvPoke recommendation and exact-form move pool","unchanged","Peck; Drill Peck; Foul Play","https://github.com/pvpoke/pvpoke/blob/c15fb6f7e8613169740d904d6f96baa1824de480/src/data/rankings/all/overall/rankings-1500.json","2026-10-10T17:33:39.100Z"
"ninetales","Ninetales","false","","GL","","14","13","","true","Ember","Weather Ball (Fire)","Energy Ball","Ember; Energy Ball","Matched pinned PvPoke recommendation and exact-form move pool","unchanged","Ember; Weather Ball (Fire); Energy Ball","https://github.com/pvpoke/pvpoke/blob/c15fb6f7e8613169740d904d6f96baa1824de480/src/data/rankings/all/overall/rankings-1500.json","2026-10-10T17:33:39.100Z"
"ninetales_alolan","Ninetales (Alolan)","false","","GL","","68","68","","true","Powder Snow","Weather Ball (Ice)","Chilling Water","Chilling Water","Matched pinned PvPoke recommendation and exact-form move pool","unchanged","Powder Snow; Weather Ball (Ice); Chilling Water","https://github.com/pvpoke/pvpoke/blob/c15fb6f7e8613169740d904d6f96baa1824de480/src/data/rankings/all/overall/rankings-1500.json","2026-10-10T17:33:39.100Z"
"ninetales_alolan_shadow","Ninetales (Alolan) (Shadow)","true","","GL","","72","73","","true","Powder Snow","Weather Ball (Ice)","Chilling Water","Chilling Water","Matched pinned PvPoke recommendation and exact-form move pool","unchanged","Powder Snow; Weather Ball (Ice); Chilling Water","https://github.com/pvpoke/pvpoke/blob/c15fb6f7e8613169740d904d6f96baa1824de480/src/data/rankings/all/overall/rankings-1500.json","2026-10-10T17:33:39.100Z"
"ninetales_shadow","Ninetales (Shadow)","true","","GL","","3","3","","true","Ember","Weather Ball (Fire)","Energy Ball","Ember; Energy Ball","Matched pinned PvPoke recommendation and exact-form move pool","unchanged","Ember; Weather Ball (Fire); Energy Ball","https://github.com/pvpoke/pvpoke/blob/c15fb6f7e8613169740d904d6f96baa1824de480/src/data/rankings/all/overall/rankings-1500.json","2026-10-10T17:33:39.100Z"
"oinkologne_female","Oinkologne (Female)","false","female","GL","","114","114","","true","Take Down","Body Slam","Trailblaze","","Matched pinned PvPoke recommendation and exact-form move pool","unchanged","Take Down; Body Slam; Trailblaze","https://github.com/pvpoke/pvpoke/blob/c15fb6f7e8613169740d904d6f96baa1824de480/src/data/rankings/all/overall/rankings-1500.json","2026-10-10T17:33:39.100Z"
"oranguru","Oranguru","false","","GL","","95","98","","true","Confusion","Brutal Swing","Trailblaze","","Matched pinned PvPoke recommendation and exact-form move pool","unchanged","Confusion; Brutal Swing; Trailblaze","https://github.com/pvpoke/pvpoke/blob/c15fb6f7e8613169740d904d6f96baa1824de480/src/data/rankings/all/overall/rankings-1500.json","2026-10-10T17:33:39.100Z"
"orthworm","Orthworm","false","","GL","","153","135","","true","Mud Slap","Rock Tomb","Iron Head","","Matched pinned PvPoke recommendation and exact-form move pool","unchanged","Mud Slap; Rock Tomb; Iron Head","https://github.com/pvpoke/pvpoke/blob/c15fb6f7e8613169740d904d6f96baa1824de480/src/data/rankings/all/overall/rankings-1500.json","2026-10-10T17:33:39.100Z"
"pachirisu","Pachirisu","false","","GL","","64","65","","true","Volt Switch","Thunderbolt","Thunder Punch","","Matched pinned PvPoke recommendation and exact-form move pool","unchanged","Volt Switch; Thunderbolt; Thunder Punch","https://github.com/pvpoke/pvpoke/blob/c15fb6f7e8613169740d904d6f96baa1824de480/src/data/rankings/all/overall/rankings-1500.json","2026-10-10T17:33:39.100Z"
"pelipper","Pelipper","false","","GL","","116","120","","true","Wing Attack","Weather Ball (Water)","Hurricane","","Matched pinned PvPoke recommendation and exact-form move pool","unchanged","Wing Attack; Weather Ball (Water); Hurricane","https://github.com/pvpoke/pvpoke/blob/c15fb6f7e8613169740d904d6f96baa1824de480/src/data/rankings/all/overall/rankings-1500.json","2026-10-10T17:33:39.100Z"
"persian","Persian","false","","GL","","121","119","","true","Scratch","Night Slash","Power Gem","Night Slash","Matched pinned PvPoke recommendation and exact-form move pool","unchanged","Scratch; Night Slash; Power Gem","https://github.com/pvpoke/pvpoke/blob/c15fb6f7e8613169740d904d6f96baa1824de480/src/data/rankings/all/overall/rankings-1500.json","2026-10-10T17:33:39.100Z"
"persian_shadow","Persian (Shadow)","true","","GL","","156","152","","true","Scratch","Night Slash","Power Gem","Night Slash","Matched pinned PvPoke recommendation and exact-form move pool","unchanged","Scratch; Night Slash; Power Gem","https://github.com/pvpoke/pvpoke/blob/c15fb6f7e8613169740d904d6f96baa1824de480/src/data/rankings/all/overall/rankings-1500.json","2026-10-10T17:33:39.100Z"
"piloswine","Piloswine","false","","GL","","125","130","","true","Powder Snow","Icicle Spear","High Horsepower","","Matched pinned PvPoke recommendation and exact-form move pool","unchanged","Powder Snow; Icicle Spear; High Horsepower","https://github.com/pvpoke/pvpoke/blob/c15fb6f7e8613169740d904d6f96baa1824de480/src/data/rankings/all/overall/rankings-1500.json","2026-10-10T17:33:39.100Z"
"politoed","Politoed","false","","GL","","158","140","","true","Mud Shot","Weather Ball (Water)","Ice Beam","Ice Beam","Matched pinned PvPoke recommendation and exact-form move pool","unchanged","Mud Shot; Weather Ball (Water); Ice Beam","https://github.com/pvpoke/pvpoke/blob/c15fb6f7e8613169740d904d6f96baa1824de480/src/data/rankings/all/overall/rankings-1500.json","2026-10-10T17:33:39.100Z"
"politoed_shadow","Politoed (Shadow)","true","","GL","","136","127","","true","Mud Shot","Weather Ball (Water)","Ice Beam","Ice Beam","Matched pinned PvPoke recommendation and exact-form move pool","unchanged","Mud Shot; Weather Ball (Water); Ice Beam","https://github.com/pvpoke/pvpoke/blob/c15fb6f7e8613169740d904d6f96baa1824de480/src/data/rankings/all/overall/rankings-1500.json","2026-10-10T17:33:39.100Z"
"poliwrath","Poliwrath","false","","GL","","188","201","","true","Mud Shot","Icy Wind","Dynamic Punch","","Matched pinned PvPoke recommendation and exact-form move pool","unchanged","Mud Shot; Icy Wind; Dynamic Punch","https://github.com/pvpoke/pvpoke/blob/c15fb6f7e8613169740d904d6f96baa1824de480/src/data/rankings/all/overall/rankings-1500.json","2026-10-10T17:33:39.100Z"
"quagsire","Quagsire","false","","GL","","13","14","","true","Mud Shot","Aqua Tail","Stone Edge","Aqua Tail","Matched pinned PvPoke recommendation and exact-form move pool","unchanged","Mud Shot; Aqua Tail; Stone Edge","https://github.com/pvpoke/pvpoke/blob/c15fb6f7e8613169740d904d6f96baa1824de480/src/data/rankings/all/overall/rankings-1500.json","2026-10-10T17:33:39.100Z"
"quagsire_shadow","Quagsire (Shadow)","true","","GL","","11","12","","true","Mud Shot","Aqua Tail","Stone Edge","Aqua Tail","Matched pinned PvPoke recommendation and exact-form move pool","unchanged","Mud Shot; Aqua Tail; Stone Edge","https://github.com/pvpoke/pvpoke/blob/c15fb6f7e8613169740d904d6f96baa1824de480/src/data/rankings/all/overall/rankings-1500.json","2026-10-10T17:33:39.100Z"
"qwilfish_hisuian","Qwilfish (Hisuian)","false","","GL","","183","171","","true","Poison Sting","Aqua Tail","Dark Pulse","","Matched pinned PvPoke recommendation and exact-form move pool","unchanged","Poison Sting; Aqua Tail; Dark Pulse","https://github.com/pvpoke/pvpoke/blob/c15fb6f7e8613169740d904d6f96baa1824de480/src/data/rankings/all/overall/rankings-1500.json","2026-10-10T17:33:39.100Z"
"qwilfish_shadow","Qwilfish (Shadow)","true","","GL","","172","172","","true","Poison Sting","Aqua Tail","Shadow Ball","","Matched pinned PvPoke recommendation and exact-form move pool","unchanged","Poison Sting; Aqua Tail; Shadow Ball","https://github.com/pvpoke/pvpoke/blob/c15fb6f7e8613169740d904d6f96baa1824de480/src/data/rankings/all/overall/rankings-1500.json","2026-10-10T17:33:39.100Z"
"raichu","Raichu","false","","GL","","148","173","","true","Volt Switch","Volt Tackle","Trailblaze","","Matched pinned PvPoke recommendation and exact-form move pool","unchanged","Volt Switch; Volt Tackle; Trailblaze","https://github.com/pvpoke/pvpoke/blob/c15fb6f7e8613169740d904d6f96baa1824de480/src/data/rankings/all/overall/rankings-1500.json","2026-10-10T17:33:39.100Z"
"raikou","Raikou","false","genderless","GL","","165","160","","true","Thunder Shock","Wild Charge","Aura Sphere","","Matched pinned PvPoke recommendation and exact-form move pool","unchanged","Thunder Shock; Wild Charge; Aura Sphere","https://github.com/pvpoke/pvpoke/blob/c15fb6f7e8613169740d904d6f96baa1824de480/src/data/rankings/all/overall/rankings-1500.json","2026-10-10T17:33:39.100Z"
"regidrago","Regidrago","false","genderless","GL","","93","94","","true","Dragon Breath","Dragon Energy","Vise Grip","Dragon Breath; Dragon Energy","Matched pinned PvPoke recommendation and exact-form move pool","unchanged","Dragon Breath; Dragon Energy; Vise Grip","https://github.com/pvpoke/pvpoke/blob/c15fb6f7e8613169740d904d6f96baa1824de480/src/data/rankings/all/overall/rankings-1500.json","2026-10-10T17:33:39.100Z"
"registeel","Registeel","false","genderless","GL","","91","88","","true","Lock On","Flash Cannon","Focus Blast","","Matched pinned PvPoke recommendation and exact-form move pool","unchanged","Lock On; Flash Cannon; Focus Blast","https://github.com/pvpoke/pvpoke/blob/c15fb6f7e8613169740d904d6f96baa1824de480/src/data/rankings/all/overall/rankings-1500.json","2026-10-10T17:33:39.100Z"
"rillaboom","Rillaboom","false","","GL","","33","36","","true","Scratch","Drum Beating","Earth Power","","Matched pinned PvPoke recommendation and exact-form move pool","unchanged","Scratch; Drum Beating; Earth Power","https://github.com/pvpoke/pvpoke/blob/c15fb6f7e8613169740d904d6f96baa1824de480/src/data/rankings/all/overall/rankings-1500.json","2026-10-10T17:33:39.100Z"
"sableye","Sableye","false","","GL","","40","37","","true","Shadow Claw","Foul Play","Power Gem","","Matched pinned PvPoke recommendation and exact-form move pool","unchanged","Shadow Claw; Foul Play; Power Gem","https://github.com/pvpoke/pvpoke/blob/c15fb6f7e8613169740d904d6f96baa1824de480/src/data/rankings/all/overall/rankings-1500.json","2026-10-10T17:33:39.100Z"
"sableye_shadow","Sableye (Shadow)","true","","GL","","20","19","","true","Shadow Claw","Foul Play","Drain Punch","","Matched pinned PvPoke recommendation and exact-form move pool","unchanged","Shadow Claw; Foul Play; Drain Punch","https://github.com/pvpoke/pvpoke/blob/c15fb6f7e8613169740d904d6f96baa1824de480/src/data/rankings/all/overall/rankings-1500.json","2026-10-10T17:33:39.100Z"
"samurott","Samurott","false","","GL","","102","106","","true","Fury Cutter","Hydro Cannon","Megahorn","Hydro Cannon","Matched pinned PvPoke recommendation and exact-form move pool","unchanged","Fury Cutter; Hydro Cannon; Megahorn","https://github.com/pvpoke/pvpoke/blob/c15fb6f7e8613169740d904d6f96baa1824de480/src/data/rankings/all/overall/rankings-1500.json","2026-10-10T17:33:39.100Z"
"sandslash_alolan","Sandslash (Alolan)","false","","GL","","166","142","","true","Powder Snow","Ice Punch","Drill Run","","Matched pinned PvPoke recommendation and exact-form move pool","unchanged","Powder Snow; Ice Punch; Drill Run","https://github.com/pvpoke/pvpoke/blob/c15fb6f7e8613169740d904d6f96baa1824de480/src/data/rankings/all/overall/rankings-1500.json","2026-10-10T17:33:39.100Z"
"sandslash_alolan_shadow","Sandslash (Alolan) (Shadow)","true","","GL","","197","180","","true","Powder Snow","Ice Punch","Drill Run","","Matched pinned PvPoke recommendation and exact-form move pool","unchanged","Powder Snow; Ice Punch; Drill Run","https://github.com/pvpoke/pvpoke/blob/c15fb6f7e8613169740d904d6f96baa1824de480/src/data/rankings/all/overall/rankings-1500.json","2026-10-10T17:33:39.100Z"
"seaking","Seaking","false","","GL","","111","107","","true","Peck","Drill Run","Icy Wind","Drill Run; Icy Wind","Matched pinned PvPoke recommendation and exact-form move pool","unchanged","Peck; Drill Run; Icy Wind","https://github.com/pvpoke/pvpoke/blob/c15fb6f7e8613169740d904d6f96baa1824de480/src/data/rankings/all/overall/rankings-1500.json","2026-10-10T17:33:39.100Z"
"sealeo","Sealeo","false","","GL","","107","99","","true","Powder Snow","Surf","Body Slam","","Matched pinned PvPoke recommendation and exact-form move pool","unchanged","Powder Snow; Surf; Body Slam","https://github.com/pvpoke/pvpoke/blob/c15fb6f7e8613169740d904d6f96baa1824de480/src/data/rankings/all/overall/rankings-1500.json","2026-10-10T17:33:39.100Z"
"sealeo_shadow","Sealeo (Shadow)","true","","GL","","173","156","","true","Powder Snow","Surf","Body Slam","","Matched pinned PvPoke recommendation and exact-form move pool","unchanged","Powder Snow; Surf; Body Slam","https://github.com/pvpoke/pvpoke/blob/c15fb6f7e8613169740d904d6f96baa1824de480/src/data/rankings/all/overall/rankings-1500.json","2026-10-10T17:33:39.100Z"
"seismitoad","Seismitoad","false","","GL","","82","84","","true","Mud Shot","Earth Power","Icy Wind","","Matched pinned PvPoke recommendation and exact-form move pool","unchanged","Mud Shot; Earth Power; Icy Wind","https://github.com/pvpoke/pvpoke/blob/c15fb6f7e8613169740d904d6f96baa1824de480/src/data/rankings/all/overall/rankings-1500.json","2026-10-10T17:33:39.100Z"
"shelgon","Shelgon","false","","GL","","112","116","","true","Dragon Breath","Twister","Flamethrower","","Matched pinned PvPoke recommendation and exact-form move pool","unchanged","Dragon Breath; Twister; Flamethrower","https://github.com/pvpoke/pvpoke/blob/c15fb6f7e8613169740d904d6f96baa1824de480/src/data/rankings/all/overall/rankings-1500.json","2026-10-10T17:33:39.100Z"
"shelgon_shadow","Shelgon (Shadow)","true","","GL","","92","93","","true","Dragon Breath","Twister","Flamethrower","","Matched pinned PvPoke recommendation and exact-form move pool","unchanged","Dragon Breath; Twister; Flamethrower","https://github.com/pvpoke/pvpoke/blob/c15fb6f7e8613169740d904d6f96baa1824de480/src/data/rankings/all/overall/rankings-1500.json","2026-10-10T17:33:39.100Z"
"skarmory","Skarmory","false","","GL","","198","185","","true","Air Slash","Brave Bird","Drill Run","","Matched pinned PvPoke recommendation and exact-form move pool","unchanged","Air Slash; Brave Bird; Drill Run","https://github.com/pvpoke/pvpoke/blob/c15fb6f7e8613169740d904d6f96baa1824de480/src/data/rankings/all/overall/rankings-1500.json","2026-10-10T17:33:39.100Z"
"sliggoo","Sliggoo","false","","GL","","129","132","","true","Dragon Breath","Body Slam","Dragon Pulse","","Matched pinned PvPoke recommendation and exact-form move pool","unchanged","Dragon Breath; Body Slam; Dragon Pulse","https://github.com/pvpoke/pvpoke/blob/c15fb6f7e8613169740d904d6f96baa1824de480/src/data/rankings/all/overall/rankings-1500.json","2026-10-10T17:33:39.100Z"
"snorlax","Snorlax","false","","GL","","27","28","","true","Psywave","Body Slam","Earthquake","","Matched pinned PvPoke recommendation and exact-form move pool","unchanged","Psywave; Body Slam; Earthquake","https://github.com/pvpoke/pvpoke/blob/c15fb6f7e8613169740d904d6f96baa1824de480/src/data/rankings/all/overall/rankings-1500.json","2026-10-10T17:33:39.100Z"
"snorlax_shadow","Snorlax (Shadow)","true","","GL","","46","40","","true","Psywave","Body Slam","Superpower","","Matched pinned PvPoke recommendation and exact-form move pool","unchanged","Psywave; Body Slam; Superpower","https://github.com/pvpoke/pvpoke/blob/c15fb6f7e8613169740d904d6f96baa1824de480/src/data/rankings/all/overall/rankings-1500.json","2026-10-10T17:33:39.100Z"
"spidops","Spidops","false","","GL","","80","69","","true","Shadow Claw","Lunge","Rock Tomb","","Matched pinned PvPoke recommendation and exact-form move pool","unchanged","Shadow Claw; Lunge; Rock Tomb","https://github.com/pvpoke/pvpoke/blob/c15fb6f7e8613169740d904d6f96baa1824de480/src/data/rankings/all/overall/rankings-1500.json","2026-10-10T17:33:39.100Z"
"spiritomb","Spiritomb","false","","GL","","122","141","","true","Sucker Punch","Rock Tomb","Shadow Ball","","Matched pinned PvPoke recommendation and exact-form move pool","unchanged","Sucker Punch; Rock Tomb; Shadow Ball","https://github.com/pvpoke/pvpoke/blob/c15fb6f7e8613169740d904d6f96baa1824de480/src/data/rankings/all/overall/rankings-1500.json","2026-10-10T17:33:39.100Z"
"steelix","Steelix","false","","GL","","126","136","","true","Thunder Fang","Psychic Fangs","Crunch","","Matched pinned PvPoke recommendation and exact-form move pool","unchanged","Thunder Fang; Psychic Fangs; Crunch","https://github.com/pvpoke/pvpoke/blob/c15fb6f7e8613169740d904d6f96baa1824de480/src/data/rankings/all/overall/rankings-1500.json","2026-10-10T17:33:39.100Z"
"steelix_shadow","Steelix (Shadow)","true","","GL","","88","89","","true","Thunder Fang","Psychic Fangs","Crunch","","Matched pinned PvPoke recommendation and exact-form move pool","unchanged","Thunder Fang; Psychic Fangs; Crunch","https://github.com/pvpoke/pvpoke/blob/c15fb6f7e8613169740d904d6f96baa1824de480/src/data/rankings/all/overall/rankings-1500.json","2026-10-10T17:33:39.100Z"
"stunfisk","Stunfisk","false","","GL","","21","21","","true","Thunder Shock","Mud Bomb","Discharge","","Matched pinned PvPoke recommendation and exact-form move pool","unchanged","Thunder Shock; Mud Bomb; Discharge","https://github.com/pvpoke/pvpoke/blob/c15fb6f7e8613169740d904d6f96baa1824de480/src/data/rankings/all/overall/rankings-1500.json","2026-10-10T17:33:39.100Z"
"stunfisk_galarian","Stunfisk (Galarian)","false","","GL","","98","90","","true","Mud Shot","Rock Slide","Earthquake","","Matched pinned PvPoke recommendation and exact-form move pool","unchanged","Mud Shot; Rock Slide; Earthquake","https://github.com/pvpoke/pvpoke/blob/c15fb6f7e8613169740d904d6f96baa1824de480/src/data/rankings/all/overall/rankings-1500.json","2026-10-10T17:33:39.100Z"
"swalot","Swalot","false","","GL","","159","153","","true","Infestation","Sludge","Ice Beam","","Matched pinned PvPoke recommendation and exact-form move pool","unchanged","Infestation; Sludge; Ice Beam","https://github.com/pvpoke/pvpoke/blob/c15fb6f7e8613169740d904d6f96baa1824de480/src/data/rankings/all/overall/rankings-1500.json","2026-10-10T17:33:39.100Z"
"swampert","Swampert","false","","GL","","75","78","","true","Mud Shot","Hydro Cannon","Earthquake","Hydro Cannon","Matched pinned PvPoke recommendation and exact-form move pool","unchanged","Mud Shot; Hydro Cannon; Earthquake","https://github.com/pvpoke/pvpoke/blob/c15fb6f7e8613169740d904d6f96baa1824de480/src/data/rankings/all/overall/rankings-1500.json","2026-10-10T17:33:39.100Z"
"swampert_shadow","Swampert (Shadow)","true","","GL","","76","79","","true","Mud Shot","Hydro Cannon","Earthquake","Hydro Cannon","Matched pinned PvPoke recommendation and exact-form move pool","unchanged","Mud Shot; Hydro Cannon; Earthquake","https://github.com/pvpoke/pvpoke/blob/c15fb6f7e8613169740d904d6f96baa1824de480/src/data/rankings/all/overall/rankings-1500.json","2026-10-10T17:33:39.100Z"
"sylveon","Sylveon","false","","GL","","192","203","","true","Fairy Wind","Psyshock","Draining Kiss","Psyshock","Matched pinned PvPoke recommendation and exact-form move pool","unchanged","Fairy Wind; Psyshock; Draining Kiss","https://github.com/pvpoke/pvpoke/blob/c15fb6f7e8613169740d904d6f96baa1824de480/src/data/rankings/all/overall/rankings-1500.json","2026-10-10T17:33:39.100Z"
"talonflame","Talonflame","false","","GL","","81","85","","true","Incinerate","Fly","Brave Bird","Incinerate","Matched pinned PvPoke recommendation and exact-form move pool","unchanged","Incinerate; Fly; Brave Bird","https://github.com/pvpoke/pvpoke/blob/c15fb6f7e8613169740d904d6f96baa1824de480/src/data/rankings/all/overall/rankings-1500.json","2026-10-10T17:33:39.100Z"
"talonflame_shadow","Talonflame (Shadow)","true","","GL","","100","104","","true","Incinerate","Flame Charge","Fly","Incinerate","Matched pinned PvPoke recommendation and exact-form move pool","unchanged","Incinerate; Flame Charge; Fly","https://github.com/pvpoke/pvpoke/blob/c15fb6f7e8613169740d904d6f96baa1824de480/src/data/rankings/all/overall/rankings-1500.json","2026-10-10T17:33:39.100Z"
"thievul","Thievul","false","","GL","","17","15","","true","Sucker Punch","Night Slash","Icy Wind","Icy Wind","Matched pinned PvPoke recommendation and exact-form move pool","unchanged","Sucker Punch; Night Slash; Icy Wind","https://github.com/pvpoke/pvpoke/blob/c15fb6f7e8613169740d904d6f96baa1824de480/src/data/rankings/all/overall/rankings-1500.json","2026-10-10T17:33:39.100Z"
"throh","Throh","false","male","GL","","181","195","","true","Low Kick","Brick Break","Body Slam","","Matched pinned PvPoke recommendation and exact-form move pool","unchanged","Low Kick; Brick Break; Body Slam","https://github.com/pvpoke/pvpoke/blob/c15fb6f7e8613169740d904d6f96baa1824de480/src/data/rankings/all/overall/rankings-1500.json","2026-10-10T17:33:39.100Z"
"tinkaton","Tinkaton","false","female","GL","","6","5","","true","Fairy Wind","Gigaton Hammer","Bulldoze","Gigaton Hammer","Matched pinned PvPoke recommendation and exact-form move pool","unchanged","Fairy Wind; Gigaton Hammer; Bulldoze","https://github.com/pvpoke/pvpoke/blob/c15fb6f7e8613169740d904d6f96baa1824de480/src/data/rankings/all/overall/rankings-1500.json","2026-10-10T17:33:39.100Z"
"togekiss","Togekiss","false","","GL","","160","161","","true","Peck","Psyshock","Aura Sphere","Aura Sphere","Matched pinned PvPoke recommendation and exact-form move pool","unchanged","Peck; Psyshock; Aura Sphere","https://github.com/pvpoke/pvpoke/blob/c15fb6f7e8613169740d904d6f96baa1824de480/src/data/rankings/all/overall/rankings-1500.json","2026-10-10T17:33:39.100Z"
"togetic","Togetic","false","","GL","","161","166","","true","Fairy Wind","Heat Wave","Draining Kiss","","Matched pinned PvPoke recommendation and exact-form move pool","unchanged","Fairy Wind; Heat Wave; Draining Kiss","https://github.com/pvpoke/pvpoke/blob/c15fb6f7e8613169740d904d6f96baa1824de480/src/data/rankings/all/overall/rankings-1500.json","2026-10-10T17:33:39.100Z"
"torkoal","Torkoal","false","","GL","","135","125","","true","Ember","Flame Wheel","Overheat","","Matched pinned PvPoke recommendation and exact-form move pool","unchanged","Ember; Flame Wheel; Overheat","https://github.com/pvpoke/pvpoke/blob/c15fb6f7e8613169740d904d6f96baa1824de480/src/data/rankings/all/overall/rankings-1500.json","2026-10-10T17:33:39.100Z"
"toucannon","Toucannon","false","","GL","","130","134","","true","Peck","Beak Blast","Drill Peck","Beak Blast","Matched pinned PvPoke recommendation and exact-form move pool","unchanged","Peck; Beak Blast; Drill Peck","https://github.com/pvpoke/pvpoke/blob/c15fb6f7e8613169740d904d6f96baa1824de480/src/data/rankings/all/overall/rankings-1500.json","2026-10-10T17:33:39.100Z"
"toucannon_shadow","Toucannon (Shadow)","true","","GL","","127","138","","true","Peck","Beak Blast","Drill Peck","Beak Blast","Matched pinned PvPoke recommendation and exact-form move pool","unchanged","Peck; Beak Blast; Drill Peck","https://github.com/pvpoke/pvpoke/blob/c15fb6f7e8613169740d904d6f96baa1824de480/src/data/rankings/all/overall/rankings-1500.json","2026-10-10T17:33:39.100Z"
"toxapex","Toxapex","false","","GL","","123","115","","true","Bite","Brine","Sludge Wave","","Matched pinned PvPoke recommendation and exact-form move pool","unchanged","Bite; Brine; Sludge Wave","https://github.com/pvpoke/pvpoke/blob/c15fb6f7e8613169740d904d6f96baa1824de480/src/data/rankings/all/overall/rankings-1500.json","2026-10-10T17:33:39.100Z"
"turtonator","Turtonator","false","","GL","","65","64","","true","Incinerate","Brutal Swing","Dragon Claw","","Matched pinned PvPoke recommendation and exact-form move pool","unchanged","Incinerate; Brutal Swing; Dragon Claw","https://github.com/pvpoke/pvpoke/blob/c15fb6f7e8613169740d904d6f96baa1824de480/src/data/rankings/all/overall/rankings-1500.json","2026-10-10T17:33:39.100Z"
"umbreon","Umbreon","false","","GL","","24","29","","true","Snarl","Dark Pulse","Last Resort","Last Resort","Matched pinned PvPoke recommendation and exact-form move pool","unchanged","Snarl; Dark Pulse; Last Resort","https://github.com/pvpoke/pvpoke/blob/c15fb6f7e8613169740d904d6f96baa1824de480/src/data/rankings/all/overall/rankings-1500.json","2026-10-10T17:33:39.100Z"
"ursaluna","Ursaluna","false","","GL","","178","162","","true","Scratch","Thunder Punch","High Horsepower","High Horsepower","Matched pinned PvPoke recommendation and exact-form move pool","unchanged","Scratch; Thunder Punch; High Horsepower","https://github.com/pvpoke/pvpoke/blob/c15fb6f7e8613169740d904d6f96baa1824de480/src/data/rankings/all/overall/rankings-1500.json","2026-10-10T17:33:39.100Z"
"vigoroth","Vigoroth","false","","GL","","22","22","","true","Scratch","Body Slam","Bulldoze","","Matched pinned PvPoke recommendation and exact-form move pool","unchanged","Scratch; Body Slam; Bulldoze","https://github.com/pvpoke/pvpoke/blob/c15fb6f7e8613169740d904d6f96baa1824de480/src/data/rankings/all/overall/rankings-1500.json","2026-10-10T17:33:39.100Z"
"vigoroth_shadow","Vigoroth (Shadow)","true","","GL","","41","41","","true","Scratch","Brick Break","Rock Slide","","Matched pinned PvPoke recommendation and exact-form move pool","unchanged","Scratch; Brick Break; Rock Slide","https://github.com/pvpoke/pvpoke/blob/c15fb6f7e8613169740d904d6f96baa1824de480/src/data/rankings/all/overall/rankings-1500.json","2026-10-10T17:33:39.100Z"
"walrein","Walrein","false","","GL","","113","121","","true","Powder Snow","Icicle Spear","Earthquake","Powder Snow; Icicle Spear","Matched pinned PvPoke recommendation and exact-form move pool","unchanged","Powder Snow; Icicle Spear; Earthquake","https://github.com/pvpoke/pvpoke/blob/c15fb6f7e8613169740d904d6f96baa1824de480/src/data/rankings/all/overall/rankings-1500.json","2026-10-10T17:33:39.100Z"
"walrein_shadow","Walrein (Shadow)","true","","GL","","132","143","","true","Powder Snow","Icicle Spear","Earthquake","Powder Snow; Icicle Spear","Matched pinned PvPoke recommendation and exact-form move pool","unchanged","Powder Snow; Icicle Spear; Earthquake","https://github.com/pvpoke/pvpoke/blob/c15fb6f7e8613169740d904d6f96baa1824de480/src/data/rankings/all/overall/rankings-1500.json","2026-10-10T17:33:39.100Z"
"wartortle","Wartortle","false","","GL","","108","102","","true","Bite","Aqua Jet","Ice Beam","","Matched pinned PvPoke recommendation and exact-form move pool","unchanged","Bite; Aqua Jet; Ice Beam","https://github.com/pvpoke/pvpoke/blob/c15fb6f7e8613169740d904d6f96baa1824de480/src/data/rankings/all/overall/rankings-1500.json","2026-10-10T17:33:39.100Z"
"wartortle_shadow","Wartortle (Shadow)","true","","GL","","167","137","","true","Bite","Aqua Jet","Ice Beam","","Matched pinned PvPoke recommendation and exact-form move pool","unchanged","Bite; Aqua Jet; Ice Beam","https://github.com/pvpoke/pvpoke/blob/c15fb6f7e8613169740d904d6f96baa1824de480/src/data/rankings/all/overall/rankings-1500.json","2026-10-10T17:33:39.100Z"
"weezing_galarian","Weezing (Galarian)","false","","GL","","189","218","","true","Fairy Wind","Sludge","Brutal Swing","","Matched pinned PvPoke recommendation and exact-form move pool","unchanged","Fairy Wind; Sludge; Brutal Swing","https://github.com/pvpoke/pvpoke/blob/c15fb6f7e8613169740d904d6f96baa1824de480/src/data/rankings/all/overall/rankings-1500.json","2026-10-10T17:33:39.100Z"
"weezing_galarian_shadow","Weezing (Galarian) (Shadow)","true","","GL","","170","181","","true","Fairy Wind","Sludge","Brutal Swing","","Matched pinned PvPoke recommendation and exact-form move pool","unchanged","Fairy Wind; Sludge; Brutal Swing","https://github.com/pvpoke/pvpoke/blob/c15fb6f7e8613169740d904d6f96baa1824de480/src/data/rankings/all/overall/rankings-1500.json","2026-10-10T17:33:39.100Z"
"wigglytuff","Wigglytuff","false","","GL","","101","109","","true","Charm","Icy Wind","Swift","","Matched pinned PvPoke recommendation and exact-form move pool","unchanged","Charm; Icy Wind; Swift","https://github.com/pvpoke/pvpoke/blob/c15fb6f7e8613169740d904d6f96baa1824de480/src/data/rankings/all/overall/rankings-1500.json","2026-10-10T17:33:39.100Z"
"wormadam_trash","Wormadam (Trash)","false","female","GL","","193","179","","true","Sucker Punch","Bug Buzz","Iron Head","","Matched pinned PvPoke recommendation and exact-form move pool","unchanged","Sucker Punch; Bug Buzz; Iron Head","https://github.com/pvpoke/pvpoke/blob/c15fb6f7e8613169740d904d6f96baa1824de480/src/data/rankings/all/overall/rankings-1500.json","2026-10-10T17:33:39.100Z"
"zweilous","Zweilous","false","","GL","","137","154","","true","Dragon Breath","Body Slam","Dark Pulse","","Matched pinned PvPoke recommendation and exact-form move pool","unchanged","Dragon Breath; Body Slam; Dark Pulse","https://github.com/pvpoke/pvpoke/blob/c15fb6f7e8613169740d904d6f96baa1824de480/src/data/rankings/all/overall/rankings-1500.json","2026-10-10T17:33:39.100Z"
"zweilous_shadow","Zweilous (Shadow)","true","","GL","","144","167","","true","Dragon Breath","Body Slam","Dark Pulse","","Matched pinned PvPoke recommendation and exact-form move pool","unchanged","Dragon Breath; Body Slam; Dark Pulse","https://github.com/pvpoke/pvpoke/blob/c15fb6f7e8613169740d904d6f96baa1824de480/src/data/rankings/all/overall/rankings-1500.json","2026-10-10T17:33:39.100Z"
"abomasnow","Abomasnow","false","","UL","","137","145","","true","Powder Snow","Weather Ball (Ice)","Energy Ball","","Matched pinned PvPoke recommendation and exact-form move pool","unchanged","Powder Snow; Weather Ball (Ice); Energy Ball","https://github.com/pvpoke/pvpoke/blob/c15fb6f7e8613169740d904d6f96baa1824de480/src/data/rankings/all/overall/rankings-2500.json","2026-10-10T17:33:39.100Z"
"abomasnow_shadow","Abomasnow (Shadow)","true","","UL","","134","134","","true","Powder Snow","Weather Ball (Ice)","Energy Ball","","Matched pinned PvPoke recommendation and exact-form move pool","unchanged","Powder Snow; Weather Ball (Ice); Energy Ball","https://github.com/pvpoke/pvpoke/blob/c15fb6f7e8613169740d904d6f96baa1824de480/src/data/rankings/all/overall/rankings-2500.json","2026-10-10T17:33:39.100Z"
"amoonguss_shadow","Amoonguss (Shadow)","true","","UL","","172","178","","true","Astonish","Foul Play","Grass Knot","","Matched pinned PvPoke recommendation and exact-form move pool","unchanged","Astonish; Foul Play; Grass Knot","https://github.com/pvpoke/pvpoke/blob/c15fb6f7e8613169740d904d6f96baa1824de480/src/data/rankings/all/overall/rankings-2500.json","2026-10-10T17:33:39.100Z"
"ampharos","Ampharos","false","","UL","","51","51","","true","Volt Switch","Brutal Swing","Trailblaze","","Matched pinned PvPoke recommendation and exact-form move pool","unchanged","Volt Switch; Brutal Swing; Trailblaze","https://github.com/pvpoke/pvpoke/blob/c15fb6f7e8613169740d904d6f96baa1824de480/src/data/rankings/all/overall/rankings-2500.json","2026-10-10T17:33:39.100Z"
"ampharos_shadow","Ampharos (Shadow)","true","","UL","","55","55","","true","Volt Switch","Brutal Swing","Trailblaze","","Matched pinned PvPoke recommendation and exact-form move pool","unchanged","Volt Switch; Brutal Swing; Trailblaze","https://github.com/pvpoke/pvpoke/blob/c15fb6f7e8613169740d904d6f96baa1824de480/src/data/rankings/all/overall/rankings-2500.json","2026-10-10T17:33:39.100Z"
"annihilape","Annihilape","false","","UL","","56","61","","true","Low Kick","Rage Fist","Ice Punch","Rage Fist","Matched pinned PvPoke recommendation and exact-form move pool","unchanged","Low Kick; Rage Fist; Ice Punch","https://github.com/pvpoke/pvpoke/blob/c15fb6f7e8613169740d904d6f96baa1824de480/src/data/rankings/all/overall/rankings-2500.json","2026-10-10T17:33:39.100Z"
"annihilape_shadow","Annihilape (Shadow)","true","","UL","","74","72","","true","Low Kick","Rage Fist","Ice Punch","Rage Fist","Matched pinned PvPoke recommendation and exact-form move pool","unchanged","Low Kick; Rage Fist; Ice Punch","https://github.com/pvpoke/pvpoke/blob/c15fb6f7e8613169740d904d6f96baa1824de480/src/data/rankings/all/overall/rankings-2500.json","2026-10-10T17:33:39.100Z"
"aromatisse","Aromatisse","false","","UL","","75","83","","true","Fairy Wind","Moonblast","Psyshock","","Matched pinned PvPoke recommendation and exact-form move pool","unchanged","Fairy Wind; Moonblast; Psyshock","https://github.com/pvpoke/pvpoke/blob/c15fb6f7e8613169740d904d6f96baa1824de480/src/data/rankings/all/overall/rankings-2500.json","2026-10-10T17:33:39.100Z"
"articuno","Articuno","false","genderless","UL","","80","79","","true","Powder Snow","Icy Wind","Hurricane","Hurricane","Matched pinned PvPoke recommendation and exact-form move pool","unchanged","Powder Snow; Icy Wind; Hurricane","https://github.com/pvpoke/pvpoke/blob/c15fb6f7e8613169740d904d6f96baa1824de480/src/data/rankings/all/overall/rankings-2500.json","2026-10-10T17:33:39.100Z"
"articuno_shadow","Articuno (Shadow)","true","genderless","UL","","118","111","","true","Powder Snow","Icy Wind","Hurricane","Hurricane","Matched pinned PvPoke recommendation and exact-form move pool","unchanged","Powder Snow; Icy Wind; Hurricane","https://github.com/pvpoke/pvpoke/blob/c15fb6f7e8613169740d904d6f96baa1824de480/src/data/rankings/all/overall/rankings-2500.json","2026-10-10T17:33:39.100Z"
"aurorus","Aurorus","false","","UL","","110","112","","true","Powder Snow","Weather Ball (Ice)","Meteor Beam","","Matched pinned PvPoke recommendation and exact-form move pool","unchanged","Powder Snow; Weather Ball (Ice); Meteor Beam","https://github.com/pvpoke/pvpoke/blob/c15fb6f7e8613169740d904d6f96baa1824de480/src/data/rankings/all/overall/rankings-2500.json","2026-10-10T17:33:39.100Z"
"aurorus_shadow","Aurorus (Shadow)","true","","UL","","161","163","","true","Powder Snow","Weather Ball (Ice)","Meteor Beam","","Matched pinned PvPoke recommendation and exact-form move pool","unchanged","Powder Snow; Weather Ball (Ice); Meteor Beam","https://github.com/pvpoke/pvpoke/blob/c15fb6f7e8613169740d904d6f96baa1824de480/src/data/rankings/all/overall/rankings-2500.json","2026-10-10T17:33:39.100Z"
"bellibolt","Bellibolt","false","","UL","","58","59","","true","Sucker Punch","Parabolic Charge","Zap Cannon","","Matched pinned PvPoke recommendation and exact-form move pool","unchanged","Sucker Punch; Parabolic Charge; Zap Cannon","https://github.com/pvpoke/pvpoke/blob/c15fb6f7e8613169740d904d6f96baa1824de480/src/data/rankings/all/overall/rankings-2500.json","2026-10-10T17:33:39.100Z"
"bellossom_shadow","Bellossom (Shadow)","true","","UL","","194","202","","true","Acid","Leaf Blade","Dazzling Gleam","","Matched pinned PvPoke recommendation and exact-form move pool","unchanged","Acid; Leaf Blade; Dazzling Gleam","https://github.com/pvpoke/pvpoke/blob/c15fb6f7e8613169740d904d6f96baa1824de480/src/data/rankings/all/overall/rankings-2500.json","2026-10-10T17:33:39.100Z"
"blastoise","Blastoise","false","","UL","","35","29","","true","Bite","Hydro Cannon","Skull Bash","Hydro Cannon","Matched pinned PvPoke recommendation and exact-form move pool","unchanged","Bite; Hydro Cannon; Skull Bash","https://github.com/pvpoke/pvpoke/blob/c15fb6f7e8613169740d904d6f96baa1824de480/src/data/rankings/all/overall/rankings-2500.json","2026-10-10T17:33:39.100Z"
"blastoise_shadow","Blastoise (Shadow)","true","","UL","","89","87","","true","Bite","Hydro Cannon","Skull Bash","Hydro Cannon","Matched pinned PvPoke recommendation and exact-form move pool","unchanged","Bite; Hydro Cannon; Skull Bash","https://github.com/pvpoke/pvpoke/blob/c15fb6f7e8613169740d904d6f96baa1824de480/src/data/rankings/all/overall/rankings-2500.json","2026-10-10T17:33:39.100Z"
"blaziken","Blaziken","false","","UL","","195","170","","true","Ember","Aura Sphere","Blast Burn","Blast Burn","Matched pinned PvPoke recommendation and exact-form move pool","unchanged","Ember; Aura Sphere; Blast Burn","https://github.com/pvpoke/pvpoke/blob/c15fb6f7e8613169740d904d6f96baa1824de480/src/data/rankings/all/overall/rankings-2500.json","2026-10-10T17:33:39.100Z"
"blaziken_shadow","Blaziken (Shadow)","true","","UL","","180","174","","true","Ember","Aura Sphere","Blast Burn","Blast Burn","Matched pinned PvPoke recommendation and exact-form move pool","unchanged","Ember; Aura Sphere; Blast Burn","https://github.com/pvpoke/pvpoke/blob/c15fb6f7e8613169740d904d6f96baa1824de480/src/data/rankings/all/overall/rankings-2500.json","2026-10-10T17:33:39.100Z"
"bombirdier","Bombirdier","false","","UL","","72","74","","true","Sucker Punch","Fly","Drill Run","","Matched pinned PvPoke recommendation and exact-form move pool","unchanged","Sucker Punch; Fly; Drill Run","https://github.com/pvpoke/pvpoke/blob/c15fb6f7e8613169740d904d6f96baa1824de480/src/data/rankings/all/overall/rankings-2500.json","2026-10-10T17:33:39.100Z"
"bronzong","Bronzong","false","genderless","UL","","150","142","","true","Confusion","Weather Ball (Water)","Bulldoze","","Matched pinned PvPoke recommendation and exact-form move pool","unchanged","Confusion; Weather Ball (Water); Bulldoze","https://github.com/pvpoke/pvpoke/blob/c15fb6f7e8613169740d904d6f96baa1824de480/src/data/rankings/all/overall/rankings-2500.json","2026-10-10T17:33:39.100Z"
"centiskorch","Centiskorch","false","","UL","","155","164","","true","Ember","Heat Wave","Lunge","","Matched pinned PvPoke recommendation and exact-form move pool","unchanged","Ember; Heat Wave; Lunge","https://github.com/pvpoke/pvpoke/blob/c15fb6f7e8613169740d904d6f96baa1824de480/src/data/rankings/all/overall/rankings-2500.json","2026-10-10T17:33:39.100Z"
"charizard","Charizard","false","","UL","","97","101","","true","Dragon Breath","Blast Burn","Air Cutter","Dragon Breath; Blast Burn","Matched pinned PvPoke recommendation and exact-form move pool","unchanged","Dragon Breath; Blast Burn; Air Cutter","https://github.com/pvpoke/pvpoke/blob/c15fb6f7e8613169740d904d6f96baa1824de480/src/data/rankings/all/overall/rankings-2500.json","2026-10-10T17:33:39.100Z"
"charizard_shadow","Charizard (Shadow)","true","","UL","","125","124","","true","Dragon Breath","Blast Burn","Air Cutter","Dragon Breath; Blast Burn","Matched pinned PvPoke recommendation and exact-form move pool","unchanged","Dragon Breath; Blast Burn; Air Cutter","https://github.com/pvpoke/pvpoke/blob/c15fb6f7e8613169740d904d6f96baa1824de480/src/data/rankings/all/overall/rankings-2500.json","2026-10-10T17:33:39.100Z"
"clefable","Clefable","false","","UL","","36","37","","true","Fairy Wind","Meteor Mash","Draining Kiss","","Matched pinned PvPoke recommendation and exact-form move pool","unchanged","Fairy Wind; Meteor Mash; Draining Kiss","https://github.com/pvpoke/pvpoke/blob/c15fb6f7e8613169740d904d6f96baa1824de480/src/data/rankings/all/overall/rankings-2500.json","2026-10-10T17:33:39.100Z"
"cobalion","Cobalion","false","genderless","UL","","104","95","","true","Double Kick","Sacred Sword","Stone Edge","Sacred Sword","Matched pinned PvPoke recommendation and exact-form move pool","unchanged","Double Kick; Sacred Sword; Stone Edge","https://github.com/pvpoke/pvpoke/blob/c15fb6f7e8613169740d904d6f96baa1824de480/src/data/rankings/all/overall/rankings-2500.json","2026-10-10T17:33:39.100Z"
"cofagrigus","Cofagrigus","false","","UL","","82","85","","true","Shadow Claw","Shadow Ball","Energy Ball","","Matched pinned PvPoke recommendation and exact-form move pool","unchanged","Shadow Claw; Shadow Ball; Energy Ball","https://github.com/pvpoke/pvpoke/blob/c15fb6f7e8613169740d904d6f96baa1824de480/src/data/rankings/all/overall/rankings-2500.json","2026-10-10T17:33:39.100Z"
"cofagrigus_shadow","Cofagrigus (Shadow)","true","","UL","","105","105","","true","Shadow Claw","Shadow Ball","Energy Ball","","Matched pinned PvPoke recommendation and exact-form move pool","unchanged","Shadow Claw; Shadow Ball; Energy Ball","https://github.com/pvpoke/pvpoke/blob/c15fb6f7e8613169740d904d6f96baa1824de480/src/data/rankings/all/overall/rankings-2500.json","2026-10-10T17:33:39.100Z"
"corviknight","Corviknight","false","","UL","","2","2","","true","Sand Attack","Air Cutter","Iron Head","Air Cutter; Iron Head","Matched pinned PvPoke recommendation and exact-form move pool","unchanged","Sand Attack; Air Cutter; Iron Head","https://github.com/pvpoke/pvpoke/blob/c15fb6f7e8613169740d904d6f96baa1824de480/src/data/rankings/all/overall/rankings-2500.json","2026-10-10T17:33:39.100Z"
"corviknight_shadow","Corviknight (Shadow)","true","","UL","","4","4","","true","Sand Attack","Air Cutter","Payback","Air Cutter","Matched pinned PvPoke recommendation and exact-form move pool","unchanged","Sand Attack; Air Cutter; Payback","https://github.com/pvpoke/pvpoke/blob/c15fb6f7e8613169740d904d6f96baa1824de480/src/data/rankings/all/overall/rankings-2500.json","2026-10-10T17:33:39.100Z"
"cradily","Cradily","false","","UL","","81","80","","true","Acid","Rock Tomb","Grass Knot","","Matched pinned PvPoke recommendation and exact-form move pool","unchanged","Acid; Rock Tomb; Grass Knot","https://github.com/pvpoke/pvpoke/blob/c15fb6f7e8613169740d904d6f96baa1824de480/src/data/rankings/all/overall/rankings-2500.json","2026-10-10T17:33:39.100Z"
"cradily_shadow","Cradily (Shadow)","true","","UL","","52","52","","true","Acid","Rock Tomb","Grass Knot","","Matched pinned PvPoke recommendation and exact-form move pool","unchanged","Acid; Rock Tomb; Grass Knot","https://github.com/pvpoke/pvpoke/blob/c15fb6f7e8613169740d904d6f96baa1824de480/src/data/rankings/all/overall/rankings-2500.json","2026-10-10T17:33:39.100Z"
"cramorant","Cramorant","false","","UL","","19","18","","true","Peck","Dive","Fly","","Matched pinned PvPoke recommendation and exact-form move pool","unchanged","Peck; Dive; Fly","https://github.com/pvpoke/pvpoke/blob/c15fb6f7e8613169740d904d6f96baa1824de480/src/data/rankings/all/overall/rankings-2500.json","2026-10-10T17:33:39.100Z"
"cresselia","Cresselia","false","female","UL","","33","35","","true","Psycho Cut","Grass Knot","Moonblast","Grass Knot","Matched pinned PvPoke recommendation and exact-form move pool","unchanged","Psycho Cut; Grass Knot; Moonblast","https://github.com/pvpoke/pvpoke/blob/c15fb6f7e8613169740d904d6f96baa1824de480/src/data/rankings/all/overall/rankings-2500.json","2026-10-10T17:33:39.100Z"
"cresselia_shadow","Cresselia (Shadow)","true","female","UL","","46","47","","true","Psycho Cut","Grass Knot","Moonblast","Grass Knot","Matched pinned PvPoke recommendation and exact-form move pool","unchanged","Psycho Cut; Grass Knot; Moonblast","https://github.com/pvpoke/pvpoke/blob/c15fb6f7e8613169740d904d6f96baa1824de480/src/data/rankings/all/overall/rankings-2500.json","2026-10-10T17:33:39.100Z"
"crustle","Crustle","false","","UL","","84","106","","true","Fury Cutter","X-Scissor","Rock Wrecker","","Matched pinned PvPoke recommendation and exact-form move pool","unchanged","Fury Cutter; X-Scissor; Rock Wrecker","https://github.com/pvpoke/pvpoke/blob/c15fb6f7e8613169740d904d6f96baa1824de480/src/data/rankings/all/overall/rankings-2500.json","2026-10-10T17:33:39.100Z"
"crustle_shadow","Crustle (Shadow)","true","","UL","","147","155","","true","Fury Cutter","X-Scissor","Rock Wrecker","","Matched pinned PvPoke recommendation and exact-form move pool","unchanged","Fury Cutter; X-Scissor; Rock Wrecker","https://github.com/pvpoke/pvpoke/blob/c15fb6f7e8613169740d904d6f96baa1824de480/src/data/rankings/all/overall/rankings-2500.json","2026-10-10T17:33:39.100Z"
"decidueye","Decidueye","false","","UL","","192","212","","true","Astonish","Frenzy Plant","Spirit Shackle","Frenzy Plant","Matched pinned PvPoke recommendation and exact-form move pool","unchanged","Astonish; Frenzy Plant; Spirit Shackle","https://github.com/pvpoke/pvpoke/blob/c15fb6f7e8613169740d904d6f96baa1824de480/src/data/rankings/all/overall/rankings-2500.json","2026-10-10T17:33:39.100Z"
"deoxys_defense","Deoxys (Defense)","false","genderless","UL","","41","42","","true","Low Kick","Psycho Boost","Thunderbolt","","Matched pinned PvPoke recommendation and exact-form move pool","unchanged","Low Kick; Psycho Boost; Thunderbolt","https://github.com/pvpoke/pvpoke/blob/c15fb6f7e8613169740d904d6f96baa1824de480/src/data/rankings/all/overall/rankings-2500.json","2026-10-10T17:33:39.100Z"
"dodrio","Dodrio","false","","UL","","128","143","","true","Peck","Drill Peck","Brave Bird","","Matched pinned PvPoke recommendation and exact-form move pool","unchanged","Peck; Drill Peck; Brave Bird","https://github.com/pvpoke/pvpoke/blob/c15fb6f7e8613169740d904d6f96baa1824de480/src/data/rankings/all/overall/rankings-2500.json","2026-10-10T17:33:39.100Z"
"dondozo","Dondozo","false","","UL","","27","26","","true","Waterfall","Surf","Outrage","","Matched pinned PvPoke recommendation and exact-form move pool","unchanged","Waterfall; Surf; Outrage","https://github.com/pvpoke/pvpoke/blob/c15fb6f7e8613169740d904d6f96baa1824de480/src/data/rankings/all/overall/rankings-2500.json","2026-10-10T17:33:39.100Z"
"doublade","Doublade","false","","UL","","86","96","","true","Shadow Claw","Sacred Sword","Iron Head","","Matched pinned PvPoke recommendation and exact-form move pool","unchanged","Shadow Claw; Sacred Sword; Iron Head","https://github.com/pvpoke/pvpoke/blob/c15fb6f7e8613169740d904d6f96baa1824de480/src/data/rankings/all/overall/rankings-2500.json","2026-10-10T17:33:39.100Z"
"dragalge","Dragalge","false","","UL","","120","125","","true","Dragon Tail","Aqua Tail","Outrage","","Matched pinned PvPoke recommendation and exact-form move pool","unchanged","Dragon Tail; Aqua Tail; Outrage","https://github.com/pvpoke/pvpoke/blob/c15fb6f7e8613169740d904d6f96baa1824de480/src/data/rankings/all/overall/rankings-2500.json","2026-10-10T17:33:39.100Z"
"drapion","Drapion","false","","UL","","91","90","","true","Poison Sting","Crunch","Aqua Tail","","Matched pinned PvPoke recommendation and exact-form move pool","unchanged","Poison Sting; Crunch; Aqua Tail","https://github.com/pvpoke/pvpoke/blob/c15fb6f7e8613169740d904d6f96baa1824de480/src/data/rankings/all/overall/rankings-2500.json","2026-10-10T17:33:39.100Z"
"drapion_shadow","Drapion (Shadow)","true","","UL","","142","140","","true","Poison Sting","Aqua Tail","Crunch","","Matched pinned PvPoke recommendation and exact-form move pool","unchanged","Poison Sting; Aqua Tail; Crunch","https://github.com/pvpoke/pvpoke/blob/c15fb6f7e8613169740d904d6f96baa1824de480/src/data/rankings/all/overall/rankings-2500.json","2026-10-10T17:33:39.100Z"
"drifblim","Drifblim","false","","UL","","138","137","","true","Hex","Icy Wind","Shadow Ball","","Matched pinned PvPoke recommendation and exact-form move pool","unchanged","Hex; Icy Wind; Shadow Ball","https://github.com/pvpoke/pvpoke/blob/c15fb6f7e8613169740d904d6f96baa1824de480/src/data/rankings/all/overall/rankings-2500.json","2026-10-10T17:33:39.100Z"
"dudunsparce","Dudunsparce","false","","UL","","165","159","","true","Astonish","Drill Run","Rock Slide","","Matched pinned PvPoke recommendation and exact-form move pool","unchanged","Astonish; Drill Run; Rock Slide","https://github.com/pvpoke/pvpoke/blob/c15fb6f7e8613169740d904d6f96baa1824de480/src/data/rankings/all/overall/rankings-2500.json","2026-10-10T17:33:39.100Z"
"dusknoir","Dusknoir","false","","UL","","24","25","","true","Astonish","Dynamic Punch","Shadow Punch","","Matched pinned PvPoke recommendation and exact-form move pool","unchanged","Astonish; Dynamic Punch; Shadow Punch","https://github.com/pvpoke/pvpoke/blob/c15fb6f7e8613169740d904d6f96baa1824de480/src/data/rankings/all/overall/rankings-2500.json","2026-10-10T17:33:39.100Z"
"dusknoir_shadow","Dusknoir (Shadow)","true","","UL","","26","27","","true","Astonish","Dynamic Punch","Shadow Punch","","Matched pinned PvPoke recommendation and exact-form move pool","unchanged","Astonish; Dynamic Punch; Shadow Punch","https://github.com/pvpoke/pvpoke/blob/c15fb6f7e8613169740d904d6f96baa1824de480/src/data/rankings/all/overall/rankings-2500.json","2026-10-10T17:33:39.100Z"
"electivire","Electivire","false","","UL","","168","183","","true","Thunder Shock","Wild Charge","Ice Punch","","Matched pinned PvPoke recommendation and exact-form move pool","unchanged","Thunder Shock; Wild Charge; Ice Punch","https://github.com/pvpoke/pvpoke/blob/c15fb6f7e8613169740d904d6f96baa1824de480/src/data/rankings/all/overall/rankings-2500.json","2026-10-10T17:33:39.100Z"
"electivire_shadow","Electivire (Shadow)","true","","UL","","196","198","","true","Thunder Shock","Wild Charge","Ice Punch","","Matched pinned PvPoke recommendation and exact-form move pool","unchanged","Thunder Shock; Wild Charge; Ice Punch","https://github.com/pvpoke/pvpoke/blob/c15fb6f7e8613169740d904d6f96baa1824de480/src/data/rankings/all/overall/rankings-2500.json","2026-10-10T17:33:39.100Z"
"electrode_hisuian","Electrode (Hisuian)","false","genderless","UL","","163","165","","true","Thunder Shock","Wild Charge","Energy Ball","","Matched pinned PvPoke recommendation and exact-form move pool","unchanged","Thunder Shock; Wild Charge; Energy Ball","https://github.com/pvpoke/pvpoke/blob/c15fb6f7e8613169740d904d6f96baa1824de480/src/data/rankings/all/overall/rankings-2500.json","2026-10-10T17:33:39.100Z"
"empoleon","Empoleon","false","","UL","","10","7","","true","Metal Sound","Hydro Cannon","Drill Peck","Hydro Cannon","Matched pinned PvPoke recommendation and exact-form move pool","unchanged","Metal Sound; Hydro Cannon; Drill Peck","https://github.com/pvpoke/pvpoke/blob/c15fb6f7e8613169740d904d6f96baa1824de480/src/data/rankings/all/overall/rankings-2500.json","2026-10-10T17:33:39.100Z"
"empoleon_shadow","Empoleon (Shadow)","true","","UL","","11","9","","true","Metal Sound","Hydro Cannon","Drill Peck","Hydro Cannon","Matched pinned PvPoke recommendation and exact-form move pool","unchanged","Metal Sound; Hydro Cannon; Drill Peck","https://github.com/pvpoke/pvpoke/blob/c15fb6f7e8613169740d904d6f96baa1824de480/src/data/rankings/all/overall/rankings-2500.json","2026-10-10T17:33:39.100Z"
"feraligatr","Feraligatr","false","","UL","","15","15","","true","Shadow Claw","Hydro Cannon","Ice Beam","Hydro Cannon","Matched pinned PvPoke recommendation and exact-form move pool","unchanged","Shadow Claw; Hydro Cannon; Ice Beam","https://github.com/pvpoke/pvpoke/blob/c15fb6f7e8613169740d904d6f96baa1824de480/src/data/rankings/all/overall/rankings-2500.json","2026-10-10T17:33:39.100Z"
"feraligatr_shadow","Feraligatr (Shadow)","true","","UL","","14","14","","true","Shadow Claw","Hydro Cannon","Ice Beam","Hydro Cannon","Matched pinned PvPoke recommendation and exact-form move pool","unchanged","Shadow Claw; Hydro Cannon; Ice Beam","https://github.com/pvpoke/pvpoke/blob/c15fb6f7e8613169740d904d6f96baa1824de480/src/data/rankings/all/overall/rankings-2500.json","2026-10-10T17:33:39.100Z"
"flamigo","Flamigo","false","","UL","","126","135","","true","Peck","Upper Hand","Brave Bird","","Matched pinned PvPoke recommendation and exact-form move pool","unchanged","Peck; Upper Hand; Brave Bird","https://github.com/pvpoke/pvpoke/blob/c15fb6f7e8613169740d904d6f96baa1824de480/src/data/rankings/all/overall/rankings-2500.json","2026-10-10T17:33:39.100Z"
"florges","Florges","false","female","UL","","8","12","","true","Fairy Wind","Chilling Water","Disarming Voice","Chilling Water","Matched pinned PvPoke recommendation and exact-form move pool","unchanged","Fairy Wind; Chilling Water; Disarming Voice","https://github.com/pvpoke/pvpoke/blob/c15fb6f7e8613169740d904d6f96baa1824de480/src/data/rankings/all/overall/rankings-2500.json","2026-10-10T17:33:39.100Z"
"forretress","Forretress","false","","UL","","32","31","","true","Volt Switch","Rock Tomb","Sand Tomb","","Matched pinned PvPoke recommendation and exact-form move pool","unchanged","Volt Switch; Rock Tomb; Sand Tomb","https://github.com/pvpoke/pvpoke/blob/c15fb6f7e8613169740d904d6f96baa1824de480/src/data/rankings/all/overall/rankings-2500.json","2026-10-10T17:33:39.100Z"
"forretress_shadow","Forretress (Shadow)","true","","UL","","44","39","","true","Volt Switch","Rock Tomb","Sand Tomb","","Matched pinned PvPoke recommendation and exact-form move pool","unchanged","Volt Switch; Rock Tomb; Sand Tomb","https://github.com/pvpoke/pvpoke/blob/c15fb6f7e8613169740d904d6f96baa1824de480/src/data/rankings/all/overall/rankings-2500.json","2026-10-10T17:33:39.100Z"
"galvantula","Galvantula","false","","UL","","173","187","","true","Volt Switch","Lunge","Discharge","","Matched pinned PvPoke recommendation and exact-form move pool","unchanged","Volt Switch; Lunge; Discharge","https://github.com/pvpoke/pvpoke/blob/c15fb6f7e8613169740d904d6f96baa1824de480/src/data/rankings/all/overall/rankings-2500.json","2026-10-10T17:33:39.100Z"
"gastrodon","Gastrodon","false","","UL","","111","98","","true","Mud Slap","Body Slam","Earth Power","","Matched pinned PvPoke recommendation and exact-form move pool","unchanged","Mud Slap; Body Slam; Earth Power","https://github.com/pvpoke/pvpoke/blob/c15fb6f7e8613169740d904d6f96baa1824de480/src/data/rankings/all/overall/rankings-2500.json","2026-10-10T17:33:39.100Z"
"genesect","Genesect","false","genderless","UL","","197","188","","true","Fury Cutter","Magnet Bomb","Techno Blast (Normal)","Techno Blast (Normal)","Matched pinned PvPoke recommendation and exact-form move pool","unchanged","Fury Cutter; Magnet Bomb; Techno Blast (Normal)","https://github.com/pvpoke/pvpoke/blob/c15fb6f7e8613169740d904d6f96baa1824de480/src/data/rankings/all/overall/rankings-2500.json","2026-10-10T17:33:39.100Z"
"genesect_chill","Genesect (Chill)","false","genderless","UL","","143","132","","true","Fury Cutter","Magnet Bomb","Techno Blast (Chill)","Techno Blast (Chill)","Matched pinned PvPoke recommendation and exact-form move pool","unchanged","Fury Cutter; Magnet Bomb; Techno Blast (Chill)","https://github.com/pvpoke/pvpoke/blob/c15fb6f7e8613169740d904d6f96baa1824de480/src/data/rankings/all/overall/rankings-2500.json","2026-10-10T17:33:39.100Z"
"genesect_douse","Genesect (Douse)","false","genderless","UL","","174","151","","true","Fury Cutter","Magnet Bomb","Techno Blast (Douse)","Techno Blast (Douse)","Matched pinned PvPoke recommendation and exact-form move pool","unchanged","Fury Cutter; Magnet Bomb; Techno Blast (Douse)","https://github.com/pvpoke/pvpoke/blob/c15fb6f7e8613169740d904d6f96baa1824de480/src/data/rankings/all/overall/rankings-2500.json","2026-10-10T17:33:39.100Z"
"genesect_shock","Genesect (Shock)","false","genderless","UL","","98","91","","true","Fury Cutter","Magnet Bomb","Techno Blast (Shock)","","Matched pinned PvPoke recommendation and exact-form move pool","unchanged","Fury Cutter; Magnet Bomb; Techno Blast (Shock)","https://github.com/pvpoke/pvpoke/blob/c15fb6f7e8613169740d904d6f96baa1824de480/src/data/rankings/all/overall/rankings-2500.json","2026-10-10T17:33:39.100Z"
"giratina_altered","Giratina (Altered)","false","genderless","UL","","16","17","","true","Dragon Breath","Ancient Power","Shadow Force","Shadow Force","Matched pinned PvPoke recommendation and exact-form move pool","unchanged","Dragon Breath; Ancient Power; Shadow Force","https://github.com/pvpoke/pvpoke/blob/c15fb6f7e8613169740d904d6f96baa1824de480/src/data/rankings/all/overall/rankings-2500.json","2026-10-10T17:33:39.100Z"
"giratina_altered_shadow","Giratina (Altered) (Shadow)","true","genderless","UL","","28","32","","true","Dragon Breath","Ancient Power","Shadow Sneak","","Matched pinned PvPoke recommendation and exact-form move pool","unchanged","Dragon Breath; Ancient Power; Shadow Sneak","https://github.com/pvpoke/pvpoke/blob/c15fb6f7e8613169740d904d6f96baa1824de480/src/data/rankings/all/overall/rankings-2500.json","2026-10-10T17:33:39.100Z"
"gliscor","Gliscor","false","","UL","","181","213","","true","Wing Attack","Acrobatics","Night Slash","","Matched pinned PvPoke recommendation and exact-form move pool","unchanged","Wing Attack; Acrobatics; Night Slash","https://github.com/pvpoke/pvpoke/blob/c15fb6f7e8613169740d904d6f96baa1824de480/src/data/rankings/all/overall/rankings-2500.json","2026-10-10T17:33:39.100Z"
"gogoat","Gogoat","false","","UL","","198","194","","true","Vine Whip","Leaf Blade","Rock Slide","","Matched pinned PvPoke recommendation and exact-form move pool","unchanged","Vine Whip; Leaf Blade; Rock Slide","https://github.com/pvpoke/pvpoke/blob/c15fb6f7e8613169740d904d6f96baa1824de480/src/data/rankings/all/overall/rankings-2500.json","2026-10-10T17:33:39.100Z"
"golisopod","Golisopod","false","","UL","","69","71","","true","Fury Cutter","X-Scissor","Aqua Jet","","Matched pinned PvPoke recommendation and exact-form move pool","unchanged","Fury Cutter; X-Scissor; Aqua Jet","https://github.com/pvpoke/pvpoke/blob/c15fb6f7e8613169740d904d6f96baa1824de480/src/data/rankings/all/overall/rankings-2500.json","2026-10-10T17:33:39.100Z"
"golisopod_shadow","Golisopod (Shadow)","true","","UL","","57","49","","true","Fury Cutter","Aqua Jet","X-Scissor","","Matched pinned PvPoke recommendation and exact-form move pool","unchanged","Fury Cutter; Aqua Jet; X-Scissor","https://github.com/pvpoke/pvpoke/blob/c15fb6f7e8613169740d904d6f96baa1824de480/src/data/rankings/all/overall/rankings-2500.json","2026-10-10T17:33:39.100Z"
"goodra","Goodra","false","","UL","","139","152","","true","Dragon Breath","Aqua Tail","Power Whip","","Matched pinned PvPoke recommendation and exact-form move pool","unchanged","Dragon Breath; Aqua Tail; Power Whip","https://github.com/pvpoke/pvpoke/blob/c15fb6f7e8613169740d904d6f96baa1824de480/src/data/rankings/all/overall/rankings-2500.json","2026-10-10T17:33:39.100Z"
"gourgeist_super","Gourgeist (Super)","false","","UL","","199","189","","true","Incinerate","Shadow Ball","Seed Bomb","","Matched pinned PvPoke recommendation and exact-form move pool","unchanged","Incinerate; Shadow Ball; Seed Bomb","https://github.com/pvpoke/pvpoke/blob/c15fb6f7e8613169740d904d6f96baa1824de480/src/data/rankings/all/overall/rankings-2500.json","2026-10-10T17:33:39.100Z"
"grafaiai","Grafaiai","false","","UL","","193","195","","true","Scratch","Poison Fang","Foul Play","","Matched pinned PvPoke recommendation and exact-form move pool","unchanged","Scratch; Poison Fang; Foul Play","https://github.com/pvpoke/pvpoke/blob/c15fb6f7e8613169740d904d6f96baa1824de480/src/data/rankings/all/overall/rankings-2500.json","2026-10-10T17:33:39.100Z"
"greedent","Greedent","false","","UL","","158","150","","true","Bite","Body Slam","Trailblaze","","Matched pinned PvPoke recommendation and exact-form move pool","unchanged","Bite; Body Slam; Trailblaze","https://github.com/pvpoke/pvpoke/blob/c15fb6f7e8613169740d904d6f96baa1824de480/src/data/rankings/all/overall/rankings-2500.json","2026-10-10T17:33:39.100Z"
"greninja_shadow","Greninja (Shadow)","true","","UL","","121","108","","true","Water Shuriken","Hydro Cannon","Brutal Swing","Hydro Cannon","Matched pinned PvPoke recommendation and exact-form move pool","unchanged","Water Shuriken; Hydro Cannon; Brutal Swing","https://github.com/pvpoke/pvpoke/blob/c15fb6f7e8613169740d904d6f96baa1824de480/src/data/rankings/all/overall/rankings-2500.json","2026-10-10T17:33:39.100Z"
"grimmsnarl","Grimmsnarl","false","male","UL","","151","156","","true","Sucker Punch","Foul Play","Draining Kiss","","Matched pinned PvPoke recommendation and exact-form move pool","unchanged","Sucker Punch; Foul Play; Draining Kiss","https://github.com/pvpoke/pvpoke/blob/c15fb6f7e8613169740d904d6f96baa1824de480/src/data/rankings/all/overall/rankings-2500.json","2026-10-10T17:33:39.100Z"
"grumpig","Grumpig","false","","UL","","106","109","","true","Psywave","Dynamic Punch","Shadow Ball","","Matched pinned PvPoke recommendation and exact-form move pool","unchanged","Psywave; Dynamic Punch; Shadow Ball","https://github.com/pvpoke/pvpoke/blob/c15fb6f7e8613169740d904d6f96baa1824de480/src/data/rankings/all/overall/rankings-2500.json","2026-10-10T17:33:39.100Z"
"grumpig_shadow","Grumpig (Shadow)","true","","UL","","107","110","","true","Psywave","Dynamic Punch","Shadow Ball","","Matched pinned PvPoke recommendation and exact-form move pool","unchanged","Psywave; Dynamic Punch; Shadow Ball","https://github.com/pvpoke/pvpoke/blob/c15fb6f7e8613169740d904d6f96baa1824de480/src/data/rankings/all/overall/rankings-2500.json","2026-10-10T17:33:39.100Z"
"guzzlord","Guzzlord","false","genderless","UL","","18","19","","true","Dragon Tail","Brutal Swing","Sludge Bomb","","Matched pinned PvPoke recommendation and exact-form move pool","unchanged","Dragon Tail; Brutal Swing; Sludge Bomb","https://github.com/pvpoke/pvpoke/blob/c15fb6f7e8613169740d904d6f96baa1824de480/src/data/rankings/all/overall/rankings-2500.json","2026-10-10T17:33:39.100Z"
"gyarados","Gyarados","false","","UL","","77","75","","true","Dragon Breath","Aqua Tail","Twister","Aqua Tail","Matched pinned PvPoke recommendation and exact-form move pool","unchanged","Dragon Breath; Aqua Tail; Twister","https://github.com/pvpoke/pvpoke/blob/c15fb6f7e8613169740d904d6f96baa1824de480/src/data/rankings/all/overall/rankings-2500.json","2026-10-10T17:33:39.100Z"
"gyarados_shadow","Gyarados (Shadow)","true","","UL","","70","67","","true","Dragon Breath","Aqua Tail","Twister","Aqua Tail","Matched pinned PvPoke recommendation and exact-form move pool","unchanged","Dragon Breath; Aqua Tail; Twister","https://github.com/pvpoke/pvpoke/blob/c15fb6f7e8613169740d904d6f96baa1824de480/src/data/rankings/all/overall/rankings-2500.json","2026-10-10T17:33:39.100Z"
"hawlucha","Hawlucha","false","","UL","","144","138","","true","Low Kick","Flying Press","Aerial Ace","","Matched pinned PvPoke recommendation and exact-form move pool","unchanged","Low Kick; Flying Press; Aerial Ace","https://github.com/pvpoke/pvpoke/blob/c15fb6f7e8613169740d904d6f96baa1824de480/src/data/rankings/all/overall/rankings-2500.json","2026-10-10T17:33:39.100Z"
"hippowdon","Hippowdon","false","","UL","","101","99","","true","Sand Attack","Weather Ball (Rock)","Earth Power","","Matched pinned PvPoke recommendation and exact-form move pool","unchanged","Sand Attack; Weather Ball (Rock); Earth Power","https://github.com/pvpoke/pvpoke/blob/c15fb6f7e8613169740d904d6f96baa1824de480/src/data/rankings/all/overall/rankings-2500.json","2026-10-10T17:33:39.100Z"
"hippowdon_shadow","Hippowdon (Shadow)","true","","UL","","108","92","","true","Sand Attack","Weather Ball (Rock)","Earth Power","","Matched pinned PvPoke recommendation and exact-form move pool","unchanged","Sand Attack; Weather Ball (Rock); Earth Power","https://github.com/pvpoke/pvpoke/blob/c15fb6f7e8613169740d904d6f96baa1824de480/src/data/rankings/all/overall/rankings-2500.json","2026-10-10T17:33:39.100Z"
"houndoom_shadow","Houndoom (Shadow)","true","","UL","","169","179","","true","Incinerate","Foul Play","Trailblaze","","Matched pinned PvPoke recommendation and exact-form move pool","unchanged","Incinerate; Foul Play; Trailblaze","https://github.com/pvpoke/pvpoke/blob/c15fb6f7e8613169740d904d6f96baa1824de480/src/data/rankings/all/overall/rankings-2500.json","2026-10-10T17:33:39.100Z"
"hydreigon","Hydreigon","false","","UL","","179","203","","true","Dragon Breath","Brutal Swing","Dragon Pulse","Brutal Swing","Matched pinned PvPoke recommendation and exact-form move pool","unchanged","Dragon Breath; Brutal Swing; Dragon Pulse","https://github.com/pvpoke/pvpoke/blob/c15fb6f7e8613169740d904d6f96baa1824de480/src/data/rankings/all/overall/rankings-2500.json","2026-10-10T17:33:39.100Z"
"hydreigon_shadow","Hydreigon (Shadow)","true","","UL","","95","126","","true","Dragon Breath","Brutal Swing","Fly","Brutal Swing","Matched pinned PvPoke recommendation and exact-form move pool","unchanged","Dragon Breath; Brutal Swing; Fly","https://github.com/pvpoke/pvpoke/blob/c15fb6f7e8613169740d904d6f96baa1824de480/src/data/rankings/all/overall/rankings-2500.json","2026-10-10T17:33:39.100Z"
"jellicent","Jellicent","false","","UL","","17","16","","true","Hex","Surf","Shadow Ball","","Matched pinned PvPoke recommendation and exact-form move pool","unchanged","Hex; Surf; Shadow Ball","https://github.com/pvpoke/pvpoke/blob/c15fb6f7e8613169740d904d6f96baa1824de480/src/data/rankings/all/overall/rankings-2500.json","2026-10-10T17:33:39.100Z"
"kingambit","Kingambit","false","","UL","","189","157","","true","Low Kick","Foul Play","Iron Head","","Matched pinned PvPoke recommendation and exact-form move pool","unchanged","Low Kick; Foul Play; Iron Head","https://github.com/pvpoke/pvpoke/blob/c15fb6f7e8613169740d904d6f96baa1824de480/src/data/rankings/all/overall/rankings-2500.json","2026-10-10T17:33:39.100Z"
"kingdra","Kingdra","false","","UL","","59","68","","true","Dragon Breath","Surf","Swift","","Matched pinned PvPoke recommendation and exact-form move pool","unchanged","Dragon Breath; Surf; Swift","https://github.com/pvpoke/pvpoke/blob/c15fb6f7e8613169740d904d6f96baa1824de480/src/data/rankings/all/overall/rankings-2500.json","2026-10-10T17:33:39.100Z"
"kingdra_shadow","Kingdra (Shadow)","true","","UL","","64","76","","true","Dragon Breath","Surf","Swift","","Matched pinned PvPoke recommendation and exact-form move pool","unchanged","Dragon Breath; Surf; Swift","https://github.com/pvpoke/pvpoke/blob/c15fb6f7e8613169740d904d6f96baa1824de480/src/data/rankings/all/overall/rankings-2500.json","2026-10-10T17:33:39.100Z"
"kommo_o","Kommo-o","false","","UL","","90","121","","true","Dragon Tail","Clanging Scales","Upper Hand","Clanging Scales","Matched pinned PvPoke recommendation and exact-form move pool","unchanged","Dragon Tail; Clanging Scales; Upper Hand","https://github.com/pvpoke/pvpoke/blob/c15fb6f7e8613169740d904d6f96baa1824de480/src/data/rankings/all/overall/rankings-2500.json","2026-10-10T17:33:39.100Z"
"kyurem","Kyurem","false","genderless","UL","","87","107","","true","Dragon Breath","Glaciate","Dragon Claw","Glaciate","Matched pinned PvPoke recommendation and exact-form move pool","unchanged","Dragon Breath; Glaciate; Dragon Claw","https://github.com/pvpoke/pvpoke/blob/c15fb6f7e8613169740d904d6f96baa1824de480/src/data/rankings/all/overall/rankings-2500.json","2026-10-10T17:33:39.100Z"
"lapras","Lapras","false","","UL","","20","22","","true","Psywave","Sparkling Aria","Ice Beam","Ice Beam","Matched pinned PvPoke recommendation and exact-form move pool","unchanged","Psywave; Sparkling Aria; Ice Beam","https://github.com/pvpoke/pvpoke/blob/c15fb6f7e8613169740d904d6f96baa1824de480/src/data/rankings/all/overall/rankings-2500.json","2026-10-10T17:33:39.100Z"
"lapras_shadow","Lapras (Shadow)","true","","UL","","23","23","","true","Psywave","Sparkling Aria","Ice Beam","Ice Beam","Matched pinned PvPoke recommendation and exact-form move pool","unchanged","Psywave; Sparkling Aria; Ice Beam","https://github.com/pvpoke/pvpoke/blob/c15fb6f7e8613169740d904d6f96baa1824de480/src/data/rankings/all/overall/rankings-2500.json","2026-10-10T17:33:39.100Z"
"latias","Latias","false","female","UL","","112","127","","true","Dragon Breath","Mist Ball","Aura Sphere","Mist Ball","Matched pinned PvPoke recommendation and exact-form move pool","unchanged","Dragon Breath; Mist Ball; Aura Sphere","https://github.com/pvpoke/pvpoke/blob/c15fb6f7e8613169740d904d6f96baa1824de480/src/data/rankings/all/overall/rankings-2500.json","2026-10-10T17:33:39.100Z"
"latias_shadow","Latias (Shadow)","true","female","UL","","152","160","","true","Dragon Breath","Mist Ball","Aura Sphere","Mist Ball","Matched pinned PvPoke recommendation and exact-form move pool","unchanged","Dragon Breath; Mist Ball; Aura Sphere","https://github.com/pvpoke/pvpoke/blob/c15fb6f7e8613169740d904d6f96baa1824de480/src/data/rankings/all/overall/rankings-2500.json","2026-10-10T17:33:39.100Z"
"lickilicky","Lickilicky","false","","UL","","109","102","","true","Rollout","Body Slam","Shadow Ball","Body Slam","Matched pinned PvPoke recommendation and exact-form move pool","unchanged","Rollout; Body Slam; Shadow Ball","https://github.com/pvpoke/pvpoke/blob/c15fb6f7e8613169740d904d6f96baa1824de480/src/data/rankings/all/overall/rankings-2500.json","2026-10-10T17:33:39.100Z"
"ludicolo","Ludicolo","false","","UL","","122","115","","true","Astonish","Weather Ball (Water)","Energy Ball","","Matched pinned PvPoke recommendation and exact-form move pool","unchanged","Astonish; Weather Ball (Water); Energy Ball","https://github.com/pvpoke/pvpoke/blob/c15fb6f7e8613169740d904d6f96baa1824de480/src/data/rankings/all/overall/rankings-2500.json","2026-10-10T17:33:39.100Z"
"lugia","Lugia","false","genderless","UL","","135","146","","true","Dragon Tail","Aeroblast","Earth Power","Aeroblast","Matched pinned PvPoke recommendation and exact-form move pool","unchanged","Dragon Tail; Aeroblast; Earth Power","https://github.com/pvpoke/pvpoke/blob/c15fb6f7e8613169740d904d6f96baa1824de480/src/data/rankings/all/overall/rankings-2500.json","2026-10-10T17:33:39.100Z"
"machamp_shadow","Machamp (Shadow)","true","","UL","","166","175","","true","Karate Chop","Cross Chop","Rock Slide","Karate Chop","Matched pinned PvPoke recommendation and exact-form move pool","unchanged","Karate Chop; Cross Chop; Rock Slide","https://github.com/pvpoke/pvpoke/blob/c15fb6f7e8613169740d904d6f96baa1824de480/src/data/rankings/all/overall/rankings-2500.json","2026-10-10T17:33:39.100Z"
"malamar","Malamar","false","","UL","","62","64","","true","Psywave","Superpower","Foul Play","","Matched pinned PvPoke recommendation and exact-form move pool","unchanged","Psywave; Superpower; Foul Play","https://github.com/pvpoke/pvpoke/blob/c15fb6f7e8613169740d904d6f96baa1824de480/src/data/rankings/all/overall/rankings-2500.json","2026-10-10T17:33:39.100Z"
"malamar_shadow","Malamar (Shadow)","true","","UL","","53","56","","true","Psywave","Foul Play","Superpower","","Matched pinned PvPoke recommendation and exact-form move pool","unchanged","Psywave; Foul Play; Superpower","https://github.com/pvpoke/pvpoke/blob/c15fb6f7e8613169740d904d6f96baa1824de480/src/data/rankings/all/overall/rankings-2500.json","2026-10-10T17:33:39.100Z"
"mandibuzz","Mandibuzz","false","female","UL","","123","141","","true","Snarl","Dark Pulse","Shadow Ball","","Matched pinned PvPoke recommendation and exact-form move pool","unchanged","Snarl; Dark Pulse; Shadow Ball","https://github.com/pvpoke/pvpoke/blob/c15fb6f7e8613169740d904d6f96baa1824de480/src/data/rankings/all/overall/rankings-2500.json","2026-10-10T17:33:39.100Z"
"mantine","Mantine","false","","UL","","129","133","","true","Wing Attack","Twister","Water Pulse","","Matched pinned PvPoke recommendation and exact-form move pool","unchanged","Wing Attack; Twister; Water Pulse","https://github.com/pvpoke/pvpoke/blob/c15fb6f7e8613169740d904d6f96baa1824de480/src/data/rankings/all/overall/rankings-2500.json","2026-10-10T17:33:39.100Z"
"melmetal","Melmetal","false","genderless","UL","","12","5","","true","Thunder Shock","Double Iron Bash","Dynamic Punch","Double Iron Bash","Matched pinned PvPoke recommendation and exact-form move pool","unchanged","Thunder Shock; Double Iron Bash; Dynamic Punch","https://github.com/pvpoke/pvpoke/blob/c15fb6f7e8613169740d904d6f96baa1824de480/src/data/rankings/all/overall/rankings-2500.json","2026-10-10T17:33:39.100Z"
"mew","Mew","false","genderless","UL","","186","204","","true","Shadow Claw","Psyshock","Wild Charge","","Matched pinned PvPoke recommendation and exact-form move pool","unchanged","Shadow Claw; Psyshock; Wild Charge","https://github.com/pvpoke/pvpoke/blob/c15fb6f7e8613169740d904d6f96baa1824de480/src/data/rankings/all/overall/rankings-2500.json","2026-10-10T17:33:39.100Z"
"mewtwo_armored","Mewtwo (Armored)","false","genderless","UL","","124","129","","true","Confusion","Psystrike","Dynamic Punch","Psystrike","Matched pinned PvPoke recommendation and exact-form move pool","unchanged","Confusion; Psystrike; Dynamic Punch","https://github.com/pvpoke/pvpoke/blob/c15fb6f7e8613169740d904d6f96baa1824de480/src/data/rankings/all/overall/rankings-2500.json","2026-10-10T17:33:39.100Z"
"milotic","Milotic","false","","UL","","78","73","","true","Waterfall","Aqua Tail","Wrap","","Matched pinned PvPoke recommendation and exact-form move pool","unchanged","Waterfall; Aqua Tail; Wrap","https://github.com/pvpoke/pvpoke/blob/c15fb6f7e8613169740d904d6f96baa1824de480/src/data/rankings/all/overall/rankings-2500.json","2026-10-10T17:33:39.100Z"
"milotic_shadow","Milotic (Shadow)","true","","UL","","60","53","","true","Waterfall","Aqua Tail","Wrap","","Matched pinned PvPoke recommendation and exact-form move pool","unchanged","Waterfall; Aqua Tail; Wrap","https://github.com/pvpoke/pvpoke/blob/c15fb6f7e8613169740d904d6f96baa1824de480/src/data/rankings/all/overall/rankings-2500.json","2026-10-10T17:33:39.100Z"
"miltank","Miltank","false","female","UL","","65","60","","true","Rollout","Body Slam","High Horsepower","","Matched pinned PvPoke recommendation and exact-form move pool","unchanged","Rollout; Body Slam; High Horsepower","https://github.com/pvpoke/pvpoke/blob/c15fb6f7e8613169740d904d6f96baa1824de480/src/data/rankings/all/overall/rankings-2500.json","2026-10-10T17:33:39.100Z"
"mimikyu","Mimikyu","false","","UL","","7","10","","true","Shadow Claw","Shadow Sneak","Play Rough","","Matched pinned PvPoke recommendation and exact-form move pool","unchanged","Shadow Claw; Shadow Sneak; Play Rough","https://github.com/pvpoke/pvpoke/blob/c15fb6f7e8613169740d904d6f96baa1824de480/src/data/rankings/all/overall/rankings-2500.json","2026-10-10T17:33:39.100Z"
"moltres_galarian","Moltres (Galarian)","false","genderless","UL","","9","13","","true","Sucker Punch","Fly","Brave Bird","","Matched pinned PvPoke recommendation and exact-form move pool","unchanged","Sucker Punch; Fly; Brave Bird","https://github.com/pvpoke/pvpoke/blob/c15fb6f7e8613169740d904d6f96baa1824de480/src/data/rankings/all/overall/rankings-2500.json","2026-10-10T17:33:39.100Z"
"muk_alolan","Muk (Alolan)","false","","UL","","34","36","","true","Poison Jab","Brutal Swing","Ice Punch","","Matched pinned PvPoke recommendation and exact-form move pool","unchanged","Poison Jab; Brutal Swing; Ice Punch","https://github.com/pvpoke/pvpoke/blob/c15fb6f7e8613169740d904d6f96baa1824de480/src/data/rankings/all/overall/rankings-2500.json","2026-10-10T17:33:39.100Z"
"muk_alolan_shadow","Muk (Alolan) (Shadow)","true","","UL","","66","69","","true","Poison Jab","Brutal Swing","Ice Punch","","Matched pinned PvPoke recommendation and exact-form move pool","unchanged","Poison Jab; Brutal Swing; Ice Punch","https://github.com/pvpoke/pvpoke/blob/c15fb6f7e8613169740d904d6f96baa1824de480/src/data/rankings/all/overall/rankings-2500.json","2026-10-10T17:33:39.100Z"
"nidoking","Nidoking","false","male","UL","","178","166","","true","Poison Sting","Avalanche","Earth Power","","Matched pinned PvPoke recommendation and exact-form move pool","unchanged","Poison Sting; Avalanche; Earth Power","https://github.com/pvpoke/pvpoke/blob/c15fb6f7e8613169740d904d6f96baa1824de480/src/data/rankings/all/overall/rankings-2500.json","2026-10-10T17:33:39.100Z"
"nidoqueen","Nidoqueen","false","female","UL","","132","122","","true","Mud Slap","Poison Fang","Earth Power","","Matched pinned PvPoke recommendation and exact-form move pool","unchanged","Mud Slap; Poison Fang; Earth Power","https://github.com/pvpoke/pvpoke/blob/c15fb6f7e8613169740d904d6f96baa1824de480/src/data/rankings/all/overall/rankings-2500.json","2026-10-10T17:33:39.100Z"
"nidoqueen_shadow","Nidoqueen (Shadow)","true","female","UL","","175","167","","true","Mud Slap","Poison Fang","Earth Power","","Matched pinned PvPoke recommendation and exact-form move pool","unchanged","Mud Slap; Poison Fang; Earth Power","https://github.com/pvpoke/pvpoke/blob/c15fb6f7e8613169740d904d6f96baa1824de480/src/data/rankings/all/overall/rankings-2500.json","2026-10-10T17:33:39.100Z"
"ninetales","Ninetales","false","","UL","","38","34","","true","Ember","Weather Ball (Fire)","Energy Ball","Ember; Energy Ball","Matched pinned PvPoke recommendation and exact-form move pool","unchanged","Ember; Weather Ball (Fire); Energy Ball","https://github.com/pvpoke/pvpoke/blob/c15fb6f7e8613169740d904d6f96baa1824de480/src/data/rankings/all/overall/rankings-2500.json","2026-10-10T17:33:39.100Z"
"ninetales_alolan","Ninetales (Alolan)","false","","UL","","25","24","","true","Powder Snow","Weather Ball (Ice)","Chilling Water","Chilling Water","Matched pinned PvPoke recommendation and exact-form move pool","unchanged","Powder Snow; Weather Ball (Ice); Chilling Water","https://github.com/pvpoke/pvpoke/blob/c15fb6f7e8613169740d904d6f96baa1824de480/src/data/rankings/all/overall/rankings-2500.json","2026-10-10T17:33:39.100Z"
"ninetales_alolan_shadow","Ninetales (Alolan) (Shadow)","true","","UL","","31","30","","true","Powder Snow","Weather Ball (Ice)","Chilling Water","Chilling Water","Matched pinned PvPoke recommendation and exact-form move pool","unchanged","Powder Snow; Weather Ball (Ice); Chilling Water","https://github.com/pvpoke/pvpoke/blob/c15fb6f7e8613169740d904d6f96baa1824de480/src/data/rankings/all/overall/rankings-2500.json","2026-10-10T17:33:39.100Z"
"ninetales_shadow","Ninetales (Shadow)","true","","UL","","73","65","","true","Ember","Weather Ball (Fire)","Energy Ball","Ember; Energy Ball","Matched pinned PvPoke recommendation and exact-form move pool","unchanged","Ember; Weather Ball (Fire); Energy Ball","https://github.com/pvpoke/pvpoke/blob/c15fb6f7e8613169740d904d6f96baa1824de480/src/data/rankings/all/overall/rankings-2500.json","2026-10-10T17:33:39.100Z"
"oinkologne_female","Oinkologne (Female)","false","female","UL","","79","78","","true","Take Down","Body Slam","Trailblaze","","Matched pinned PvPoke recommendation and exact-form move pool","unchanged","Take Down; Body Slam; Trailblaze","https://github.com/pvpoke/pvpoke/blob/c15fb6f7e8613169740d904d6f96baa1824de480/src/data/rankings/all/overall/rankings-2500.json","2026-10-10T17:33:39.100Z"
"oinkologne","Oinkologne (Male)","false","male","UL","","167","176","","true","Take Down","Body Slam","Trailblaze","","Matched pinned PvPoke recommendation and exact-form move pool","unchanged","Take Down; Body Slam; Trailblaze","https://github.com/pvpoke/pvpoke/blob/c15fb6f7e8613169740d904d6f96baa1824de480/src/data/rankings/all/overall/rankings-2500.json","2026-10-10T17:33:39.100Z"
"oranguru","Oranguru","false","","UL","","67","77","","true","Confusion","Brutal Swing","Trailblaze","","Matched pinned PvPoke recommendation and exact-form move pool","unchanged","Confusion; Brutal Swing; Trailblaze","https://github.com/pvpoke/pvpoke/blob/c15fb6f7e8613169740d904d6f96baa1824de480/src/data/rankings/all/overall/rankings-2500.json","2026-10-10T17:33:39.100Z"
"orthworm","Orthworm","false","","UL","","88","81","","true","Mud Slap","Iron Head","Rock Tomb","","Matched pinned PvPoke recommendation and exact-form move pool","unchanged","Mud Slap; Iron Head; Rock Tomb","https://github.com/pvpoke/pvpoke/blob/c15fb6f7e8613169740d904d6f96baa1824de480/src/data/rankings/all/overall/rankings-2500.json","2026-10-10T17:33:39.100Z"
"pangoro","Pangoro","false","","UL","","182","197","","true","Karate Chop","Close Combat","Night Slash","","Matched pinned PvPoke recommendation and exact-form move pool","unchanged","Karate Chop; Close Combat; Night Slash","https://github.com/pvpoke/pvpoke/blob/c15fb6f7e8613169740d904d6f96baa1824de480/src/data/rankings/all/overall/rankings-2500.json","2026-10-10T17:33:39.100Z"
"pangoro_shadow","Pangoro (Shadow)","true","","UL","","159","168","","true","Karate Chop","Close Combat","Night Slash","","Matched pinned PvPoke recommendation and exact-form move pool","unchanged","Karate Chop; Close Combat; Night Slash","https://github.com/pvpoke/pvpoke/blob/c15fb6f7e8613169740d904d6f96baa1824de480/src/data/rankings/all/overall/rankings-2500.json","2026-10-10T17:33:39.100Z"
"pelipper","Pelipper","false","","UL","","136","139","","true","Wing Attack","Weather Ball (Water)","Hurricane","","Matched pinned PvPoke recommendation and exact-form move pool","unchanged","Wing Attack; Weather Ball (Water); Hurricane","https://github.com/pvpoke/pvpoke/blob/c15fb6f7e8613169740d904d6f96baa1824de480/src/data/rankings/all/overall/rankings-2500.json","2026-10-10T17:33:39.100Z"
"piloswine","Piloswine","false","","UL","","113","93","","true","Powder Snow","Icicle Spear","High Horsepower","","Matched pinned PvPoke recommendation and exact-form move pool","unchanged","Powder Snow; Icicle Spear; High Horsepower","https://github.com/pvpoke/pvpoke/blob/c15fb6f7e8613169740d904d6f96baa1824de480/src/data/rankings/all/overall/rankings-2500.json","2026-10-10T17:33:39.100Z"
"piloswine_shadow","Piloswine (Shadow)","true","","UL","","92","84","","true","Powder Snow","Icicle Spear","High Horsepower","","Matched pinned PvPoke recommendation and exact-form move pool","unchanged","Powder Snow; Icicle Spear; High Horsepower","https://github.com/pvpoke/pvpoke/blob/c15fb6f7e8613169740d904d6f96baa1824de480/src/data/rankings/all/overall/rankings-2500.json","2026-10-10T17:33:39.100Z"
"politoed","Politoed","false","","UL","","130","116","","true","Mud Shot","Weather Ball (Water)","Earthquake","Earthquake","Matched pinned PvPoke recommendation and exact-form move pool","unchanged","Mud Shot; Weather Ball (Water); Earthquake","https://github.com/pvpoke/pvpoke/blob/c15fb6f7e8613169740d904d6f96baa1824de480/src/data/rankings/all/overall/rankings-2500.json","2026-10-10T17:33:39.100Z"
"politoed_shadow","Politoed (Shadow)","true","","UL","","93","88","","true","Mud Shot","Weather Ball (Water)","Earthquake","Earthquake","Matched pinned PvPoke recommendation and exact-form move pool","unchanged","Mud Shot; Weather Ball (Water); Earthquake","https://github.com/pvpoke/pvpoke/blob/c15fb6f7e8613169740d904d6f96baa1824de480/src/data/rankings/all/overall/rankings-2500.json","2026-10-10T17:33:39.100Z"
"primarina","Primarina","false","","UL","","47","50","","true","Waterfall","Hydro Cannon","Moonblast","Hydro Cannon","Matched pinned PvPoke recommendation and exact-form move pool","unchanged","Waterfall; Hydro Cannon; Moonblast","https://github.com/pvpoke/pvpoke/blob/c15fb6f7e8613169740d904d6f96baa1824de480/src/data/rankings/all/overall/rankings-2500.json","2026-10-10T17:33:39.100Z"
"raikou","Raikou","false","genderless","UL","","114","117","","true","Thunder Shock","Wild Charge","Aura Sphere","","Matched pinned PvPoke recommendation and exact-form move pool","unchanged","Thunder Shock; Wild Charge; Aura Sphere","https://github.com/pvpoke/pvpoke/blob/c15fb6f7e8613169740d904d6f96baa1824de480/src/data/rankings/all/overall/rankings-2500.json","2026-10-10T17:33:39.100Z"
"raikou_shadow","Raikou (Shadow)","true","genderless","UL","","99","94","","true","Thunder Shock","Wild Charge","Aura Sphere","","Matched pinned PvPoke recommendation and exact-form move pool","unchanged","Thunder Shock; Wild Charge; Aura Sphere","https://github.com/pvpoke/pvpoke/blob/c15fb6f7e8613169740d904d6f96baa1824de480/src/data/rankings/all/overall/rankings-2500.json","2026-10-10T17:33:39.100Z"
"rapidash","Rapidash","false","","UL","","140","130","","true","Incinerate","Wild Charge","Drill Run","Wild Charge","Matched pinned PvPoke recommendation and exact-form move pool","unchanged","Incinerate; Wild Charge; Drill Run","https://github.com/pvpoke/pvpoke/blob/c15fb6f7e8613169740d904d6f96baa1824de480/src/data/rankings/all/overall/rankings-2500.json","2026-10-10T17:33:39.100Z"
"rapidash_shadow","Rapidash (Shadow)","true","","UL","","131","118","","true","Incinerate","Wild Charge","Drill Run","Wild Charge","Matched pinned PvPoke recommendation and exact-form move pool","unchanged","Incinerate; Wild Charge; Drill Run","https://github.com/pvpoke/pvpoke/blob/c15fb6f7e8613169740d904d6f96baa1824de480/src/data/rankings/all/overall/rankings-2500.json","2026-10-10T17:33:39.100Z"
"regice","Regice","false","genderless","UL","","183","190","","true","Lock On","Thunder","Blizzard","Thunder","Matched pinned PvPoke recommendation and exact-form move pool","unchanged","Lock On; Thunder; Blizzard","https://github.com/pvpoke/pvpoke/blob/c15fb6f7e8613169740d904d6f96baa1824de480/src/data/rankings/all/overall/rankings-2500.json","2026-10-10T17:33:39.100Z"
"regidrago","Regidrago","false","genderless","UL","","29","33","","true","Dragon Breath","Dragon Energy","Vise Grip","Dragon Breath; Dragon Energy","Matched pinned PvPoke recommendation and exact-form move pool","unchanged","Dragon Breath; Dragon Energy; Vise Grip","https://github.com/pvpoke/pvpoke/blob/c15fb6f7e8613169740d904d6f96baa1824de480/src/data/rankings/all/overall/rankings-2500.json","2026-10-10T17:33:39.100Z"
"registeel","Registeel","false","genderless","UL","","30","28","","true","Lock On","Flash Cannon","Focus Blast","","Matched pinned PvPoke recommendation and exact-form move pool","unchanged","Lock On; Flash Cannon; Focus Blast","https://github.com/pvpoke/pvpoke/blob/c15fb6f7e8613169740d904d6f96baa1824de480/src/data/rankings/all/overall/rankings-2500.json","2026-10-10T17:33:39.100Z"
"reshiram","Reshiram","false","genderless","UL","","190","238","","true","Dragon Breath","Fusion Flare","Draco Meteor","Fusion Flare","Matched pinned PvPoke recommendation and exact-form move pool","unchanged","Dragon Breath; Fusion Flare; Draco Meteor","https://github.com/pvpoke/pvpoke/blob/c15fb6f7e8613169740d904d6f96baa1824de480/src/data/rankings/all/overall/rankings-2500.json","2026-10-10T17:33:39.100Z"
"rillaboom","Rillaboom","false","","UL","","21","20","","true","Scratch","Drum Beating","Earth Power","","Matched pinned PvPoke recommendation and exact-form move pool","unchanged","Scratch; Drum Beating; Earth Power","https://github.com/pvpoke/pvpoke/blob/c15fb6f7e8613169740d904d6f96baa1824de480/src/data/rankings/all/overall/rankings-2500.json","2026-10-10T17:33:39.100Z"
"runerigus","Runerigus","false","","UL","","42","40","","true","Shadow Claw","Rock Tomb","Shadow Ball","","Matched pinned PvPoke recommendation and exact-form move pool","unchanged","Shadow Claw; Rock Tomb; Shadow Ball","https://github.com/pvpoke/pvpoke/blob/c15fb6f7e8613169740d904d6f96baa1824de480/src/data/rankings/all/overall/rankings-2500.json","2026-10-10T17:33:39.100Z"
"samurott","Samurott","false","","UL","","71","66","","true","Fury Cutter","Hydro Cannon","Megahorn","Hydro Cannon","Matched pinned PvPoke recommendation and exact-form move pool","unchanged","Fury Cutter; Hydro Cannon; Megahorn","https://github.com/pvpoke/pvpoke/blob/c15fb6f7e8613169740d904d6f96baa1824de480/src/data/rankings/all/overall/rankings-2500.json","2026-10-10T17:33:39.100Z"
"samurott_shadow","Samurott (Shadow)","true","","UL","","119","100","","true","Fury Cutter","Hydro Cannon","Megahorn","Hydro Cannon","Matched pinned PvPoke recommendation and exact-form move pool","unchanged","Fury Cutter; Hydro Cannon; Megahorn","https://github.com/pvpoke/pvpoke/blob/c15fb6f7e8613169740d904d6f96baa1824de480/src/data/rankings/all/overall/rankings-2500.json","2026-10-10T17:33:39.100Z"
"sandslash_alolan","Sandslash (Alolan)","false","","UL","","127","103","","true","Powder Snow","Ice Punch","Drill Run","","Matched pinned PvPoke recommendation and exact-form move pool","unchanged","Powder Snow; Ice Punch; Drill Run","https://github.com/pvpoke/pvpoke/blob/c15fb6f7e8613169740d904d6f96baa1824de480/src/data/rankings/all/overall/rankings-2500.json","2026-10-10T17:33:39.100Z"
"sandslash_alolan_shadow","Sandslash (Alolan) (Shadow)","true","","UL","","145","128","","true","Powder Snow","Ice Punch","Drill Run","","Matched pinned PvPoke recommendation and exact-form move pool","unchanged","Powder Snow; Ice Punch; Drill Run","https://github.com/pvpoke/pvpoke/blob/c15fb6f7e8613169740d904d6f96baa1824de480/src/data/rankings/all/overall/rankings-2500.json","2026-10-10T17:33:39.100Z"
"scizor","Scizor","false","","UL","","187","184","","true","Fury Cutter","Night Slash","Trailblaze","","Matched pinned PvPoke recommendation and exact-form move pool","unchanged","Fury Cutter; Night Slash; Trailblaze","https://github.com/pvpoke/pvpoke/blob/c15fb6f7e8613169740d904d6f96baa1824de480/src/data/rankings/all/overall/rankings-2500.json","2026-10-10T17:33:39.100Z"
"scizor_shadow","Scizor (Shadow)","true","","UL","","162","158","","true","Fury Cutter","Night Slash","Trailblaze","","Matched pinned PvPoke recommendation and exact-form move pool","unchanged","Fury Cutter; Night Slash; Trailblaze","https://github.com/pvpoke/pvpoke/blob/c15fb6f7e8613169740d904d6f96baa1824de480/src/data/rankings/all/overall/rankings-2500.json","2026-10-10T17:33:39.100Z"
"seaking","Seaking","false","","UL","","48","43","","true","Peck","Drill Run","Icy Wind","Drill Run; Icy Wind","Matched pinned PvPoke recommendation and exact-form move pool","unchanged","Peck; Drill Run; Icy Wind","https://github.com/pvpoke/pvpoke/blob/c15fb6f7e8613169740d904d6f96baa1824de480/src/data/rankings/all/overall/rankings-2500.json","2026-10-10T17:33:39.100Z"
"seismitoad","Seismitoad","false","","UL","","68","62","","true","Mud Shot","Earth Power","Icy Wind","","Matched pinned PvPoke recommendation and exact-form move pool","unchanged","Mud Shot; Earth Power; Icy Wind","https://github.com/pvpoke/pvpoke/blob/c15fb6f7e8613169740d904d6f96baa1824de480/src/data/rankings/all/overall/rankings-2500.json","2026-10-10T17:33:39.100Z"
"skarmory","Skarmory","false","","UL","","191","180","","true","Air Slash","Brave Bird","Drill Run","","Matched pinned PvPoke recommendation and exact-form move pool","unchanged","Air Slash; Brave Bird; Drill Run","https://github.com/pvpoke/pvpoke/blob/c15fb6f7e8613169740d904d6f96baa1824de480/src/data/rankings/all/overall/rankings-2500.json","2026-10-10T17:33:39.100Z"
"skeledirge","Skeledirge","false","","UL","","22","21","","true","Incinerate","Torch Song","Shadow Ball","","Matched pinned PvPoke recommendation and exact-form move pool","unchanged","Incinerate; Torch Song; Shadow Ball","https://github.com/pvpoke/pvpoke/blob/c15fb6f7e8613169740d904d6f96baa1824de480/src/data/rankings/all/overall/rankings-2500.json","2026-10-10T17:33:39.100Z"
"slurpuff","Slurpuff","false","","UL","","115","119","","true","Fairy Wind","Draining Kiss","Energy Ball","","Matched pinned PvPoke recommendation and exact-form move pool","unchanged","Fairy Wind; Draining Kiss; Energy Ball","https://github.com/pvpoke/pvpoke/blob/c15fb6f7e8613169740d904d6f96baa1824de480/src/data/rankings/all/overall/rankings-2500.json","2026-10-10T17:33:39.100Z"
"snorlax","Snorlax","false","","UL","","13","11","","true","Psywave","Body Slam","Earthquake","","Matched pinned PvPoke recommendation and exact-form move pool","unchanged","Psywave; Body Slam; Earthquake","https://github.com/pvpoke/pvpoke/blob/c15fb6f7e8613169740d904d6f96baa1824de480/src/data/rankings/all/overall/rankings-2500.json","2026-10-10T17:33:39.100Z"
"snorlax_shadow","Snorlax (Shadow)","true","","UL","","3","3","","true","Psywave","Body Slam","Earthquake","","Matched pinned PvPoke recommendation and exact-form move pool","unchanged","Psywave; Body Slam; Earthquake","https://github.com/pvpoke/pvpoke/blob/c15fb6f7e8613169740d904d6f96baa1824de480/src/data/rankings/all/overall/rankings-2500.json","2026-10-10T17:33:39.100Z"
"spiritomb","Spiritomb","false","","UL","","148","153","","true","Sucker Punch","Shadow Ball","Rock Tomb","","Matched pinned PvPoke recommendation and exact-form move pool","unchanged","Sucker Punch; Shadow Ball; Rock Tomb","https://github.com/pvpoke/pvpoke/blob/c15fb6f7e8613169740d904d6f96baa1824de480/src/data/rankings/all/overall/rankings-2500.json","2026-10-10T17:33:39.100Z"
"starmie_shadow","Starmie (Shadow)","true","genderless","UL","","176","161","","true","Psywave","Aqua Jet","Power Gem","","Matched pinned PvPoke recommendation and exact-form move pool","unchanged","Psywave; Aqua Jet; Power Gem","https://github.com/pvpoke/pvpoke/blob/c15fb6f7e8613169740d904d6f96baa1824de480/src/data/rankings/all/overall/rankings-2500.json","2026-10-10T17:33:39.100Z"
"steelix","Steelix","false","","UL","","45","44","","true","Thunder Fang","Psychic Fangs","Earthquake","","Matched pinned PvPoke recommendation and exact-form move pool","unchanged","Thunder Fang; Psychic Fangs; Earthquake","https://github.com/pvpoke/pvpoke/blob/c15fb6f7e8613169740d904d6f96baa1824de480/src/data/rankings/all/overall/rankings-2500.json","2026-10-10T17:33:39.100Z"
"steelix_shadow","Steelix (Shadow)","true","","UL","","49","48","","true","Thunder Fang","Psychic Fangs","Crunch","","Matched pinned PvPoke recommendation and exact-form move pool","unchanged","Thunder Fang; Psychic Fangs; Crunch","https://github.com/pvpoke/pvpoke/blob/c15fb6f7e8613169740d904d6f96baa1824de480/src/data/rankings/all/overall/rankings-2500.json","2026-10-10T17:33:39.100Z"
"stunfisk","Stunfisk","false","","UL","","133","136","","true","Thunder Shock","Mud Bomb","Discharge","","Matched pinned PvPoke recommendation and exact-form move pool","unchanged","Thunder Shock; Mud Bomb; Discharge","https://github.com/pvpoke/pvpoke/blob/c15fb6f7e8613169740d904d6f96baa1824de480/src/data/rankings/all/overall/rankings-2500.json","2026-10-10T17:33:39.100Z"
"stunfisk_galarian","Stunfisk (Galarian)","false","","UL","","149","131","","true","Mud Shot","Rock Slide","Earthquake","","Matched pinned PvPoke recommendation and exact-form move pool","unchanged","Mud Shot; Rock Slide; Earthquake","https://github.com/pvpoke/pvpoke/blob/c15fb6f7e8613169740d904d6f96baa1824de480/src/data/rankings/all/overall/rankings-2500.json","2026-10-10T17:33:39.100Z"
"swampert","Swampert","false","","UL","","63","54","","true","Mud Shot","Hydro Cannon","Earthquake","Hydro Cannon","Matched pinned PvPoke recommendation and exact-form move pool","unchanged","Mud Shot; Hydro Cannon; Earthquake","https://github.com/pvpoke/pvpoke/blob/c15fb6f7e8613169740d904d6f96baa1824de480/src/data/rankings/all/overall/rankings-2500.json","2026-10-10T17:33:39.100Z"
"swampert_shadow","Swampert (Shadow)","true","","UL","","94","89","","true","Mud Shot","Hydro Cannon","Earthquake","Hydro Cannon","Matched pinned PvPoke recommendation and exact-form move pool","unchanged","Mud Shot; Hydro Cannon; Earthquake","https://github.com/pvpoke/pvpoke/blob/c15fb6f7e8613169740d904d6f96baa1824de480/src/data/rankings/all/overall/rankings-2500.json","2026-10-10T17:33:39.100Z"
"sylveon","Sylveon","false","","UL","","100","104","","true","Fairy Wind","Draining Kiss","Shadow Ball","","Matched pinned PvPoke recommendation and exact-form move pool","unchanged","Fairy Wind; Draining Kiss; Shadow Ball","https://github.com/pvpoke/pvpoke/blob/c15fb6f7e8613169740d904d6f96baa1824de480/src/data/rankings/all/overall/rankings-2500.json","2026-10-10T17:33:39.100Z"
"talonflame","Talonflame","false","","UL","","37","38","","true","Incinerate","Fly","Brave Bird","Incinerate","Matched pinned PvPoke recommendation and exact-form move pool","unchanged","Incinerate; Fly; Brave Bird","https://github.com/pvpoke/pvpoke/blob/c15fb6f7e8613169740d904d6f96baa1824de480/src/data/rankings/all/overall/rankings-2500.json","2026-10-10T17:33:39.100Z"
"talonflame_shadow","Talonflame (Shadow)","true","","UL","","54","57","","true","Incinerate","Fly","Brave Bird","Incinerate","Matched pinned PvPoke recommendation and exact-form move pool","unchanged","Incinerate; Fly; Brave Bird","https://github.com/pvpoke/pvpoke/blob/c15fb6f7e8613169740d904d6f96baa1824de480/src/data/rankings/all/overall/rankings-2500.json","2026-10-10T17:33:39.100Z"
"tapu_fini","Tapu Fini","false","genderless","UL","","177","181","","true","Water Gun","Surf","Nature's Madness","Nature's Madness","Matched pinned PvPoke recommendation and exact-form move pool","unchanged","Water Gun; Surf; Nature's Madness","https://github.com/pvpoke/pvpoke/blob/c15fb6f7e8613169740d904d6f96baa1824de480/src/data/rankings/all/overall/rankings-2500.json","2026-10-10T17:33:39.100Z"
"tentacruel","Tentacruel","false","","UL","","83","82","","true","Acid","Scald","Payback","","Matched pinned PvPoke recommendation and exact-form move pool","unchanged","Acid; Scald; Payback","https://github.com/pvpoke/pvpoke/blob/c15fb6f7e8613169740d904d6f96baa1824de480/src/data/rankings/all/overall/rankings-2500.json","2026-10-10T17:33:39.100Z"
"tentacruel_shadow","Tentacruel (Shadow)","true","","UL","","96","86","","true","Acid","Scald","Payback","","Matched pinned PvPoke recommendation and exact-form move pool","unchanged","Acid; Scald; Payback","https://github.com/pvpoke/pvpoke/blob/c15fb6f7e8613169740d904d6f96baa1824de480/src/data/rankings/all/overall/rankings-2500.json","2026-10-10T17:33:39.100Z"
"thievul","Thievul","false","","UL","","170","172","","true","Sucker Punch","Night Slash","Icy Wind","Icy Wind","Matched pinned PvPoke recommendation and exact-form move pool","unchanged","Sucker Punch; Night Slash; Icy Wind","https://github.com/pvpoke/pvpoke/blob/c15fb6f7e8613169740d904d6f96baa1824de480/src/data/rankings/all/overall/rankings-2500.json","2026-10-10T17:33:39.100Z"
"throh_shadow","Throh (Shadow)","true","male","UL","","160","162","","true","Low Kick","Brick Break","Body Slam","","Matched pinned PvPoke recommendation and exact-form move pool","unchanged","Low Kick; Brick Break; Body Slam","https://github.com/pvpoke/pvpoke/blob/c15fb6f7e8613169740d904d6f96baa1824de480/src/data/rankings/all/overall/rankings-2500.json","2026-10-10T17:33:39.100Z"
"tinkaton","Tinkaton","false","female","UL","","1","1","","true","Fairy Wind","Gigaton Hammer","Bulldoze","Gigaton Hammer","Matched pinned PvPoke recommendation and exact-form move pool","unchanged","Fairy Wind; Gigaton Hammer; Bulldoze","https://github.com/pvpoke/pvpoke/blob/c15fb6f7e8613169740d904d6f96baa1824de480/src/data/rankings/all/overall/rankings-2500.json","2026-10-10T17:33:39.100Z"
"toedscruel","Toedscruel","false","","UL","","188","186","","true","Mud Slap","Seed Bomb","Earth Power","","Matched pinned PvPoke recommendation and exact-form move pool","unchanged","Mud Slap; Seed Bomb; Earth Power","https://github.com/pvpoke/pvpoke/blob/c15fb6f7e8613169740d904d6f96baa1824de480/src/data/rankings/all/overall/rankings-2500.json","2026-10-10T17:33:39.100Z"
"togekiss","Togekiss","false","","UL","","61","58","","true","Peck","Psyshock","Aura Sphere","Aura Sphere","Matched pinned PvPoke recommendation and exact-form move pool","unchanged","Peck; Psyshock; Aura Sphere","https://github.com/pvpoke/pvpoke/blob/c15fb6f7e8613169740d904d6f96baa1824de480/src/data/rankings/all/overall/rankings-2500.json","2026-10-10T17:33:39.100Z"
"toucannon","Toucannon","false","","UL","","39","46","","true","Peck","Beak Blast","Drill Peck","Beak Blast","Matched pinned PvPoke recommendation and exact-form move pool","unchanged","Peck; Beak Blast; Drill Peck","https://github.com/pvpoke/pvpoke/blob/c15fb6f7e8613169740d904d6f96baa1824de480/src/data/rankings/all/overall/rankings-2500.json","2026-10-10T17:33:39.100Z"
"toucannon_shadow","Toucannon (Shadow)","true","","UL","","50","63","","true","Peck","Beak Blast","Drill Peck","Beak Blast","Matched pinned PvPoke recommendation and exact-form move pool","unchanged","Peck; Beak Blast; Drill Peck","https://github.com/pvpoke/pvpoke/blob/c15fb6f7e8613169740d904d6f96baa1824de480/src/data/rankings/all/overall/rankings-2500.json","2026-10-10T17:33:39.100Z"
"trevenant","Trevenant","false","","UL","","156","154","","true","Shadow Claw","Shadow Ball","Seed Bomb","","Matched pinned PvPoke recommendation and exact-form move pool","unchanged","Shadow Claw; Shadow Ball; Seed Bomb","https://github.com/pvpoke/pvpoke/blob/c15fb6f7e8613169740d904d6f96baa1824de480/src/data/rankings/all/overall/rankings-2500.json","2026-10-10T17:33:39.100Z"
"trevenant_shadow","Trevenant (Shadow)","true","","UL","","141","147","","true","Shadow Claw","Shadow Ball","Seed Bomb","","Matched pinned PvPoke recommendation and exact-form move pool","unchanged","Shadow Claw; Shadow Ball; Seed Bomb","https://github.com/pvpoke/pvpoke/blob/c15fb6f7e8613169740d904d6f96baa1824de480/src/data/rankings/all/overall/rankings-2500.json","2026-10-10T17:33:39.100Z"
"turtonator","Turtonator","false","","UL","","76","70","","true","Incinerate","Brutal Swing","Dragon Claw","","Matched pinned PvPoke recommendation and exact-form move pool","unchanged","Incinerate; Brutal Swing; Dragon Claw","https://github.com/pvpoke/pvpoke/blob/c15fb6f7e8613169740d904d6f96baa1824de480/src/data/rankings/all/overall/rankings-2500.json","2026-10-10T17:33:39.100Z"
"umbreon","Umbreon","false","","UL","","116","123","","true","Snarl","Dark Pulse","Last Resort","Last Resort","Matched pinned PvPoke recommendation and exact-form move pool","unchanged","Snarl; Dark Pulse; Last Resort","https://github.com/pvpoke/pvpoke/blob/c15fb6f7e8613169740d904d6f96baa1824de480/src/data/rankings/all/overall/rankings-2500.json","2026-10-10T17:33:39.100Z"
"ursaluna","Ursaluna","false","","UL","","154","144","","true","Scratch","Thunder Punch","High Horsepower","High Horsepower","Matched pinned PvPoke recommendation and exact-form move pool","unchanged","Scratch; Thunder Punch; High Horsepower","https://github.com/pvpoke/pvpoke/blob/c15fb6f7e8613169740d904d6f96baa1824de480/src/data/rankings/all/overall/rankings-2500.json","2026-10-10T17:33:39.100Z"
"ursaluna_shadow","Ursaluna (Shadow)","true","","UL","","184","169","","true","Scratch","Thunder Punch","High Horsepower","High Horsepower","Matched pinned PvPoke recommendation and exact-form move pool","unchanged","Scratch; Thunder Punch; High Horsepower","https://github.com/pvpoke/pvpoke/blob/c15fb6f7e8613169740d904d6f96baa1824de480/src/data/rankings/all/overall/rankings-2500.json","2026-10-10T17:33:39.100Z"
"victreebel","Victreebel","false","","UL","","153","149","","true","Sucker Punch","Leaf Blade","Sludge Bomb","","Matched pinned PvPoke recommendation and exact-form move pool","unchanged","Sucker Punch; Leaf Blade; Sludge Bomb","https://github.com/pvpoke/pvpoke/blob/c15fb6f7e8613169740d904d6f96baa1824de480/src/data/rankings/all/overall/rankings-2500.json","2026-10-10T17:33:39.100Z"
"victreebel_shadow","Victreebel (Shadow)","true","","UL","","171","177","","true","Sucker Punch","Leaf Blade","Acid Spray","","Matched pinned PvPoke recommendation and exact-form move pool","unchanged","Sucker Punch; Leaf Blade; Acid Spray","https://github.com/pvpoke/pvpoke/blob/c15fb6f7e8613169740d904d6f96baa1824de480/src/data/rankings/all/overall/rankings-2500.json","2026-10-10T17:33:39.100Z"
"virizion","Virizion","false","genderless","UL","","6","6","","true","Double Kick","Leaf Blade","Sacred Sword","Sacred Sword","Matched pinned PvPoke recommendation and exact-form move pool","unchanged","Double Kick; Leaf Blade; Sacred Sword","https://github.com/pvpoke/pvpoke/blob/c15fb6f7e8613169740d904d6f96baa1824de480/src/data/rankings/all/overall/rankings-2500.json","2026-10-10T17:33:39.100Z"
"walrein","Walrein","false","","UL","","43","45","","true","Powder Snow","Icicle Spear","Earthquake","Powder Snow; Icicle Spear","Matched pinned PvPoke recommendation and exact-form move pool","unchanged","Powder Snow; Icicle Spear; Earthquake","https://github.com/pvpoke/pvpoke/blob/c15fb6f7e8613169740d904d6f96baa1824de480/src/data/rankings/all/overall/rankings-2500.json","2026-10-10T17:33:39.100Z"
"walrein_shadow","Walrein (Shadow)","true","","UL","","40","41","","true","Powder Snow","Icicle Spear","Earthquake","Powder Snow; Icicle Spear","Matched pinned PvPoke recommendation and exact-form move pool","unchanged","Powder Snow; Icicle Spear; Earthquake","https://github.com/pvpoke/pvpoke/blob/c15fb6f7e8613169740d904d6f96baa1824de480/src/data/rankings/all/overall/rankings-2500.json","2026-10-10T17:33:39.100Z"
"weezing_galarian","Weezing (Galarian)","false","","UL","","102","120","","true","Fairy Wind","Brutal Swing","Sludge","","Matched pinned PvPoke recommendation and exact-form move pool","unchanged","Fairy Wind; Brutal Swing; Sludge","https://github.com/pvpoke/pvpoke/blob/c15fb6f7e8613169740d904d6f96baa1824de480/src/data/rankings/all/overall/rankings-2500.json","2026-10-10T17:33:39.100Z"
"weezing_galarian_shadow","Weezing (Galarian) (Shadow)","true","","UL","","103","113","","true","Fairy Wind","Brutal Swing","Sludge","","Matched pinned PvPoke recommendation and exact-form move pool","unchanged","Fairy Wind; Brutal Swing; Sludge","https://github.com/pvpoke/pvpoke/blob/c15fb6f7e8613169740d904d6f96baa1824de480/src/data/rankings/all/overall/rankings-2500.json","2026-10-10T17:33:39.100Z"
"yveltal","Yveltal","false","genderless","UL","","146","148","","true","Sucker Punch","Dark Pulse","Oblivion Wing","Oblivion Wing","Matched pinned PvPoke recommendation and exact-form move pool","unchanged","Sucker Punch; Dark Pulse; Oblivion Wing","https://github.com/pvpoke/pvpoke/blob/c15fb6f7e8613169740d904d6f96baa1824de480/src/data/rankings/all/overall/rankings-2500.json","2026-10-10T17:33:39.100Z"
"zapdos","Zapdos","false","genderless","UL","","85","97","","true","Thunder Shock","Drill Peck","Thunderbolt","Thunder Shock","Matched pinned PvPoke recommendation and exact-form move pool","unchanged","Thunder Shock; Drill Peck; Thunderbolt","https://github.com/pvpoke/pvpoke/blob/c15fb6f7e8613169740d904d6f96baa1824de480/src/data/rankings/all/overall/rankings-2500.json","2026-10-10T17:33:39.100Z"
"zapdos_shadow","Zapdos (Shadow)","true","genderless","UL","","117","114","","true","Thunder Shock","Drill Peck","Thunderbolt","Thunder Shock","Matched pinned PvPoke recommendation and exact-form move pool","unchanged","Thunder Shock; Drill Peck; Thunderbolt","https://github.com/pvpoke/pvpoke/blob/c15fb6f7e8613169740d904d6f96baa1824de480/src/data/rankings/all/overall/rankings-2500.json","2026-10-10T17:33:39.100Z"
"zekrom","Zekrom","false","genderless","UL","","157","173","","true","Dragon Breath","Fusion Bolt","Outrage","Fusion Bolt","Matched pinned PvPoke recommendation and exact-form move pool","unchanged","Dragon Breath; Fusion Bolt; Outrage","https://github.com/pvpoke/pvpoke/blob/c15fb6f7e8613169740d904d6f96baa1824de480/src/data/rankings/all/overall/rankings-2500.json","2026-10-10T17:33:39.100Z"
"zekrom_shadow","Zekrom (Shadow)","true","genderless","UL","","164","191","","true","Dragon Breath","Fusion Bolt","Outrage","Fusion Bolt","Matched pinned PvPoke recommendation and exact-form move pool","unchanged","Dragon Breath; Fusion Bolt; Outrage","https://github.com/pvpoke/pvpoke/blob/c15fb6f7e8613169740d904d6f96baa1824de480/src/data/rankings/all/overall/rankings-2500.json","2026-10-10T17:33:39.100Z"
"zeraora","Zeraora","false","genderless","UL","","185","182","","true","Volt Switch","Plasma Fists","Dynamic Punch","","Matched pinned PvPoke recommendation and exact-form move pool","unchanged","Volt Switch; Plasma Fists; Dynamic Punch","https://github.com/pvpoke/pvpoke/blob/c15fb6f7e8613169740d904d6f96baa1824de480/src/data/rankings/all/overall/rankings-2500.json","2026-10-10T17:33:39.100Z"
"zygarde_complete","Zygarde (Complete Forme)","false","genderless","UL","","5","8","","true","Dragon Tail","Crunch","Bulldoze","","Matched pinned PvPoke recommendation and exact-form move pool","unchanged","Dragon Tail; Crunch; Bulldoze","https://github.com/pvpoke/pvpoke/blob/c15fb6f7e8613169740d904d6f96baa1824de480/src/data/rankings/all/overall/rankings-2500.json","2026-10-10T17:33:39.100Z"
"aggron","Aggron","false","","ML","","159","159","","true","Metal Sound","Meteor Beam","Brick Break","","Matched pinned PvPoke recommendation and exact-form move pool","unchanged","Metal Sound; Meteor Beam; Brick Break","https://github.com/pvpoke/pvpoke/blob/c15fb6f7e8613169740d904d6f96baa1824de480/src/data/rankings/all/overall/rankings-10000.json","2026-10-10T17:33:39.100Z"
"aggron_shadow","Aggron (Shadow)","true","","ML","","161","161","","true","Metal Sound","Meteor Beam","Brick Break","","Matched pinned PvPoke recommendation and exact-form move pool","unchanged","Metal Sound; Meteor Beam; Brick Break","https://github.com/pvpoke/pvpoke/blob/c15fb6f7e8613169740d904d6f96baa1824de480/src/data/rankings/all/overall/rankings-10000.json","2026-10-10T17:33:39.100Z"
"annihilape","Annihilape","false","","ML","","93","93","","true","Counter","Rage Fist","Ice Punch","Rage Fist","Matched pinned PvPoke recommendation and exact-form move pool","unchanged","Counter; Rage Fist; Ice Punch","https://github.com/pvpoke/pvpoke/blob/c15fb6f7e8613169740d904d6f96baa1824de480/src/data/rankings/all/overall/rankings-10000.json","2026-10-10T17:33:39.100Z"
"annihilape_shadow","Annihilape (Shadow)","true","","ML","","95","95","","true","Counter","Rage Fist","Ice Punch","Rage Fist","Matched pinned PvPoke recommendation and exact-form move pool","unchanged","Counter; Rage Fist; Ice Punch","https://github.com/pvpoke/pvpoke/blob/c15fb6f7e8613169740d904d6f96baa1824de480/src/data/rankings/all/overall/rankings-10000.json","2026-10-10T17:33:39.100Z"
"armarouge","Armarouge","false","","ML","","141","141","","true","Incinerate","Psyshock","Heat Wave","","Matched pinned PvPoke recommendation and exact-form move pool","unchanged","Incinerate; Psyshock; Heat Wave","https://github.com/pvpoke/pvpoke/blob/c15fb6f7e8613169740d904d6f96baa1824de480/src/data/rankings/all/overall/rankings-10000.json","2026-10-10T17:33:39.100Z"
"articuno","Articuno","false","genderless","ML","","128","128","","true","Powder Snow","Icy Wind","Hurricane","Hurricane","Matched pinned PvPoke recommendation and exact-form move pool","unchanged","Powder Snow; Icy Wind; Hurricane","https://github.com/pvpoke/pvpoke/blob/c15fb6f7e8613169740d904d6f96baa1824de480/src/data/rankings/all/overall/rankings-10000.json","2026-10-10T17:33:39.100Z"
"articuno_shadow","Articuno (Shadow)","true","genderless","ML","","151","151","","true","Powder Snow","Icy Wind","Hurricane","Hurricane","Matched pinned PvPoke recommendation and exact-form move pool","unchanged","Powder Snow; Icy Wind; Hurricane","https://github.com/pvpoke/pvpoke/blob/c15fb6f7e8613169740d904d6f96baa1824de480/src/data/rankings/all/overall/rankings-10000.json","2026-10-10T17:33:39.100Z"
"aurorus_shadow","Aurorus (Shadow)","true","","ML","","178","178","","true","Powder Snow","Weather Ball (Ice)","Meteor Beam","","Matched pinned PvPoke recommendation and exact-form move pool","unchanged","Powder Snow; Weather Ball (Ice); Meteor Beam","https://github.com/pvpoke/pvpoke/blob/c15fb6f7e8613169740d904d6f96baa1824de480/src/data/rankings/all/overall/rankings-10000.json","2026-10-10T17:33:39.100Z"
"avalugg","Avalugg","false","","ML","","116","116","","true","Bite","Icy Wind","Earthquake","","Matched pinned PvPoke recommendation and exact-form move pool","unchanged","Bite; Icy Wind; Earthquake","https://github.com/pvpoke/pvpoke/blob/c15fb6f7e8613169740d904d6f96baa1824de480/src/data/rankings/all/overall/rankings-10000.json","2026-10-10T17:33:39.100Z"
"avalugg_hisuian","Avalugg (Hisuian)","false","","ML","","127","127","","true","Powder Snow","Rock Slide","Icy Wind","","Matched pinned PvPoke recommendation and exact-form move pool","unchanged","Powder Snow; Rock Slide; Icy Wind","https://github.com/pvpoke/pvpoke/blob/c15fb6f7e8613169740d904d6f96baa1824de480/src/data/rankings/all/overall/rankings-10000.json","2026-10-10T17:33:39.100Z"
"baxcalibur","Baxcalibur","false","","ML","","75","75","","true","Dragon Breath","Glaive Rush","Avalanche","Glaive Rush","Matched pinned PvPoke recommendation and exact-form move pool","unchanged","Dragon Breath; Glaive Rush; Avalanche","https://github.com/pvpoke/pvpoke/blob/c15fb6f7e8613169740d904d6f96baa1824de480/src/data/rankings/all/overall/rankings-10000.json","2026-10-10T17:33:39.100Z"
"bewear_shadow","Bewear (Shadow)","true","","ML","","194","194","","true","Low Kick","Superpower","Stomp","","Matched pinned PvPoke recommendation and exact-form move pool","unchanged","Low Kick; Superpower; Stomp","https://github.com/pvpoke/pvpoke/blob/c15fb6f7e8613169740d904d6f96baa1824de480/src/data/rankings/all/overall/rankings-10000.json","2026-10-10T17:33:39.100Z"
"blacephalon","Blacephalon","false","genderless","ML","","130","130","","true","Incinerate","Mind Blown","Shadow Ball","Mind Blown","Matched pinned PvPoke recommendation and exact-form move pool","unchanged","Incinerate; Mind Blown; Shadow Ball","https://github.com/pvpoke/pvpoke/blob/c15fb6f7e8613169740d904d6f96baa1824de480/src/data/rankings/all/overall/rankings-10000.json","2026-10-10T17:33:39.100Z"
"buzzwole","Buzzwole","false","genderless","ML","","158","158","","true","Counter","Superpower","Lunge","","Matched pinned PvPoke recommendation and exact-form move pool","unchanged","Counter; Superpower; Lunge","https://github.com/pvpoke/pvpoke/blob/c15fb6f7e8613169740d904d6f96baa1824de480/src/data/rankings/all/overall/rankings-10000.json","2026-10-10T17:33:39.100Z"
"celebi","Celebi","false","genderless","ML","","163","163","","true","Confusion","Aura Sphere","Leaf Storm","","Matched pinned PvPoke recommendation and exact-form move pool","unchanged","Confusion; Aura Sphere; Leaf Storm","https://github.com/pvpoke/pvpoke/blob/c15fb6f7e8613169740d904d6f96baa1824de480/src/data/rankings/all/overall/rankings-10000.json","2026-10-10T17:33:39.100Z"
"centiskorch","Centiskorch","false","","ML","","146","146","","true","Ember","Lunge","Heat Wave","","Matched pinned PvPoke recommendation and exact-form move pool","unchanged","Ember; Lunge; Heat Wave","https://github.com/pvpoke/pvpoke/blob/c15fb6f7e8613169740d904d6f96baa1824de480/src/data/rankings/all/overall/rankings-10000.json","2026-10-10T17:33:39.100Z"
"ceruledge","Ceruledge","false","","ML","","171","171","","true","Incinerate","Shadow Ball","Heat Wave","","Matched pinned PvPoke recommendation and exact-form move pool","unchanged","Incinerate; Shadow Ball; Heat Wave","https://github.com/pvpoke/pvpoke/blob/c15fb6f7e8613169740d904d6f96baa1824de480/src/data/rankings/all/overall/rankings-10000.json","2026-10-10T17:33:39.100Z"
"cetitan","Cetitan","false","","ML","","149","149","","true","Powder Snow","Avalanche","Superpower","","Matched pinned PvPoke recommendation and exact-form move pool","unchanged","Powder Snow; Avalanche; Superpower","https://github.com/pvpoke/pvpoke/blob/c15fb6f7e8613169740d904d6f96baa1824de480/src/data/rankings/all/overall/rankings-10000.json","2026-10-10T17:33:39.100Z"
"chandelure","Chandelure","false","","ML","","186","186","","true","Incinerate","Shadow Ball","Energy Ball","","Matched pinned PvPoke recommendation and exact-form move pool","unchanged","Incinerate; Shadow Ball; Energy Ball","https://github.com/pvpoke/pvpoke/blob/c15fb6f7e8613169740d904d6f96baa1824de480/src/data/rankings/all/overall/rankings-10000.json","2026-10-10T17:33:39.100Z"
"chandelure_shadow","Chandelure (Shadow)","true","","ML","","180","180","","true","Incinerate","Shadow Ball","Energy Ball","","Matched pinned PvPoke recommendation and exact-form move pool","unchanged","Incinerate; Shadow Ball; Energy Ball","https://github.com/pvpoke/pvpoke/blob/c15fb6f7e8613169740d904d6f96baa1824de480/src/data/rankings/all/overall/rankings-10000.json","2026-10-10T17:33:39.100Z"
"charizard","Charizard","false","","ML","","184","184","","true","Dragon Breath","Blast Burn","Air Cutter","Dragon Breath; Blast Burn","Matched pinned PvPoke recommendation and exact-form move pool","unchanged","Dragon Breath; Blast Burn; Air Cutter","https://github.com/pvpoke/pvpoke/blob/c15fb6f7e8613169740d904d6f96baa1824de480/src/data/rankings/all/overall/rankings-10000.json","2026-10-10T17:33:39.100Z"
"chesnaught","Chesnaught","false","","ML","","175","175","","true","Low Kick","Superpower","Frenzy Plant","Frenzy Plant","Matched pinned PvPoke recommendation and exact-form move pool","unchanged","Low Kick; Superpower; Frenzy Plant","https://github.com/pvpoke/pvpoke/blob/c15fb6f7e8613169740d904d6f96baa1824de480/src/data/rankings/all/overall/rankings-10000.json","2026-10-10T17:33:39.100Z"
"chesnaught_shadow","Chesnaught (Shadow)","true","","ML","","125","125","","true","Low Kick","Superpower","Frenzy Plant","Frenzy Plant","Matched pinned PvPoke recommendation and exact-form move pool","unchanged","Low Kick; Superpower; Frenzy Plant","https://github.com/pvpoke/pvpoke/blob/c15fb6f7e8613169740d904d6f96baa1824de480/src/data/rankings/all/overall/rankings-10000.json","2026-10-10T17:33:39.100Z"
"cobalion","Cobalion","false","genderless","ML","","118","118","","true","Double Kick","Sacred Sword","Stone Edge","Sacred Sword","Matched pinned PvPoke recommendation and exact-form move pool","unchanged","Double Kick; Sacred Sword; Stone Edge","https://github.com/pvpoke/pvpoke/blob/c15fb6f7e8613169740d904d6f96baa1824de480/src/data/rankings/all/overall/rankings-10000.json","2026-10-10T17:33:39.100Z"
"conkeldurr","Conkeldurr","false","","ML","","112","112","","true","Force Palm","Dynamic Punch","Brutal Swing","Brutal Swing","Matched pinned PvPoke recommendation and exact-form move pool","unchanged","Force Palm; Dynamic Punch; Brutal Swing","https://github.com/pvpoke/pvpoke/blob/c15fb6f7e8613169740d904d6f96baa1824de480/src/data/rankings/all/overall/rankings-10000.json","2026-10-10T17:33:39.100Z"
"conkeldurr_shadow","Conkeldurr (Shadow)","true","","ML","","66","66","","true","Force Palm","Dynamic Punch","Brutal Swing","Brutal Swing","Matched pinned PvPoke recommendation and exact-form move pool","unchanged","Force Palm; Dynamic Punch; Brutal Swing","https://github.com/pvpoke/pvpoke/blob/c15fb6f7e8613169740d904d6f96baa1824de480/src/data/rankings/all/overall/rankings-10000.json","2026-10-10T17:33:39.100Z"
"cresselia","Cresselia","false","female","ML","","136","136","","true","Psycho Cut","Moonblast","Grass Knot","Grass Knot","Matched pinned PvPoke recommendation and exact-form move pool","unchanged","Psycho Cut; Moonblast; Grass Knot","https://github.com/pvpoke/pvpoke/blob/c15fb6f7e8613169740d904d6f96baa1824de480/src/data/rankings/all/overall/rankings-10000.json","2026-10-10T17:33:39.100Z"
"darkrai","Darkrai","false","genderless","ML","","134","134","","true","Sucker Punch","Foul Play","Shadow Ball","","Matched pinned PvPoke recommendation and exact-form move pool","unchanged","Sucker Punch; Foul Play; Shadow Ball","https://github.com/pvpoke/pvpoke/blob/c15fb6f7e8613169740d904d6f96baa1824de480/src/data/rankings/all/overall/rankings-10000.json","2026-10-10T17:33:39.100Z"
"darkrai_shadow","Darkrai (Shadow)","true","genderless","ML","","78","78","","true","Sucker Punch","Foul Play","Shadow Ball","","Matched pinned PvPoke recommendation and exact-form move pool","unchanged","Sucker Punch; Foul Play; Shadow Ball","https://github.com/pvpoke/pvpoke/blob/c15fb6f7e8613169740d904d6f96baa1824de480/src/data/rankings/all/overall/rankings-10000.json","2026-10-10T17:33:39.100Z"
"delphox","Delphox","false","","ML","","148","148","","true","Scratch","Psyshock","Blast Burn","Blast Burn","Matched pinned PvPoke recommendation and exact-form move pool","unchanged","Scratch; Psyshock; Blast Burn","https://github.com/pvpoke/pvpoke/blob/c15fb6f7e8613169740d904d6f96baa1824de480/src/data/rankings/all/overall/rankings-10000.json","2026-10-10T17:33:39.100Z"
"delphox_shadow","Delphox (Shadow)","true","","ML","","144","144","","true","Scratch","Psyshock","Blast Burn","Blast Burn","Matched pinned PvPoke recommendation and exact-form move pool","unchanged","Scratch; Psyshock; Blast Burn","https://github.com/pvpoke/pvpoke/blob/c15fb6f7e8613169740d904d6f96baa1824de480/src/data/rankings/all/overall/rankings-10000.json","2026-10-10T17:33:39.100Z"
"dhelmise","Dhelmise","false","genderless","ML","","185","185","","true","Shadow Claw","Brutal Swing","Shadow Ball","","Matched pinned PvPoke recommendation and exact-form move pool","unchanged","Shadow Claw; Brutal Swing; Shadow Ball","https://github.com/pvpoke/pvpoke/blob/c15fb6f7e8613169740d904d6f96baa1824de480/src/data/rankings/all/overall/rankings-10000.json","2026-10-10T17:33:39.100Z"
"dialga","Dialga","false","genderless","ML","","46","46","","true","Dragon Breath","Iron Head","Draco Meteor","","Matched pinned PvPoke recommendation and exact-form move pool","unchanged","Dragon Breath; Iron Head; Draco Meteor","https://github.com/pvpoke/pvpoke/blob/c15fb6f7e8613169740d904d6f96baa1824de480/src/data/rankings/all/overall/rankings-10000.json","2026-10-10T17:33:39.100Z"
"dialga_origin","Dialga (Origin)","false","genderless","ML","","9","9","","true","Dragon Breath","Roar of Time","Iron Head","Roar of Time","Matched pinned PvPoke recommendation and exact-form move pool","unchanged","Dragon Breath; Roar of Time; Iron Head","https://github.com/pvpoke/pvpoke/blob/c15fb6f7e8613169740d904d6f96baa1824de480/src/data/rankings/all/overall/rankings-10000.json","2026-10-10T17:33:39.100Z"
"dialga_shadow","Dialga (Shadow)","true","genderless","ML","","43","43","","true","Dragon Breath","Iron Head","Draco Meteor","","Matched pinned PvPoke recommendation and exact-form move pool","unchanged","Dragon Breath; Iron Head; Draco Meteor","https://github.com/pvpoke/pvpoke/blob/c15fb6f7e8613169740d904d6f96baa1824de480/src/data/rankings/all/overall/rankings-10000.json","2026-10-10T17:33:39.100Z"
"dondozo","Dondozo","false","","ML","","109","109","","true","Waterfall","Surf","Outrage","","Matched pinned PvPoke recommendation and exact-form move pool","unchanged","Waterfall; Surf; Outrage","https://github.com/pvpoke/pvpoke/blob/c15fb6f7e8613169740d904d6f96baa1824de480/src/data/rankings/all/overall/rankings-10000.json","2026-10-10T17:33:39.100Z"
"dragonite","Dragonite","false","","ML","","67","67","","true","Dragon Breath","Thunder Punch","Superpower","","Matched pinned PvPoke recommendation and exact-form move pool","unchanged","Dragon Breath; Thunder Punch; Superpower","https://github.com/pvpoke/pvpoke/blob/c15fb6f7e8613169740d904d6f96baa1824de480/src/data/rankings/all/overall/rankings-10000.json","2026-10-10T17:33:39.100Z"
"dragonite_shadow","Dragonite (Shadow)","true","","ML","","50","50","","true","Dragon Breath","Thunder Punch","Superpower","","Matched pinned PvPoke recommendation and exact-form move pool","unchanged","Dragon Breath; Thunder Punch; Superpower","https://github.com/pvpoke/pvpoke/blob/c15fb6f7e8613169740d904d6f96baa1824de480/src/data/rankings/all/overall/rankings-10000.json","2026-10-10T17:33:39.100Z"
"electivire_shadow","Electivire (Shadow)","true","","ML","","195","195","","true","Thunder Shock","Wild Charge","Ice Punch","","Matched pinned PvPoke recommendation and exact-form move pool","unchanged","Thunder Shock; Wild Charge; Ice Punch","https://github.com/pvpoke/pvpoke/blob/c15fb6f7e8613169740d904d6f96baa1824de480/src/data/rankings/all/overall/rankings-10000.json","2026-10-10T17:33:39.100Z"
"empoleon","Empoleon","false","","ML","","190","190","","true","Metal Sound","Hydro Cannon","Drill Peck","Hydro Cannon","Matched pinned PvPoke recommendation and exact-form move pool","unchanged","Metal Sound; Hydro Cannon; Drill Peck","https://github.com/pvpoke/pvpoke/blob/c15fb6f7e8613169740d904d6f96baa1824de480/src/data/rankings/all/overall/rankings-10000.json","2026-10-10T17:33:39.100Z"
"empoleon_shadow","Empoleon (Shadow)","true","","ML","","192","192","","true","Metal Sound","Hydro Cannon","Drill Peck","Hydro Cannon","Matched pinned PvPoke recommendation and exact-form move pool","unchanged","Metal Sound; Hydro Cannon; Drill Peck","https://github.com/pvpoke/pvpoke/blob/c15fb6f7e8613169740d904d6f96baa1824de480/src/data/rankings/all/overall/rankings-10000.json","2026-10-10T17:33:39.100Z"
"enamorus_incarnate","Enamorus (Incarnate)","false","female","ML","","129","129","","true","Fairy Wind","Fly","Dazzling Gleam","","Matched pinned PvPoke recommendation and exact-form move pool","unchanged","Fairy Wind; Fly; Dazzling Gleam","https://github.com/pvpoke/pvpoke/blob/c15fb6f7e8613169740d904d6f96baa1824de480/src/data/rankings/all/overall/rankings-10000.json","2026-10-10T17:33:39.100Z"
"enamorus_therian","Enamorus (Therian)","false","female","ML","","63","63","","true","Fairy Wind","Mystical Fire","Moonblast","","Matched pinned PvPoke recommendation and exact-form move pool","unchanged","Fairy Wind; Mystical Fire; Moonblast","https://github.com/pvpoke/pvpoke/blob/c15fb6f7e8613169740d904d6f96baa1824de480/src/data/rankings/all/overall/rankings-10000.json","2026-10-10T17:33:39.100Z"
"entei","Entei","false","genderless","ML","","165","165","","true","Fire Spin","Flame Charge","Scorching Sands","","Matched pinned PvPoke recommendation and exact-form move pool","unchanged","Fire Spin; Flame Charge; Scorching Sands","https://github.com/pvpoke/pvpoke/blob/c15fb6f7e8613169740d904d6f96baa1824de480/src/data/rankings/all/overall/rankings-10000.json","2026-10-10T17:33:39.100Z"
"entei_shadow","Entei (Shadow)","true","genderless","ML","","188","188","","true","Fire Spin","Flame Charge","Scorching Sands","","Matched pinned PvPoke recommendation and exact-form move pool","unchanged","Fire Spin; Flame Charge; Scorching Sands","https://github.com/pvpoke/pvpoke/blob/c15fb6f7e8613169740d904d6f96baa1824de480/src/data/rankings/all/overall/rankings-10000.json","2026-10-10T17:33:39.100Z"
"eternatus","Eternatus","false","genderless","ML","","10","10","","true","Dragon Tail","Dynamax Cannon","Flamethrower","Dynamax Cannon","Matched pinned PvPoke recommendation and exact-form move pool","unchanged","Dragon Tail; Dynamax Cannon; Flamethrower","https://github.com/pvpoke/pvpoke/blob/c15fb6f7e8613169740d904d6f96baa1824de480/src/data/rankings/all/overall/rankings-10000.json","2026-10-10T17:33:39.100Z"
"excadrill","Excadrill","false","","ML","","164","164","","true","Mud Shot","Drill Run","Rock Slide","","Matched pinned PvPoke recommendation and exact-form move pool","unchanged","Mud Shot; Drill Run; Rock Slide","https://github.com/pvpoke/pvpoke/blob/c15fb6f7e8613169740d904d6f96baa1824de480/src/data/rankings/all/overall/rankings-10000.json","2026-10-10T17:33:39.100Z"
"excadrill_shadow","Excadrill (Shadow)","true","","ML","","154","154","","true","Mud Shot","Drill Run","Rock Slide","","Matched pinned PvPoke recommendation and exact-form move pool","unchanged","Mud Shot; Drill Run; Rock Slide","https://github.com/pvpoke/pvpoke/blob/c15fb6f7e8613169740d904d6f96baa1824de480/src/data/rankings/all/overall/rankings-10000.json","2026-10-10T17:33:39.100Z"
"feraligatr","Feraligatr","false","","ML","","170","170","","true","Shadow Claw","Hydro Cannon","Ice Beam","Hydro Cannon","Matched pinned PvPoke recommendation and exact-form move pool","unchanged","Shadow Claw; Hydro Cannon; Ice Beam","https://github.com/pvpoke/pvpoke/blob/c15fb6f7e8613169740d904d6f96baa1824de480/src/data/rankings/all/overall/rankings-10000.json","2026-10-10T17:33:39.100Z"
"feraligatr_shadow","Feraligatr (Shadow)","true","","ML","","167","167","","true","Shadow Claw","Hydro Cannon","Ice Beam","Hydro Cannon","Matched pinned PvPoke recommendation and exact-form move pool","unchanged","Shadow Claw; Hydro Cannon; Ice Beam","https://github.com/pvpoke/pvpoke/blob/c15fb6f7e8613169740d904d6f96baa1824de480/src/data/rankings/all/overall/rankings-10000.json","2026-10-10T17:33:39.100Z"
"florges","Florges","false","female","ML","","40","40","","true","Fairy Wind","Moonblast","Chilling Water","Chilling Water","Matched pinned PvPoke recommendation and exact-form move pool","unchanged","Fairy Wind; Moonblast; Chilling Water","https://github.com/pvpoke/pvpoke/blob/c15fb6f7e8613169740d904d6f96baa1824de480/src/data/rankings/all/overall/rankings-10000.json","2026-10-10T17:33:39.100Z"
"gallade","Gallade","false","male","ML","","169","169","","true","Low Kick","Sacred Sword","Close Combat","","Matched pinned PvPoke recommendation and exact-form move pool","unchanged","Low Kick; Sacred Sword; Close Combat","https://github.com/pvpoke/pvpoke/blob/c15fb6f7e8613169740d904d6f96baa1824de480/src/data/rankings/all/overall/rankings-10000.json","2026-10-10T17:33:39.100Z"
"gallade_shadow","Gallade (Shadow)","true","male","ML","","155","155","","true","Low Kick","Sacred Sword","Close Combat","","Matched pinned PvPoke recommendation and exact-form move pool","unchanged","Low Kick; Sacred Sword; Close Combat","https://github.com/pvpoke/pvpoke/blob/c15fb6f7e8613169740d904d6f96baa1824de480/src/data/rankings/all/overall/rankings-10000.json","2026-10-10T17:33:39.100Z"
"garchomp","Garchomp","false","","ML","","31","31","","true","Dragon Tail","Twister","Earth Power","Earth Power","Matched pinned PvPoke recommendation and exact-form move pool","unchanged","Dragon Tail; Twister; Earth Power","https://github.com/pvpoke/pvpoke/blob/c15fb6f7e8613169740d904d6f96baa1824de480/src/data/rankings/all/overall/rankings-10000.json","2026-10-10T17:33:39.100Z"
"garchomp_shadow","Garchomp (Shadow)","true","","ML","","26","26","","true","Dragon Tail","Twister","Earth Power","Earth Power","Matched pinned PvPoke recommendation and exact-form move pool","unchanged","Dragon Tail; Twister; Earth Power","https://github.com/pvpoke/pvpoke/blob/c15fb6f7e8613169740d904d6f96baa1824de480/src/data/rankings/all/overall/rankings-10000.json","2026-10-10T17:33:39.100Z"
"genesect","Genesect","false","genderless","ML","","117","117","","true","Fury Cutter","Magnet Bomb","Techno Blast (Normal)","Techno Blast (Normal)","Matched pinned PvPoke recommendation and exact-form move pool","unchanged","Fury Cutter; Magnet Bomb; Techno Blast (Normal)","https://github.com/pvpoke/pvpoke/blob/c15fb6f7e8613169740d904d6f96baa1824de480/src/data/rankings/all/overall/rankings-10000.json","2026-10-10T17:33:39.100Z"
"genesect_burn","Genesect (Burn)","false","genderless","ML","","98","98","","true","Fury Cutter","Magnet Bomb","Techno Blast (Burn)","Techno Blast (Burn)","Matched pinned PvPoke recommendation and exact-form move pool","unchanged","Fury Cutter; Magnet Bomb; Techno Blast (Burn)","https://github.com/pvpoke/pvpoke/blob/c15fb6f7e8613169740d904d6f96baa1824de480/src/data/rankings/all/overall/rankings-10000.json","2026-10-10T17:33:39.100Z"
"genesect_chill","Genesect (Chill)","false","genderless","ML","","73","73","","true","Fury Cutter","Magnet Bomb","Techno Blast (Chill)","Techno Blast (Chill)","Matched pinned PvPoke recommendation and exact-form move pool","unchanged","Fury Cutter; Magnet Bomb; Techno Blast (Chill)","https://github.com/pvpoke/pvpoke/blob/c15fb6f7e8613169740d904d6f96baa1824de480/src/data/rankings/all/overall/rankings-10000.json","2026-10-10T17:33:39.100Z"
"genesect_douse","Genesect (Douse)","false","genderless","ML","","104","104","","true","Fury Cutter","Magnet Bomb","Techno Blast (Douse)","Techno Blast (Douse)","Matched pinned PvPoke recommendation and exact-form move pool","unchanged","Fury Cutter; Magnet Bomb; Techno Blast (Douse)","https://github.com/pvpoke/pvpoke/blob/c15fb6f7e8613169740d904d6f96baa1824de480/src/data/rankings/all/overall/rankings-10000.json","2026-10-10T17:33:39.100Z"
"genesect_shock","Genesect (Shock)","false","genderless","ML","","72","72","","true","Fury Cutter","Magnet Bomb","Techno Blast (Shock)","","Matched pinned PvPoke recommendation and exact-form move pool","unchanged","Fury Cutter; Magnet Bomb; Techno Blast (Shock)","https://github.com/pvpoke/pvpoke/blob/c15fb6f7e8613169740d904d6f96baa1824de480/src/data/rankings/all/overall/rankings-10000.json","2026-10-10T17:33:39.100Z"
"gholdengo","Gholdengo","false","genderless","ML","","47","47","","true","Hex","Shadow Ball","Focus Blast","","Matched pinned PvPoke recommendation and exact-form move pool","unchanged","Hex; Shadow Ball; Focus Blast","https://github.com/pvpoke/pvpoke/blob/c15fb6f7e8613169740d904d6f96baa1824de480/src/data/rankings/all/overall/rankings-10000.json","2026-10-10T17:33:39.100Z"
"gigalith","Gigalith","false","","ML","","172","172","","true","Lock On","Superpower","Meteor Beam","Meteor Beam","Matched pinned PvPoke recommendation and exact-form move pool","unchanged","Lock On; Superpower; Meteor Beam","https://github.com/pvpoke/pvpoke/blob/c15fb6f7e8613169740d904d6f96baa1824de480/src/data/rankings/all/overall/rankings-10000.json","2026-10-10T17:33:39.100Z"
"gigalith_shadow","Gigalith (Shadow)","true","","ML","","138","138","","true","Lock On","Meteor Beam","Superpower","Meteor Beam","Matched pinned PvPoke recommendation and exact-form move pool","unchanged","Lock On; Meteor Beam; Superpower","https://github.com/pvpoke/pvpoke/blob/c15fb6f7e8613169740d904d6f96baa1824de480/src/data/rankings/all/overall/rankings-10000.json","2026-10-10T17:33:39.100Z"
"giratina_altered","Giratina (Altered)","false","genderless","ML","","52","52","","true","Dragon Breath","Dragon Claw","Shadow Sneak","","Matched pinned PvPoke recommendation and exact-form move pool","unchanged","Dragon Breath; Dragon Claw; Shadow Sneak","https://github.com/pvpoke/pvpoke/blob/c15fb6f7e8613169740d904d6f96baa1824de480/src/data/rankings/all/overall/rankings-10000.json","2026-10-10T17:33:39.100Z"
"giratina_altered_shadow","Giratina (Altered) (Shadow)","true","genderless","ML","","39","39","","true","Dragon Breath","Dragon Claw","Shadow Sneak","","Matched pinned PvPoke recommendation and exact-form move pool","unchanged","Dragon Breath; Dragon Claw; Shadow Sneak","https://github.com/pvpoke/pvpoke/blob/c15fb6f7e8613169740d904d6f96baa1824de480/src/data/rankings/all/overall/rankings-10000.json","2026-10-10T17:33:39.100Z"
"giratina_origin","Giratina (Origin)","false","genderless","ML","","111","111","","true","Dragon Tail","Shadow Ball","Ominous Wind","","Matched pinned PvPoke recommendation and exact-form move pool","unchanged","Dragon Tail; Shadow Ball; Ominous Wind","https://github.com/pvpoke/pvpoke/blob/c15fb6f7e8613169740d904d6f96baa1824de480/src/data/rankings/all/overall/rankings-10000.json","2026-10-10T17:33:39.100Z"
"golisopod","Golisopod","false","","ML","","88","88","","true","Fury Cutter","Aqua Jet","X-Scissor","","Matched pinned PvPoke recommendation and exact-form move pool","unchanged","Fury Cutter; Aqua Jet; X-Scissor","https://github.com/pvpoke/pvpoke/blob/c15fb6f7e8613169740d904d6f96baa1824de480/src/data/rankings/all/overall/rankings-10000.json","2026-10-10T17:33:39.100Z"
"golisopod_shadow","Golisopod (Shadow)","true","","ML","","83","83","","true","Fury Cutter","Aqua Jet","X-Scissor","","Matched pinned PvPoke recommendation and exact-form move pool","unchanged","Fury Cutter; Aqua Jet; X-Scissor","https://github.com/pvpoke/pvpoke/blob/c15fb6f7e8613169740d904d6f96baa1824de480/src/data/rankings/all/overall/rankings-10000.json","2026-10-10T17:33:39.100Z"
"golurk","Golurk","false","genderless","ML","","198","198","","true","Astonish","Shadow Punch","Dynamic Punch","","Matched pinned PvPoke recommendation and exact-form move pool","unchanged","Astonish; Shadow Punch; Dynamic Punch","https://github.com/pvpoke/pvpoke/blob/c15fb6f7e8613169740d904d6f96baa1824de480/src/data/rankings/all/overall/rankings-10000.json","2026-10-10T17:33:39.100Z"
"golurk_shadow","Golurk (Shadow)","true","genderless","ML","","166","166","","true","Astonish","Shadow Punch","Dynamic Punch","","Matched pinned PvPoke recommendation and exact-form move pool","unchanged","Astonish; Shadow Punch; Dynamic Punch","https://github.com/pvpoke/pvpoke/blob/c15fb6f7e8613169740d904d6f96baa1824de480/src/data/rankings/all/overall/rankings-10000.json","2026-10-10T17:33:39.100Z"
"goodra","Goodra","false","","ML","","55","55","","true","Dragon Breath","Aqua Tail","Draco Meteor","","Matched pinned PvPoke recommendation and exact-form move pool","unchanged","Dragon Breath; Aqua Tail; Draco Meteor","https://github.com/pvpoke/pvpoke/blob/c15fb6f7e8613169740d904d6f96baa1824de480/src/data/rankings/all/overall/rankings-10000.json","2026-10-10T17:33:39.100Z"
"grimmsnarl","Grimmsnarl","false","male","ML","","153","153","","true","Sucker Punch","Foul Play","Draining Kiss","","Matched pinned PvPoke recommendation and exact-form move pool","unchanged","Sucker Punch; Foul Play; Draining Kiss","https://github.com/pvpoke/pvpoke/blob/c15fb6f7e8613169740d904d6f96baa1824de480/src/data/rankings/all/overall/rankings-10000.json","2026-10-10T17:33:39.100Z"
"groudon","Groudon","false","genderless","ML","","28","28","","true","Dragon Tail","Fire Punch","Precipice Blades","Fire Punch; Precipice Blades","Matched pinned PvPoke recommendation and exact-form move pool","unchanged","Dragon Tail; Fire Punch; Precipice Blades","https://github.com/pvpoke/pvpoke/blob/c15fb6f7e8613169740d904d6f96baa1824de480/src/data/rankings/all/overall/rankings-10000.json","2026-10-10T17:33:39.100Z"
"groudon_shadow","Groudon (Shadow)","true","genderless","ML","","53","53","","true","Dragon Tail","Fire Punch","Precipice Blades","Fire Punch; Precipice Blades","Matched pinned PvPoke recommendation and exact-form move pool","unchanged","Dragon Tail; Fire Punch; Precipice Blades","https://github.com/pvpoke/pvpoke/blob/c15fb6f7e8613169740d904d6f96baa1824de480/src/data/rankings/all/overall/rankings-10000.json","2026-10-10T17:33:39.100Z"
"gyarados","Gyarados","false","","ML","","58","58","","true","Dragon Breath","Aqua Tail","Crunch","Aqua Tail","Matched pinned PvPoke recommendation and exact-form move pool","unchanged","Dragon Breath; Aqua Tail; Crunch","https://github.com/pvpoke/pvpoke/blob/c15fb6f7e8613169740d904d6f96baa1824de480/src/data/rankings/all/overall/rankings-10000.json","2026-10-10T17:33:39.100Z"
"gyarados_shadow","Gyarados (Shadow)","true","","ML","","32","32","","true","Dragon Breath","Aqua Tail","Twister","Aqua Tail","Matched pinned PvPoke recommendation and exact-form move pool","unchanged","Dragon Breath; Aqua Tail; Twister","https://github.com/pvpoke/pvpoke/blob/c15fb6f7e8613169740d904d6f96baa1824de480/src/data/rankings/all/overall/rankings-10000.json","2026-10-10T17:33:39.100Z"
"haxorus","Haxorus","false","","ML","","182","182","","true","Dragon Tail","Night Slash","Dragon Claw","","Matched pinned PvPoke recommendation and exact-form move pool","unchanged","Dragon Tail; Night Slash; Dragon Claw","https://github.com/pvpoke/pvpoke/blob/c15fb6f7e8613169740d904d6f96baa1824de480/src/data/rankings/all/overall/rankings-10000.json","2026-10-10T17:33:39.100Z"
"haxorus_shadow","Haxorus (Shadow)","true","","ML","","157","157","","true","Dragon Tail","Night Slash","Dragon Claw","","Matched pinned PvPoke recommendation and exact-form move pool","unchanged","Dragon Tail; Night Slash; Dragon Claw","https://github.com/pvpoke/pvpoke/blob/c15fb6f7e8613169740d904d6f96baa1824de480/src/data/rankings/all/overall/rankings-10000.json","2026-10-10T17:33:39.100Z"
"heatran","Heatran","false","","ML","","86","86","","true","Fire Spin","Magma Storm","Earth Power","Magma Storm","Matched pinned PvPoke recommendation and exact-form move pool","unchanged","Fire Spin; Magma Storm; Earth Power","https://github.com/pvpoke/pvpoke/blob/c15fb6f7e8613169740d904d6f96baa1824de480/src/data/rankings/all/overall/rankings-10000.json","2026-10-10T17:33:39.100Z"
"heatran_shadow","Heatran (Shadow)","true","","ML","","71","71","","true","Fire Spin","Magma Storm","Earth Power","Magma Storm","Matched pinned PvPoke recommendation and exact-form move pool","unchanged","Fire Spin; Magma Storm; Earth Power","https://github.com/pvpoke/pvpoke/blob/c15fb6f7e8613169740d904d6f96baa1824de480/src/data/rankings/all/overall/rankings-10000.json","2026-10-10T17:33:39.100Z"
"heracross","Heracross","false","","ML","","179","179","","true","Fury Cutter","Upper Hand","Rock Tomb","","Matched pinned PvPoke recommendation and exact-form move pool","unchanged","Fury Cutter; Upper Hand; Rock Tomb","https://github.com/pvpoke/pvpoke/blob/c15fb6f7e8613169740d904d6f96baa1824de480/src/data/rankings/all/overall/rankings-10000.json","2026-10-10T17:33:39.100Z"
"hippowdon","Hippowdon","false","","ML","","107","107","","true","Sand Attack","Weather Ball (Rock)","Earth Power","","Matched pinned PvPoke recommendation and exact-form move pool","unchanged","Sand Attack; Weather Ball (Rock); Earth Power","https://github.com/pvpoke/pvpoke/blob/c15fb6f7e8613169740d904d6f96baa1824de480/src/data/rankings/all/overall/rankings-10000.json","2026-10-10T17:33:39.100Z"
"hippowdon_shadow","Hippowdon (Shadow)","true","","ML","","91","91","","true","Sand Attack","Weather Ball (Rock)","Earth Power","","Matched pinned PvPoke recommendation and exact-form move pool","unchanged","Sand Attack; Weather Ball (Rock); Earth Power","https://github.com/pvpoke/pvpoke/blob/c15fb6f7e8613169740d904d6f96baa1824de480/src/data/rankings/all/overall/rankings-10000.json","2026-10-10T17:33:39.100Z"
"ho_oh","Ho-Oh","false","genderless","ML","","25","25","","true","Incinerate","Brave Bird","Sacred Fire","Sacred Fire","Matched pinned PvPoke recommendation and exact-form move pool","unchanged","Incinerate; Brave Bird; Sacred Fire","https://github.com/pvpoke/pvpoke/blob/c15fb6f7e8613169740d904d6f96baa1824de480/src/data/rankings/all/overall/rankings-10000.json","2026-10-10T17:33:39.100Z"
"ho_oh_shadow","Ho-Oh (Shadow)","true","genderless","ML","","56","56","","true","Incinerate","Brave Bird","Sacred Fire","Sacred Fire","Matched pinned PvPoke recommendation and exact-form move pool","unchanged","Incinerate; Brave Bird; Sacred Fire","https://github.com/pvpoke/pvpoke/blob/c15fb6f7e8613169740d904d6f96baa1824de480/src/data/rankings/all/overall/rankings-10000.json","2026-10-10T17:33:39.100Z"
"hydreigon","Hydreigon","false","","ML","","81","81","","true","Dragon Breath","Brutal Swing","Fly","Brutal Swing","Matched pinned PvPoke recommendation and exact-form move pool","unchanged","Dragon Breath; Brutal Swing; Fly","https://github.com/pvpoke/pvpoke/blob/c15fb6f7e8613169740d904d6f96baa1824de480/src/data/rankings/all/overall/rankings-10000.json","2026-10-10T17:33:39.100Z"
"hydreigon_shadow","Hydreigon (Shadow)","true","","ML","","54","54","","true","Dragon Breath","Brutal Swing","Fly","Brutal Swing","Matched pinned PvPoke recommendation and exact-form move pool","unchanged","Dragon Breath; Brutal Swing; Fly","https://github.com/pvpoke/pvpoke/blob/c15fb6f7e8613169740d904d6f96baa1824de480/src/data/rankings/all/overall/rankings-10000.json","2026-10-10T17:33:39.100Z"
"jirachi","Jirachi","false","genderless","ML","","61","61","","true","Confusion","Doom Desire","Aura Sphere","","Matched pinned PvPoke recommendation and exact-form move pool","unchanged","Confusion; Doom Desire; Aura Sphere","https://github.com/pvpoke/pvpoke/blob/c15fb6f7e8613169740d904d6f96baa1824de480/src/data/rankings/all/overall/rankings-10000.json","2026-10-10T17:33:39.100Z"
"kartana","Kartana","false","genderless","ML","","101","101","","true","Fury Cutter","Leaf Blade","Sacred Sword","","Matched pinned PvPoke recommendation and exact-form move pool","unchanged","Fury Cutter; Leaf Blade; Sacred Sword","https://github.com/pvpoke/pvpoke/blob/c15fb6f7e8613169740d904d6f96baa1824de480/src/data/rankings/all/overall/rankings-10000.json","2026-10-10T17:33:39.100Z"
"keldeo_ordinary","Keldeo (Ordinary)","false","genderless","ML","","36","36","","true","Low Kick","Aqua Jet","Sacred Sword","","Matched pinned PvPoke recommendation and exact-form move pool","unchanged","Low Kick; Aqua Jet; Sacred Sword","https://github.com/pvpoke/pvpoke/blob/c15fb6f7e8613169740d904d6f96baa1824de480/src/data/rankings/all/overall/rankings-10000.json","2026-10-10T17:33:39.100Z"
"keldeo_resolute","Keldeo (Resolute)","false","genderless","ML","","30","30","","true","Low Kick","Secret Sword","Aqua Jet","Secret Sword","Matched pinned PvPoke recommendation and exact-form move pool","unchanged","Low Kick; Secret Sword; Aqua Jet","https://github.com/pvpoke/pvpoke/blob/c15fb6f7e8613169740d904d6f96baa1824de480/src/data/rankings/all/overall/rankings-10000.json","2026-10-10T17:33:39.100Z"
"kingambit","Kingambit","false","","ML","","79","79","","true","Low Kick","Foul Play","Iron Head","","Matched pinned PvPoke recommendation and exact-form move pool","unchanged","Low Kick; Foul Play; Iron Head","https://github.com/pvpoke/pvpoke/blob/c15fb6f7e8613169740d904d6f96baa1824de480/src/data/rankings/all/overall/rankings-10000.json","2026-10-10T17:33:39.100Z"
"kommo_o","Kommo-o","false","","ML","","100","100","","true","Dragon Tail","Clanging Scales","Upper Hand","Clanging Scales","Matched pinned PvPoke recommendation and exact-form move pool","unchanged","Dragon Tail; Clanging Scales; Upper Hand","https://github.com/pvpoke/pvpoke/blob/c15fb6f7e8613169740d904d6f96baa1824de480/src/data/rankings/all/overall/rankings-10000.json","2026-10-10T17:33:39.100Z"
"kyogre","Kyogre","false","genderless","ML","","8","8","","true","Waterfall","Avalanche","Origin Pulse","Origin Pulse","Matched pinned PvPoke recommendation and exact-form move pool","unchanged","Waterfall; Avalanche; Origin Pulse","https://github.com/pvpoke/pvpoke/blob/c15fb6f7e8613169740d904d6f96baa1824de480/src/data/rankings/all/overall/rankings-10000.json","2026-10-10T17:33:39.100Z"
"kyogre_shadow","Kyogre (Shadow)","true","genderless","ML","","33","33","","true","Waterfall","Avalanche","Origin Pulse","Origin Pulse","Matched pinned PvPoke recommendation and exact-form move pool","unchanged","Waterfall; Avalanche; Origin Pulse","https://github.com/pvpoke/pvpoke/blob/c15fb6f7e8613169740d904d6f96baa1824de480/src/data/rankings/all/overall/rankings-10000.json","2026-10-10T17:33:39.100Z"
"kyurem","Kyurem","false","genderless","ML","","48","48","","true","Dragon Breath","Glaciate","Dragon Claw","Glaciate","Matched pinned PvPoke recommendation and exact-form move pool","unchanged","Dragon Breath; Glaciate; Dragon Claw","https://github.com/pvpoke/pvpoke/blob/c15fb6f7e8613169740d904d6f96baa1824de480/src/data/rankings/all/overall/rankings-10000.json","2026-10-10T17:33:39.100Z"
"kyurem_black","Kyurem (Black)","false","genderless","ML","","12","12","","true","Dragon Tail","Freeze Shock","Fusion Bolt","Freeze Shock","Matched pinned PvPoke recommendation and exact-form move pool","unchanged","Dragon Tail; Freeze Shock; Fusion Bolt","https://github.com/pvpoke/pvpoke/blob/c15fb6f7e8613169740d904d6f96baa1824de480/src/data/rankings/all/overall/rankings-10000.json","2026-10-10T17:33:39.100Z"
"kyurem_white","Kyurem (White)","false","genderless","ML","","5","5","","true","Dragon Breath","Fusion Flare","Ice Burn","Ice Burn","Matched pinned PvPoke recommendation and exact-form move pool","unchanged","Dragon Breath; Fusion Flare; Ice Burn","https://github.com/pvpoke/pvpoke/blob/c15fb6f7e8613169740d904d6f96baa1824de480/src/data/rankings/all/overall/rankings-10000.json","2026-10-10T17:33:39.100Z"
"landorus_incarnate","Landorus (Incarnate)","false","male","ML","","99","99","","true","Mud Shot","Earth Power","Rock Slide","","Matched pinned PvPoke recommendation and exact-form move pool","unchanged","Mud Shot; Earth Power; Rock Slide","https://github.com/pvpoke/pvpoke/blob/c15fb6f7e8613169740d904d6f96baa1824de480/src/data/rankings/all/overall/rankings-10000.json","2026-10-10T17:33:39.100Z"
"landorus_incarnate_shadow","Landorus (Incarnate) (Shadow)","true","male","ML","","102","102","","true","Mud Shot","Earth Power","Rock Slide","","Matched pinned PvPoke recommendation and exact-form move pool","unchanged","Mud Shot; Earth Power; Rock Slide","https://github.com/pvpoke/pvpoke/blob/c15fb6f7e8613169740d904d6f96baa1824de480/src/data/rankings/all/overall/rankings-10000.json","2026-10-10T17:33:39.100Z"
"landorus_therian","Landorus (Therian)","false","male","ML","","41","41","","true","Mud Shot","Sandsear Storm","Stone Edge","Sandsear Storm","Matched pinned PvPoke recommendation and exact-form move pool","unchanged","Mud Shot; Sandsear Storm; Stone Edge","https://github.com/pvpoke/pvpoke/blob/c15fb6f7e8613169740d904d6f96baa1824de480/src/data/rankings/all/overall/rankings-10000.json","2026-10-10T17:33:39.100Z"
"latias","Latias","false","female","ML","","62","62","","true","Dragon Breath","Aura Sphere","Mist Ball","Mist Ball","Matched pinned PvPoke recommendation and exact-form move pool","unchanged","Dragon Breath; Aura Sphere; Mist Ball","https://github.com/pvpoke/pvpoke/blob/c15fb6f7e8613169740d904d6f96baa1824de480/src/data/rankings/all/overall/rankings-10000.json","2026-10-10T17:33:39.100Z"
"latias_shadow","Latias (Shadow)","true","female","ML","","57","57","","true","Dragon Breath","Aura Sphere","Mist Ball","Mist Ball","Matched pinned PvPoke recommendation and exact-form move pool","unchanged","Dragon Breath; Aura Sphere; Mist Ball","https://github.com/pvpoke/pvpoke/blob/c15fb6f7e8613169740d904d6f96baa1824de480/src/data/rankings/all/overall/rankings-10000.json","2026-10-10T17:33:39.100Z"
"latios","Latios","false","male","ML","","49","49","","true","Dragon Breath","Aura Sphere","Luster Purge","Luster Purge","Matched pinned PvPoke recommendation and exact-form move pool","unchanged","Dragon Breath; Aura Sphere; Luster Purge","https://github.com/pvpoke/pvpoke/blob/c15fb6f7e8613169740d904d6f96baa1824de480/src/data/rankings/all/overall/rankings-10000.json","2026-10-10T17:33:39.100Z"
"latios_shadow","Latios (Shadow)","true","male","ML","","35","35","","true","Dragon Breath","Aura Sphere","Luster Purge","Luster Purge","Matched pinned PvPoke recommendation and exact-form move pool","unchanged","Dragon Breath; Aura Sphere; Luster Purge","https://github.com/pvpoke/pvpoke/blob/c15fb6f7e8613169740d904d6f96baa1824de480/src/data/rankings/all/overall/rankings-10000.json","2026-10-10T17:33:39.100Z"
"lugia","Lugia","false","genderless","ML","","14","14","","true","Dragon Tail","Aeroblast","Earth Power","Aeroblast","Matched pinned PvPoke recommendation and exact-form move pool","unchanged","Dragon Tail; Aeroblast; Earth Power","https://github.com/pvpoke/pvpoke/blob/c15fb6f7e8613169740d904d6f96baa1824de480/src/data/rankings/all/overall/rankings-10000.json","2026-10-10T17:33:39.100Z"
"lugia_shadow","Lugia (Shadow)","true","genderless","ML","","23","23","","true","Dragon Tail","Aeroblast","Earth Power","Aeroblast","Matched pinned PvPoke recommendation and exact-form move pool","unchanged","Dragon Tail; Aeroblast; Earth Power","https://github.com/pvpoke/pvpoke/blob/c15fb6f7e8613169740d904d6f96baa1824de480/src/data/rankings/all/overall/rankings-10000.json","2026-10-10T17:33:39.100Z"
"lunala","Lunala","false","genderless","ML","","15","15","","true","Shadow Claw","Shadow Ball","Moonblast","","Matched pinned PvPoke recommendation and exact-form move pool","unchanged","Shadow Claw; Shadow Ball; Moonblast","https://github.com/pvpoke/pvpoke/blob/c15fb6f7e8613169740d904d6f96baa1824de480/src/data/rankings/all/overall/rankings-10000.json","2026-10-10T17:33:39.100Z"
"machamp","Machamp","false","","ML","","173","173","","true","Karate Chop","Cross Chop","Rock Slide","Karate Chop","Matched pinned PvPoke recommendation and exact-form move pool","unchanged","Karate Chop; Cross Chop; Rock Slide","https://github.com/pvpoke/pvpoke/blob/c15fb6f7e8613169740d904d6f96baa1824de480/src/data/rankings/all/overall/rankings-10000.json","2026-10-10T17:33:39.100Z"
"machamp_shadow","Machamp (Shadow)","true","","ML","","147","147","","true","Karate Chop","Cross Chop","Stone Edge","Karate Chop; Stone Edge","Matched pinned PvPoke recommendation and exact-form move pool","unchanged","Karate Chop; Cross Chop; Stone Edge","https://github.com/pvpoke/pvpoke/blob/c15fb6f7e8613169740d904d6f96baa1824de480/src/data/rankings/all/overall/rankings-10000.json","2026-10-10T17:33:39.100Z"
"magnezone_shadow","Magnezone (Shadow)","true","genderless","ML","","181","181","","true","Volt Switch","Wild Charge","Mirror Shot","","Matched pinned PvPoke recommendation and exact-form move pool","unchanged","Volt Switch; Wild Charge; Mirror Shot","https://github.com/pvpoke/pvpoke/blob/c15fb6f7e8613169740d904d6f96baa1824de480/src/data/rankings/all/overall/rankings-10000.json","2026-10-10T17:33:39.100Z"
"mamoswine","Mamoswine","false","","ML","","105","105","","true","Powder Snow","Icicle Spear","High Horsepower","","Matched pinned PvPoke recommendation and exact-form move pool","unchanged","Powder Snow; Icicle Spear; High Horsepower","https://github.com/pvpoke/pvpoke/blob/c15fb6f7e8613169740d904d6f96baa1824de480/src/data/rankings/all/overall/rankings-10000.json","2026-10-10T17:33:39.100Z"
"mamoswine_shadow","Mamoswine (Shadow)","true","","ML","","94","94","","true","Powder Snow","High Horsepower","Icicle Spear","","Matched pinned PvPoke recommendation and exact-form move pool","unchanged","Powder Snow; High Horsepower; Icicle Spear","https://github.com/pvpoke/pvpoke/blob/c15fb6f7e8613169740d904d6f96baa1824de480/src/data/rankings/all/overall/rankings-10000.json","2026-10-10T17:33:39.100Z"
"marshadow","Marshadow","false","genderless","ML","","19","19","","true","Shadow Claw","Close Combat","Ice Punch","","Matched pinned PvPoke recommendation and exact-form move pool","unchanged","Shadow Claw; Close Combat; Ice Punch","https://github.com/pvpoke/pvpoke/blob/c15fb6f7e8613169740d904d6f96baa1824de480/src/data/rankings/all/overall/rankings-10000.json","2026-10-10T17:33:39.100Z"
"melmetal","Melmetal","false","genderless","ML","","29","29","","true","Thunder Shock","Double Iron Bash","Dynamic Punch","Double Iron Bash","Matched pinned PvPoke recommendation and exact-form move pool","unchanged","Thunder Shock; Double Iron Bash; Dynamic Punch","https://github.com/pvpoke/pvpoke/blob/c15fb6f7e8613169740d904d6f96baa1824de480/src/data/rankings/all/overall/rankings-10000.json","2026-10-10T17:33:39.100Z"
"meloetta_aria","Meloetta (Aria)","false","genderless","ML","","44","44","","true","Confusion","Psyshock","Dazzling Gleam","","Matched pinned PvPoke recommendation and exact-form move pool","unchanged","Confusion; Psyshock; Dazzling Gleam","https://github.com/pvpoke/pvpoke/blob/c15fb6f7e8613169740d904d6f96baa1824de480/src/data/rankings/all/overall/rankings-10000.json","2026-10-10T17:33:39.100Z"
"metagross","Metagross","false","genderless","ML","","4","4","","true","Shadow Claw","Meteor Mash","Earthquake","Shadow Claw; Meteor Mash","Matched pinned PvPoke recommendation and exact-form move pool","unchanged","Shadow Claw; Meteor Mash; Earthquake","https://github.com/pvpoke/pvpoke/blob/c15fb6f7e8613169740d904d6f96baa1824de480/src/data/rankings/all/overall/rankings-10000.json","2026-10-10T17:33:39.100Z"
"metagross_shadow","Metagross (Shadow)","true","genderless","ML","","27","27","","true","Shadow Claw","Meteor Mash","Earthquake","Shadow Claw; Meteor Mash","Matched pinned PvPoke recommendation and exact-form move pool","unchanged","Shadow Claw; Meteor Mash; Earthquake","https://github.com/pvpoke/pvpoke/blob/c15fb6f7e8613169740d904d6f96baa1824de480/src/data/rankings/all/overall/rankings-10000.json","2026-10-10T17:33:39.100Z"
"mew","Mew","false","genderless","ML","","135","135","","true","Shadow Claw","Psyshock","Wild Charge","","Matched pinned PvPoke recommendation and exact-form move pool","unchanged","Shadow Claw; Psyshock; Wild Charge","https://github.com/pvpoke/pvpoke/blob/c15fb6f7e8613169740d904d6f96baa1824de480/src/data/rankings/all/overall/rankings-10000.json","2026-10-10T17:33:39.100Z"
"mewtwo","Mewtwo","false","genderless","ML","","65","65","","true","Psycho Cut","Psystrike","Shadow Ball","Psystrike; Shadow Ball","Matched pinned PvPoke recommendation and exact-form move pool","unchanged","Psycho Cut; Psystrike; Shadow Ball","https://github.com/pvpoke/pvpoke/blob/c15fb6f7e8613169740d904d6f96baa1824de480/src/data/rankings/all/overall/rankings-10000.json","2026-10-10T17:33:39.100Z"
"mewtwo_armored","Mewtwo (Armored)","false","genderless","ML","","113","113","","true","Confusion","Psystrike","Dynamic Punch","Psystrike","Matched pinned PvPoke recommendation and exact-form move pool","unchanged","Confusion; Psystrike; Dynamic Punch","https://github.com/pvpoke/pvpoke/blob/c15fb6f7e8613169740d904d6f96baa1824de480/src/data/rankings/all/overall/rankings-10000.json","2026-10-10T17:33:39.100Z"
"mewtwo_shadow","Mewtwo (Shadow)","true","genderless","ML","","51","51","","true","Psycho Cut","Psystrike","Shadow Ball","Psystrike; Shadow Ball","Matched pinned PvPoke recommendation and exact-form move pool","unchanged","Psycho Cut; Psystrike; Shadow Ball","https://github.com/pvpoke/pvpoke/blob/c15fb6f7e8613169740d904d6f96baa1824de480/src/data/rankings/all/overall/rankings-10000.json","2026-10-10T17:33:39.100Z"
"milotic","Milotic","false","","ML","","145","145","","true","Waterfall","Aqua Tail","Wrap","","Matched pinned PvPoke recommendation and exact-form move pool","unchanged","Waterfall; Aqua Tail; Wrap","https://github.com/pvpoke/pvpoke/blob/c15fb6f7e8613169740d904d6f96baa1824de480/src/data/rankings/all/overall/rankings-10000.json","2026-10-10T17:33:39.100Z"
"milotic_shadow","Milotic (Shadow)","true","","ML","","160","160","","true","Waterfall","Aqua Tail","Wrap","","Matched pinned PvPoke recommendation and exact-form move pool","unchanged","Waterfall; Aqua Tail; Wrap","https://github.com/pvpoke/pvpoke/blob/c15fb6f7e8613169740d904d6f96baa1824de480/src/data/rankings/all/overall/rankings-10000.json","2026-10-10T17:33:39.100Z"
"moltres","Moltres","false","genderless","ML","","137","137","","true","Wing Attack","Fly","Heat Wave","","Matched pinned PvPoke recommendation and exact-form move pool","unchanged","Wing Attack; Fly; Heat Wave","https://github.com/pvpoke/pvpoke/blob/c15fb6f7e8613169740d904d6f96baa1824de480/src/data/rankings/all/overall/rankings-10000.json","2026-10-10T17:33:39.100Z"
"moltres_galarian","Moltres (Galarian)","false","genderless","ML","","156","156","","true","Sucker Punch","Ancient Power","Payback","","Matched pinned PvPoke recommendation and exact-form move pool","unchanged","Sucker Punch; Ancient Power; Payback","https://github.com/pvpoke/pvpoke/blob/c15fb6f7e8613169740d904d6f96baa1824de480/src/data/rankings/all/overall/rankings-10000.json","2026-10-10T17:33:39.100Z"
"moltres_shadow","Moltres (Shadow)","true","genderless","ML","","152","152","","true","Wing Attack","Fly","Heat Wave","","Matched pinned PvPoke recommendation and exact-form move pool","unchanged","Wing Attack; Fly; Heat Wave","https://github.com/pvpoke/pvpoke/blob/c15fb6f7e8613169740d904d6f96baa1824de480/src/data/rankings/all/overall/rankings-10000.json","2026-10-10T17:33:39.100Z"
"necrozma","Necrozma","false","genderless","ML","","150","150","","true","Psycho Cut","Dark Pulse","Iron Head","","Matched pinned PvPoke recommendation and exact-form move pool","unchanged","Psycho Cut; Dark Pulse; Iron Head","https://github.com/pvpoke/pvpoke/blob/c15fb6f7e8613169740d904d6f96baa1824de480/src/data/rankings/all/overall/rankings-10000.json","2026-10-10T17:33:39.100Z"
"necrozma_dawn_wings","Necrozma (Dawn Wings)","false","genderless","ML","","18","18","","true","Shadow Claw","Dark Pulse","Moongeist Beam","","Matched pinned PvPoke recommendation and exact-form move pool","unchanged","Shadow Claw; Dark Pulse; Moongeist Beam","https://github.com/pvpoke/pvpoke/blob/c15fb6f7e8613169740d904d6f96baa1824de480/src/data/rankings/all/overall/rankings-10000.json","2026-10-10T17:33:39.100Z"
"necrozma_dusk_mane","Necrozma (Dusk Mane)","false","genderless","ML","","22","22","","true","Shadow Claw","Dark Pulse","Sunsteel Strike","","Matched pinned PvPoke recommendation and exact-form move pool","unchanged","Shadow Claw; Dark Pulse; Sunsteel Strike","https://github.com/pvpoke/pvpoke/blob/c15fb6f7e8613169740d904d6f96baa1824de480/src/data/rankings/all/overall/rankings-10000.json","2026-10-10T17:33:39.100Z"
"nihilego","Nihilego","false","genderless","ML","","197","197","","true","Poison Jab","Power Gem","Sludge Bomb","","Matched pinned PvPoke recommendation and exact-form move pool","unchanged","Poison Jab; Power Gem; Sludge Bomb","https://github.com/pvpoke/pvpoke/blob/c15fb6f7e8613169740d904d6f96baa1824de480/src/data/rankings/all/overall/rankings-10000.json","2026-10-10T17:33:39.100Z"
"palkia","Palkia","false","genderless","ML","","34","34","","true","Dragon Breath","Aqua Tail","Fire Blast","","Matched pinned PvPoke recommendation and exact-form move pool","unchanged","Dragon Breath; Aqua Tail; Fire Blast","https://github.com/pvpoke/pvpoke/blob/c15fb6f7e8613169740d904d6f96baa1824de480/src/data/rankings/all/overall/rankings-10000.json","2026-10-10T17:33:39.100Z"
"palkia_origin","Palkia (Origin)","false","genderless","ML","","1","1","","true","Dragon Breath","Aqua Tail","Spacial Rend","Spacial Rend","Matched pinned PvPoke recommendation and exact-form move pool","unchanged","Dragon Breath; Aqua Tail; Spacial Rend","https://github.com/pvpoke/pvpoke/blob/c15fb6f7e8613169740d904d6f96baa1824de480/src/data/rankings/all/overall/rankings-10000.json","2026-10-10T17:33:39.100Z"
"palkia_shadow","Palkia (Shadow)","true","genderless","ML","","24","24","","true","Dragon Breath","Aqua Tail","Draco Meteor","","Matched pinned PvPoke recommendation and exact-form move pool","unchanged","Dragon Breath; Aqua Tail; Draco Meteor","https://github.com/pvpoke/pvpoke/blob/c15fb6f7e8613169740d904d6f96baa1824de480/src/data/rankings/all/overall/rankings-10000.json","2026-10-10T17:33:39.100Z"
"pangoro","Pangoro","false","","ML","","183","183","","true","Karate Chop","Close Combat","Night Slash","","Matched pinned PvPoke recommendation and exact-form move pool","unchanged","Karate Chop; Close Combat; Night Slash","https://github.com/pvpoke/pvpoke/blob/c15fb6f7e8613169740d904d6f96baa1824de480/src/data/rankings/all/overall/rankings-10000.json","2026-10-10T17:33:39.100Z"
"pangoro_shadow","Pangoro (Shadow)","true","","ML","","162","162","","true","Karate Chop","Close Combat","Night Slash","","Matched pinned PvPoke recommendation and exact-form move pool","unchanged","Karate Chop; Close Combat; Night Slash","https://github.com/pvpoke/pvpoke/blob/c15fb6f7e8613169740d904d6f96baa1824de480/src/data/rankings/all/overall/rankings-10000.json","2026-10-10T17:33:39.100Z"
"primarina","Primarina","false","","ML","","45","45","","true","Waterfall","Moonblast","Hydro Cannon","Hydro Cannon","Matched pinned PvPoke recommendation and exact-form move pool","unchanged","Waterfall; Moonblast; Hydro Cannon","https://github.com/pvpoke/pvpoke/blob/c15fb6f7e8613169740d904d6f96baa1824de480/src/data/rankings/all/overall/rankings-10000.json","2026-10-10T17:33:39.100Z"
"quaquaval","Quaquaval","false","","ML","","140","140","","true","Low Kick","Close Combat","Hydro Cannon","Hydro Cannon","Matched pinned PvPoke recommendation and exact-form move pool","unchanged","Low Kick; Close Combat; Hydro Cannon","https://github.com/pvpoke/pvpoke/blob/c15fb6f7e8613169740d904d6f96baa1824de480/src/data/rankings/all/overall/rankings-10000.json","2026-10-10T17:33:39.100Z"
"raikou","Raikou","false","genderless","ML","","87","87","","true","Thunder Shock","Aura Sphere","Wild Charge","","Matched pinned PvPoke recommendation and exact-form move pool","unchanged","Thunder Shock; Aura Sphere; Wild Charge","https://github.com/pvpoke/pvpoke/blob/c15fb6f7e8613169740d904d6f96baa1824de480/src/data/rankings/all/overall/rankings-10000.json","2026-10-10T17:33:39.100Z"
"raikou_shadow","Raikou (Shadow)","true","genderless","ML","","74","74","","true","Thunder Shock","Wild Charge","Aura Sphere","","Matched pinned PvPoke recommendation and exact-form move pool","unchanged","Thunder Shock; Wild Charge; Aura Sphere","https://github.com/pvpoke/pvpoke/blob/c15fb6f7e8613169740d904d6f96baa1824de480/src/data/rankings/all/overall/rankings-10000.json","2026-10-10T17:33:39.100Z"
"rayquaza","Rayquaza","false","genderless","ML","","106","106","","true","Dragon Tail","Breaking Swipe","Dragon Ascent","Breaking Swipe; Dragon Ascent","Matched pinned PvPoke recommendation and exact-form move pool","unchanged","Dragon Tail; Breaking Swipe; Dragon Ascent","https://github.com/pvpoke/pvpoke/blob/c15fb6f7e8613169740d904d6f96baa1824de480/src/data/rankings/all/overall/rankings-10000.json","2026-10-10T17:33:39.100Z"
"regidrago","Regidrago","false","genderless","ML","","139","139","","true","Dragon Breath","Dragon Energy","Vise Grip","Dragon Breath; Dragon Energy","Matched pinned PvPoke recommendation and exact-form move pool","unchanged","Dragon Breath; Dragon Energy; Vise Grip","https://github.com/pvpoke/pvpoke/blob/c15fb6f7e8613169740d904d6f96baa1824de480/src/data/rankings/all/overall/rankings-10000.json","2026-10-10T17:33:39.100Z"
"regirock","Regirock","false","genderless","ML","","187","187","","true","Lock On","Stone Edge","Focus Blast","","Matched pinned PvPoke recommendation and exact-form move pool","unchanged","Lock On; Stone Edge; Focus Blast","https://github.com/pvpoke/pvpoke/blob/c15fb6f7e8613169740d904d6f96baa1824de480/src/data/rankings/all/overall/rankings-10000.json","2026-10-10T17:33:39.100Z"
"regirock_shadow","Regirock (Shadow)","true","genderless","ML","","193","193","","true","Lock On","Stone Edge","Focus Blast","","Matched pinned PvPoke recommendation and exact-form move pool","unchanged","Lock On; Stone Edge; Focus Blast","https://github.com/pvpoke/pvpoke/blob/c15fb6f7e8613169740d904d6f96baa1824de480/src/data/rankings/all/overall/rankings-10000.json","2026-10-10T17:33:39.100Z"
"reshiram","Reshiram","false","genderless","ML","","6","6","","true","Dragon Breath","Fusion Flare","Draco Meteor","Fusion Flare","Matched pinned PvPoke recommendation and exact-form move pool","unchanged","Dragon Breath; Fusion Flare; Draco Meteor","https://github.com/pvpoke/pvpoke/blob/c15fb6f7e8613169740d904d6f96baa1824de480/src/data/rankings/all/overall/rankings-10000.json","2026-10-10T17:33:39.100Z"
"reshiram_shadow","Reshiram (Shadow)","true","genderless","ML","","13","13","","true","Dragon Breath","Fusion Flare","Draco Meteor","Fusion Flare","Matched pinned PvPoke recommendation and exact-form move pool","unchanged","Dragon Breath; Fusion Flare; Draco Meteor","https://github.com/pvpoke/pvpoke/blob/c15fb6f7e8613169740d904d6f96baa1824de480/src/data/rankings/all/overall/rankings-10000.json","2026-10-10T17:33:39.100Z"
"rhyperior","Rhyperior","false","","ML","","69","69","","true","Mud Slap","Drill Run","Rock Wrecker","Rock Wrecker","Matched pinned PvPoke recommendation and exact-form move pool","unchanged","Mud Slap; Drill Run; Rock Wrecker","https://github.com/pvpoke/pvpoke/blob/c15fb6f7e8613169740d904d6f96baa1824de480/src/data/rankings/all/overall/rankings-10000.json","2026-10-10T17:33:39.100Z"
"rhyperior_shadow","Rhyperior (Shadow)","true","","ML","","68","68","","true","Mud Slap","Drill Run","Rock Wrecker","Rock Wrecker","Matched pinned PvPoke recommendation and exact-form move pool","unchanged","Mud Slap; Drill Run; Rock Wrecker","https://github.com/pvpoke/pvpoke/blob/c15fb6f7e8613169740d904d6f96baa1824de480/src/data/rankings/all/overall/rankings-10000.json","2026-10-10T17:33:39.100Z"
"rillaboom","Rillaboom","false","","ML","","37","37","","true","Scratch","Drum Beating","Earth Power","","Matched pinned PvPoke recommendation and exact-form move pool","unchanged","Scratch; Drum Beating; Earth Power","https://github.com/pvpoke/pvpoke/blob/c15fb6f7e8613169740d904d6f96baa1824de480/src/data/rankings/all/overall/rankings-10000.json","2026-10-10T17:33:39.100Z"
"salamence","Salamence","false","","ML","","114","114","","true","Dragon Tail","Fly","Brutal Swing","","Matched pinned PvPoke recommendation and exact-form move pool","unchanged","Dragon Tail; Fly; Brutal Swing","https://github.com/pvpoke/pvpoke/blob/c15fb6f7e8613169740d904d6f96baa1824de480/src/data/rankings/all/overall/rankings-10000.json","2026-10-10T17:33:39.100Z"
"salamence_shadow","Salamence (Shadow)","true","","ML","","76","76","","true","Dragon Tail","Fly","Brutal Swing","","Matched pinned PvPoke recommendation and exact-form move pool","unchanged","Dragon Tail; Fly; Brutal Swing","https://github.com/pvpoke/pvpoke/blob/c15fb6f7e8613169740d904d6f96baa1824de480/src/data/rankings/all/overall/rankings-10000.json","2026-10-10T17:33:39.100Z"
"scizor_shadow","Scizor (Shadow)","true","","ML","","199","199","","true","Bullet Punch","Night Slash","Trailblaze","","Matched pinned PvPoke recommendation and exact-form move pool","unchanged","Bullet Punch; Night Slash; Trailblaze","https://github.com/pvpoke/pvpoke/blob/c15fb6f7e8613169740d904d6f96baa1824de480/src/data/rankings/all/overall/rankings-10000.json","2026-10-10T17:33:39.100Z"
"skeledirge","Skeledirge","false","","ML","","132","132","","true","Incinerate","Torch Song","Shadow Ball","","Matched pinned PvPoke recommendation and exact-form move pool","unchanged","Incinerate; Torch Song; Shadow Ball","https://github.com/pvpoke/pvpoke/blob/c15fb6f7e8613169740d904d6f96baa1824de480/src/data/rankings/all/overall/rankings-10000.json","2026-10-10T17:33:39.100Z"
"sneasler_shadow","Sneasler (Shadow)","true","","ML","","126","126","","true","Shadow Claw","Close Combat","X-Scissor","","Matched pinned PvPoke recommendation and exact-form move pool","unchanged","Shadow Claw; Close Combat; X-Scissor","https://github.com/pvpoke/pvpoke/blob/c15fb6f7e8613169740d904d6f96baa1824de480/src/data/rankings/all/overall/rankings-10000.json","2026-10-10T17:33:39.100Z"
"snorlax","Snorlax","false","","ML","","92","92","","true","Psywave","Body Slam","Earthquake","","Matched pinned PvPoke recommendation and exact-form move pool","unchanged","Psywave; Body Slam; Earthquake","https://github.com/pvpoke/pvpoke/blob/c15fb6f7e8613169740d904d6f96baa1824de480/src/data/rankings/all/overall/rankings-10000.json","2026-10-10T17:33:39.100Z"
"snorlax_shadow","Snorlax (Shadow)","true","","ML","","80","80","","true","Psywave","Body Slam","Earthquake","","Matched pinned PvPoke recommendation and exact-form move pool","unchanged","Psywave; Body Slam; Earthquake","https://github.com/pvpoke/pvpoke/blob/c15fb6f7e8613169740d904d6f96baa1824de480/src/data/rankings/all/overall/rankings-10000.json","2026-10-10T17:33:39.100Z"
"solgaleo","Solgaleo","false","genderless","ML","","42","42","","true","Fire Spin","Psychic Fangs","Iron Head","","Matched pinned PvPoke recommendation and exact-form move pool","unchanged","Fire Spin; Psychic Fangs; Iron Head","https://github.com/pvpoke/pvpoke/blob/c15fb6f7e8613169740d904d6f96baa1824de480/src/data/rankings/all/overall/rankings-10000.json","2026-10-10T17:33:39.100Z"
"suicune","Suicune","false","genderless","ML","","196","196","","true","Ice Fang","Scald","Ice Beam","","Matched pinned PvPoke recommendation and exact-form move pool","unchanged","Ice Fang; Scald; Ice Beam","https://github.com/pvpoke/pvpoke/blob/c15fb6f7e8613169740d904d6f96baa1824de480/src/data/rankings/all/overall/rankings-10000.json","2026-10-10T17:33:39.100Z"
"swampert","Swampert","false","","ML","","108","108","","true","Mud Shot","Hydro Cannon","Earthquake","Hydro Cannon","Matched pinned PvPoke recommendation and exact-form move pool","unchanged","Mud Shot; Hydro Cannon; Earthquake","https://github.com/pvpoke/pvpoke/blob/c15fb6f7e8613169740d904d6f96baa1824de480/src/data/rankings/all/overall/rankings-10000.json","2026-10-10T17:33:39.100Z"
"swampert_shadow","Swampert (Shadow)","true","","ML","","120","120","","true","Mud Shot","Hydro Cannon","Earthquake","Hydro Cannon","Matched pinned PvPoke recommendation and exact-form move pool","unchanged","Mud Shot; Hydro Cannon; Earthquake","https://github.com/pvpoke/pvpoke/blob/c15fb6f7e8613169740d904d6f96baa1824de480/src/data/rankings/all/overall/rankings-10000.json","2026-10-10T17:33:39.100Z"
"sylveon","Sylveon","false","","ML","","70","70","","true","Fairy Wind","Draining Kiss","Shadow Ball","","Matched pinned PvPoke recommendation and exact-form move pool","unchanged","Fairy Wind; Draining Kiss; Shadow Ball","https://github.com/pvpoke/pvpoke/blob/c15fb6f7e8613169740d904d6f96baa1824de480/src/data/rankings/all/overall/rankings-10000.json","2026-10-10T17:33:39.100Z"
"tapu_bulu","Tapu Bulu","false","genderless","ML","","119","119","","true","Bullet Seed","Grass Knot","Nature's Madness","Nature's Madness","Matched pinned PvPoke recommendation and exact-form move pool","unchanged","Bullet Seed; Grass Knot; Nature's Madness","https://github.com/pvpoke/pvpoke/blob/c15fb6f7e8613169740d904d6f96baa1824de480/src/data/rankings/all/overall/rankings-10000.json","2026-10-10T17:33:39.100Z"
"tapu_fini","Tapu Fini","false","genderless","ML","","122","122","","true","Water Gun","Surf","Nature's Madness","Nature's Madness","Matched pinned PvPoke recommendation and exact-form move pool","unchanged","Water Gun; Surf; Nature's Madness","https://github.com/pvpoke/pvpoke/blob/c15fb6f7e8613169740d904d6f96baa1824de480/src/data/rankings/all/overall/rankings-10000.json","2026-10-10T17:33:39.100Z"
"tapu_koko","Tapu Koko","false","genderless","ML","","168","168","","true","Volt Switch","Thunderbolt","Nature's Madness","Nature's Madness","Matched pinned PvPoke recommendation and exact-form move pool","unchanged","Volt Switch; Thunderbolt; Nature's Madness","https://github.com/pvpoke/pvpoke/blob/c15fb6f7e8613169740d904d6f96baa1824de480/src/data/rankings/all/overall/rankings-10000.json","2026-10-10T17:33:39.100Z"
"tapu_lele","Tapu Lele","false","genderless","ML","","60","60","","true","Astonish","Psyshock","Nature's Madness","Nature's Madness","Matched pinned PvPoke recommendation and exact-form move pool","unchanged","Astonish; Psyshock; Nature's Madness","https://github.com/pvpoke/pvpoke/blob/c15fb6f7e8613169740d904d6f96baa1824de480/src/data/rankings/all/overall/rankings-10000.json","2026-10-10T17:33:39.100Z"
"terrakion","Terrakion","false","genderless","ML","","142","142","","true","Double Kick","Sacred Sword","Rock Slide","Sacred Sword","Matched pinned PvPoke recommendation and exact-form move pool","unchanged","Double Kick; Sacred Sword; Rock Slide","https://github.com/pvpoke/pvpoke/blob/c15fb6f7e8613169740d904d6f96baa1824de480/src/data/rankings/all/overall/rankings-10000.json","2026-10-10T17:33:39.100Z"
"thundurus_incarnate","Thundurus (Incarnate)","false","male","ML","","189","189","","true","Thunder Shock","Crunch","Thunder","","Matched pinned PvPoke recommendation and exact-form move pool","unchanged","Thunder Shock; Crunch; Thunder","https://github.com/pvpoke/pvpoke/blob/c15fb6f7e8613169740d904d6f96baa1824de480/src/data/rankings/all/overall/rankings-10000.json","2026-10-10T17:33:39.100Z"
"thundurus_incarnate_shadow","Thundurus (Incarnate) (Shadow)","true","male","ML","","133","133","","true","Thunder Shock","Thunder Punch","Brick Break","","Matched pinned PvPoke recommendation and exact-form move pool","unchanged","Thunder Shock; Thunder Punch; Brick Break","https://github.com/pvpoke/pvpoke/blob/c15fb6f7e8613169740d904d6f96baa1824de480/src/data/rankings/all/overall/rankings-10000.json","2026-10-10T17:33:39.100Z"
"thundurus_therian","Thundurus (Therian)","false","male","ML","","131","131","","true","Volt Switch","Wildbolt Storm","Focus Blast","Wildbolt Storm","Matched pinned PvPoke recommendation and exact-form move pool","unchanged","Volt Switch; Wildbolt Storm; Focus Blast","https://github.com/pvpoke/pvpoke/blob/c15fb6f7e8613169740d904d6f96baa1824de480/src/data/rankings/all/overall/rankings-10000.json","2026-10-10T17:33:39.100Z"
"togekiss","Togekiss","false","","ML","","59","59","","true","Peck","Dazzling Gleam","Aura Sphere","Aura Sphere","Matched pinned PvPoke recommendation and exact-form move pool","unchanged","Peck; Dazzling Gleam; Aura Sphere","https://github.com/pvpoke/pvpoke/blob/c15fb6f7e8613169740d904d6f96baa1824de480/src/data/rankings/all/overall/rankings-10000.json","2026-10-10T17:33:39.100Z"
"torterra","Torterra","false","","ML","","174","174","","true","Mud Slap","Frenzy Plant","Sand Tomb","Frenzy Plant","Matched pinned PvPoke recommendation and exact-form move pool","unchanged","Mud Slap; Frenzy Plant; Sand Tomb","https://github.com/pvpoke/pvpoke/blob/c15fb6f7e8613169740d904d6f96baa1824de480/src/data/rankings/all/overall/rankings-10000.json","2026-10-10T17:33:39.100Z"
"torterra_shadow","Torterra (Shadow)","true","","ML","","177","177","","true","Mud Slap","Frenzy Plant","Sand Tomb","Frenzy Plant","Matched pinned PvPoke recommendation and exact-form move pool","unchanged","Mud Slap; Frenzy Plant; Sand Tomb","https://github.com/pvpoke/pvpoke/blob/c15fb6f7e8613169740d904d6f96baa1824de480/src/data/rankings/all/overall/rankings-10000.json","2026-10-10T17:33:39.100Z"
"tyranitar","Tyranitar","false","","ML","","85","85","","true","Dragon Breath","Brutal Swing","Stone Edge","","Matched pinned PvPoke recommendation and exact-form move pool","unchanged","Dragon Breath; Brutal Swing; Stone Edge","https://github.com/pvpoke/pvpoke/blob/c15fb6f7e8613169740d904d6f96baa1824de480/src/data/rankings/all/overall/rankings-10000.json","2026-10-10T17:33:39.100Z"
"tyranitar_shadow","Tyranitar (Shadow)","true","","ML","","64","64","","true","Dragon Breath","Brutal Swing","Stone Edge","","Matched pinned PvPoke recommendation and exact-form move pool","unchanged","Dragon Breath; Brutal Swing; Stone Edge","https://github.com/pvpoke/pvpoke/blob/c15fb6f7e8613169740d904d6f96baa1824de480/src/data/rankings/all/overall/rankings-10000.json","2026-10-10T17:33:39.100Z"
"ursaluna","Ursaluna","false","","ML","","11","11","","true","Scratch","Ice Punch","High Horsepower","High Horsepower","Matched pinned PvPoke recommendation and exact-form move pool","unchanged","Scratch; Ice Punch; High Horsepower","https://github.com/pvpoke/pvpoke/blob/c15fb6f7e8613169740d904d6f96baa1824de480/src/data/rankings/all/overall/rankings-10000.json","2026-10-10T17:33:39.100Z"
"ursaluna_shadow","Ursaluna (Shadow)","true","","ML","","17","17","","true","Scratch","Ice Punch","High Horsepower","High Horsepower","Matched pinned PvPoke recommendation and exact-form move pool","unchanged","Scratch; Ice Punch; High Horsepower","https://github.com/pvpoke/pvpoke/blob/c15fb6f7e8613169740d904d6f96baa1824de480/src/data/rankings/all/overall/rankings-10000.json","2026-10-10T17:33:39.100Z"
"urshifu_rapid_strike","Urshifu (Rapid Strike)","false","","ML","","84","84","","true","Waterfall","Aqua Jet","Dynamic Punch","","Matched pinned PvPoke recommendation and exact-form move pool","unchanged","Waterfall; Aqua Jet; Dynamic Punch","https://github.com/pvpoke/pvpoke/blob/c15fb6f7e8613169740d904d6f96baa1824de480/src/data/rankings/all/overall/rankings-10000.json","2026-10-10T17:33:39.100Z"
"urshifu_single_strike","Urshifu (Single Strike)","false","","ML","","77","77","","true","Sucker Punch","Dynamic Punch","Payback","","Matched pinned PvPoke recommendation and exact-form move pool","unchanged","Sucker Punch; Dynamic Punch; Payback","https://github.com/pvpoke/pvpoke/blob/c15fb6f7e8613169740d904d6f96baa1824de480/src/data/rankings/all/overall/rankings-10000.json","2026-10-10T17:33:39.100Z"
"victini","Victini","false","genderless","ML","","103","103","","true","Confusion","V-Create","Psyshock","","Matched pinned PvPoke recommendation and exact-form move pool","unchanged","Confusion; V-Create; Psyshock","https://github.com/pvpoke/pvpoke/blob/c15fb6f7e8613169740d904d6f96baa1824de480/src/data/rankings/all/overall/rankings-10000.json","2026-10-10T17:33:39.100Z"
"virizion","Virizion","false","genderless","ML","","121","121","","true","Double Kick","Leaf Blade","Sacred Sword","Sacred Sword","Matched pinned PvPoke recommendation and exact-form move pool","unchanged","Double Kick; Leaf Blade; Sacred Sword","https://github.com/pvpoke/pvpoke/blob/c15fb6f7e8613169740d904d6f96baa1824de480/src/data/rankings/all/overall/rankings-10000.json","2026-10-10T17:33:39.100Z"
"volcanion","Volcanion","false","genderless","ML","","82","82","","true","Incinerate","Scald","Earth Power","","Matched pinned PvPoke recommendation and exact-form move pool","unchanged","Incinerate; Scald; Earth Power","https://github.com/pvpoke/pvpoke/blob/c15fb6f7e8613169740d904d6f96baa1824de480/src/data/rankings/all/overall/rankings-10000.json","2026-10-10T17:33:39.100Z"
"walrein","Walrein","false","","ML","","176","176","","true","Powder Snow","Icicle Spear","Earthquake","Powder Snow; Icicle Spear","Matched pinned PvPoke recommendation and exact-form move pool","unchanged","Powder Snow; Icicle Spear; Earthquake","https://github.com/pvpoke/pvpoke/blob/c15fb6f7e8613169740d904d6f96baa1824de480/src/data/rankings/all/overall/rankings-10000.json","2026-10-10T17:33:39.100Z"
"walrein_shadow","Walrein (Shadow)","true","","ML","","191","191","","true","Powder Snow","Icicle Spear","Earthquake","Powder Snow; Icicle Spear","Matched pinned PvPoke recommendation and exact-form move pool","unchanged","Powder Snow; Icicle Spear; Earthquake","https://github.com/pvpoke/pvpoke/blob/c15fb6f7e8613169740d904d6f96baa1824de480/src/data/rankings/all/overall/rankings-10000.json","2026-10-10T17:33:39.100Z"
"xerneas","Xerneas","false","genderless","ML","","7","7","","true","Geomancy","Close Combat","Moonblast","Geomancy","Matched pinned PvPoke recommendation and exact-form move pool","unchanged","Geomancy; Close Combat; Moonblast","https://github.com/pvpoke/pvpoke/blob/c15fb6f7e8613169740d904d6f96baa1824de480/src/data/rankings/all/overall/rankings-10000.json","2026-10-10T17:33:39.100Z"
"xurkitree","Xurkitree","false","genderless","ML","","143","143","","true","Thunder Shock","Discharge","Dazzling Gleam","","Matched pinned PvPoke recommendation and exact-form move pool","unchanged","Thunder Shock; Discharge; Dazzling Gleam","https://github.com/pvpoke/pvpoke/blob/c15fb6f7e8613169740d904d6f96baa1824de480/src/data/rankings/all/overall/rankings-10000.json","2026-10-10T17:33:39.100Z"
"yveltal","Yveltal","false","genderless","ML","","38","38","","true","Sucker Punch","Dark Pulse","Oblivion Wing","Oblivion Wing","Matched pinned PvPoke recommendation and exact-form move pool","unchanged","Sucker Punch; Dark Pulse; Oblivion Wing","https://github.com/pvpoke/pvpoke/blob/c15fb6f7e8613169740d904d6f96baa1824de480/src/data/rankings/all/overall/rankings-10000.json","2026-10-10T17:33:39.100Z"
"zacian_crowned_sword","Zacian (Crowned Sword)","false","genderless","ML","","2","2","","true","Metal Claw","Close Combat","Behemoth Blade","Behemoth Blade","Matched pinned PvPoke recommendation and exact-form move pool","unchanged","Metal Claw; Close Combat; Behemoth Blade","https://github.com/pvpoke/pvpoke/blob/c15fb6f7e8613169740d904d6f96baa1824de480/src/data/rankings/all/overall/rankings-10000.json","2026-10-10T17:33:39.100Z"
"zacian_hero","Zacian (Hero)","false","genderless","ML","","96","96","","true","Quick Attack","Wild Charge","Play Rough","","Matched pinned PvPoke recommendation and exact-form move pool","unchanged","Quick Attack; Wild Charge; Play Rough","https://github.com/pvpoke/pvpoke/blob/c15fb6f7e8613169740d904d6f96baa1824de480/src/data/rankings/all/overall/rankings-10000.json","2026-10-10T17:33:39.100Z"
"zamazenta_crowned_shield","Zamazenta (Crowned Shield)","false","genderless","ML","","16","16","","true","Ice Fang","Close Combat","Behemoth Bash","Behemoth Bash","Matched pinned PvPoke recommendation and exact-form move pool","unchanged","Ice Fang; Close Combat; Behemoth Bash","https://github.com/pvpoke/pvpoke/blob/c15fb6f7e8613169740d904d6f96baa1824de480/src/data/rankings/all/overall/rankings-10000.json","2026-10-10T17:33:39.100Z"
"zamazenta_hero","Zamazenta (Hero)","false","genderless","ML","","97","97","","true","Ice Fang","Close Combat","Crunch","","Matched pinned PvPoke recommendation and exact-form move pool","unchanged","Ice Fang; Close Combat; Crunch","https://github.com/pvpoke/pvpoke/blob/c15fb6f7e8613169740d904d6f96baa1824de480/src/data/rankings/all/overall/rankings-10000.json","2026-10-10T17:33:39.100Z"
"zapdos","Zapdos","false","genderless","ML","","89","89","","true","Thunder Shock","Drill Peck","Thunderbolt","Thunder Shock","Matched pinned PvPoke recommendation and exact-form move pool","unchanged","Thunder Shock; Drill Peck; Thunderbolt","https://github.com/pvpoke/pvpoke/blob/c15fb6f7e8613169740d904d6f96baa1824de480/src/data/rankings/all/overall/rankings-10000.json","2026-10-10T17:33:39.100Z"
"zapdos_galarian","Zapdos (Galarian)","false","genderless","ML","","123","123","","true","Low Kick","Fly","Brave Bird","","Matched pinned PvPoke recommendation and exact-form move pool","unchanged","Low Kick; Fly; Brave Bird","https://github.com/pvpoke/pvpoke/blob/c15fb6f7e8613169740d904d6f96baa1824de480/src/data/rankings/all/overall/rankings-10000.json","2026-10-10T17:33:39.100Z"
"zapdos_shadow","Zapdos (Shadow)","true","genderless","ML","","90","90","","true","Thunder Shock","Drill Peck","Heat Wave","Thunder Shock","Matched pinned PvPoke recommendation and exact-form move pool","unchanged","Thunder Shock; Drill Peck; Heat Wave","https://github.com/pvpoke/pvpoke/blob/c15fb6f7e8613169740d904d6f96baa1824de480/src/data/rankings/all/overall/rankings-10000.json","2026-10-10T17:33:39.100Z"
"zarude","Zarude","false","genderless","ML","","115","115","","true","Bite","Dark Pulse","Energy Ball","","Matched pinned PvPoke recommendation and exact-form move pool","unchanged","Bite; Dark Pulse; Energy Ball","https://github.com/pvpoke/pvpoke/blob/c15fb6f7e8613169740d904d6f96baa1824de480/src/data/rankings/all/overall/rankings-10000.json","2026-10-10T17:33:39.100Z"
"zekrom","Zekrom","false","genderless","ML","","20","20","","true","Dragon Breath","Outrage","Fusion Bolt","Fusion Bolt","Matched pinned PvPoke recommendation and exact-form move pool","unchanged","Dragon Breath; Outrage; Fusion Bolt","https://github.com/pvpoke/pvpoke/blob/c15fb6f7e8613169740d904d6f96baa1824de480/src/data/rankings/all/overall/rankings-10000.json","2026-10-10T17:33:39.100Z"
"zekrom_shadow","Zekrom (Shadow)","true","genderless","ML","","21","21","","true","Dragon Breath","Outrage","Fusion Bolt","Fusion Bolt","Matched pinned PvPoke recommendation and exact-form move pool","unchanged","Dragon Breath; Outrage; Fusion Bolt","https://github.com/pvpoke/pvpoke/blob/c15fb6f7e8613169740d904d6f96baa1824de480/src/data/rankings/all/overall/rankings-10000.json","2026-10-10T17:33:39.100Z"
"zeraora","Zeraora","false","genderless","ML","","110","110","","true","Volt Switch","Plasma Fists","Dynamic Punch","","Matched pinned PvPoke recommendation and exact-form move pool","unchanged","Volt Switch; Plasma Fists; Dynamic Punch","https://github.com/pvpoke/pvpoke/blob/c15fb6f7e8613169740d904d6f96baa1824de480/src/data/rankings/all/overall/rankings-10000.json","2026-10-10T17:33:39.100Z"
"zygarde","Zygarde (50% Forme)","false","genderless","ML","","124","124","","true","Dragon Tail","Crunch","Earthquake","","Matched pinned PvPoke recommendation and exact-form move pool","unchanged","Dragon Tail; Crunch; Earthquake","https://github.com/pvpoke/pvpoke/blob/c15fb6f7e8613169740d904d6f96baa1824de480/src/data/rankings/all/overall/rankings-10000.json","2026-10-10T17:33:39.100Z"
"zygarde_complete","Zygarde (Complete Forme)","false","genderless","ML","","3","3","","true","Dragon Tail","Crunch","Bulldoze","","Matched pinned PvPoke recommendation and exact-form move pool","unchanged","Dragon Tail; Crunch; Bulldoze","https://github.com/pvpoke/pvpoke/blob/c15fb6f7e8613169740d904d6f96baa1824de480/src/data/rankings/all/overall/rankings-10000.json","2026-10-10T17:33:39.100Z"
"bronzong","Bronzong","false","genderless","GL","","206","190","","false","Confusion","Psyshock","Bulldoze","","No longer meets current top-199 eligibility","no longer qualifying","Confusion; Psyshock; Bulldoze","https://github.com/pvpoke/pvpoke/blob/c15fb6f7e8613169740d904d6f96baa1824de480/src/data/rankings/all/overall/rankings-1500.json","2026-10-10T17:33:39.100Z"
"cetitan","Cetitan","false","","UL","","211","192","","false","Powder Snow","Icicle Spear","Superpower","","No longer meets current top-199 eligibility","no longer qualifying","Powder Snow; Icicle Spear; Superpower","https://github.com/pvpoke/pvpoke/blob/c15fb6f7e8613169740d904d6f96baa1824de480/src/data/rankings/all/overall/rankings-2500.json","2026-10-10T17:33:39.100Z"
"genesect_burn","Genesect (Burn)","false","genderless","UL","","221","193","","false","Fury Cutter","Magnet Bomb","X-Scissor","","No longer meets current top-199 eligibility","no longer qualifying","Fury Cutter; Magnet Bomb; X-Scissor","https://github.com/pvpoke/pvpoke/blob/c15fb6f7e8613169740d904d6f96baa1824de480/src/data/rankings/all/overall/rankings-2500.json","2026-10-10T17:33:39.100Z"
"greedent","Greedent","false","","GL","","200","187","","false","Bite","Body Slam","Trailblaze","","No longer meets current top-199 eligibility","no longer qualifying","Bite; Body Slam; Trailblaze","https://github.com/pvpoke/pvpoke/blob/c15fb6f7e8613169740d904d6f96baa1824de480/src/data/rankings/all/overall/rankings-1500.json","2026-10-10T17:33:39.100Z"
"jirachi","Jirachi","false","genderless","UL","","200","171","","false","Confusion","Doom Desire","Aura Sphere","","No longer meets current top-199 eligibility","no longer qualifying","Confusion; Doom Desire; Aura Sphere","https://github.com/pvpoke/pvpoke/blob/c15fb6f7e8613169740d904d6f96baa1824de480/src/data/rankings/all/overall/rankings-2500.json","2026-10-10T17:33:39.100Z"
"lickitung","Lickitung","false","","GL","","236","175","","false","Lick","Body Slam","Power Whip","Body Slam","No longer meets current top-199 eligibility","no longer qualifying","Lick; Body Slam; Power Whip","https://github.com/pvpoke/pvpoke/blob/c15fb6f7e8613169740d904d6f96baa1824de480/src/data/rankings/all/overall/rankings-1500.json","2026-10-10T17:33:39.100Z"
"overqwil","Overqwil","false","","UL","","205","196","","false","Poison Jab","Aqua Tail","Dark Pulse","","No longer meets current top-199 eligibility","no longer qualifying","Poison Jab; Aqua Tail; Dark Pulse","https://github.com/pvpoke/pvpoke/blob/c15fb6f7e8613169740d904d6f96baa1824de480/src/data/rankings/all/overall/rankings-2500.json","2026-10-10T17:33:39.100Z"
"quaquaval","Quaquaval","false","","UL","","208","199","","false","Low Kick","Close Combat","Hydro Cannon","Hydro Cannon","No longer meets current top-199 eligibility","no longer qualifying","Low Kick; Close Combat; Hydro Cannon","https://github.com/pvpoke/pvpoke/blob/c15fb6f7e8613169740d904d6f96baa1824de480/src/data/rankings/all/overall/rankings-2500.json","2026-10-10T17:33:39.100Z"
"runerigus","Runerigus","false","","GL","","201","198","","false","Shadow Claw","Shadow Ball","Rock Tomb","","No longer meets current top-199 eligibility","no longer qualifying","Shadow Claw; Shadow Ball; Rock Tomb","https://github.com/pvpoke/pvpoke/blob/c15fb6f7e8613169740d904d6f96baa1824de480/src/data/rankings/all/overall/rankings-1500.json","2026-10-10T17:33:39.100Z"
"skarmory_shadow","Skarmory (Shadow)","true","","UL","","203","185","","false","Air Slash","Brave Bird","Drill Run","","No longer meets current top-199 eligibility","no longer qualifying","Air Slash; Brave Bird; Drill Run","https://github.com/pvpoke/pvpoke/blob/c15fb6f7e8613169740d904d6f96baa1824de480/src/data/rankings/all/overall/rankings-2500.json","2026-10-10T17:33:39.100Z"
"tentacruel","Tentacruel","false","","GL","","202","189","","false","Acid","Scald","Payback","","No longer meets current top-199 eligibility","no longer qualifying","Acid; Scald; Payback","https://github.com/pvpoke/pvpoke/blob/c15fb6f7e8613169740d904d6f96baa1824de480/src/data/rankings/all/overall/rankings-1500.json","2026-10-10T17:33:39.100Z"
"absol_mega","Absol (Mega)","false","","Raid","dark","5","","S","true","Snarl","Brutal Swing","","Brutal Swing","Exact-form GO Hub role recommendation","sourced","dark: Snarl + Brutal Swing *","https://db.pokemongohub.net/pokemon/359-Mega","2026-10-10T17:33:48.640Z"
"absol_shadow","Absol (Shadow)","true","","Raid","dark","9","","S","true","Snarl","Brutal Swing","","Brutal Swing","Exact-form GO Hub role recommendation","sourced","dark: Snarl + Brutal Swing *","https://db.pokemongohub.net/pokemon/359-Shadow","2026-10-10T17:33:48.464Z"
"aerodactyl_mega","Aerodactyl (Mega)","false","","Raid","rock","6","","S","true","Rock Throw","Rock Slide","","","Exact-form GO Hub role recommendation","sourced","rock: Rock Throw + Rock Slide","https://db.pokemongohub.net/pokemon/142-Mega","2026-10-10T17:33:48.433Z"
"alakazam_mega","Alakazam (Mega)","false","","Raid","psychic","4","","S","true","Confusion","Psychic","","Psychic","Exact-form GO Hub role recommendation","sourced","psychic: Confusion + Psychic *","https://db.pokemongohub.net/pokemon/65-Mega","2026-10-10T17:33:49.062Z"
"arcanine","Arcanine","false","","Raid","fire","64","","F","false","Fire Fang","Flamethrower","","","Exact-form GO Hub role recommendation","Below B-tier expansion cutoff","","https://db.pokemongohub.net/pokemon/59","2026-10-10T17:33:49.035Z"
"arcanine","Arcanine","false","","Raid","","","","budget","true","","","","","No qualifying sourced raid role","unverified","","input-csv",""
"arcanine_shadow","Arcanine (Shadow)","true","","Raid","fire","36","","B","true","Fire Fang","Flamethrower","","","Exact-form GO Hub role recommendation","sourced","fire: Fire Fang + Flamethrower","https://db.pokemongohub.net/pokemon/59-Shadow","2026-10-10T17:33:49.205Z"
"banette_mega","Banette (Mega)","false","","Raid","ghost","6","","S","true","Shadow Claw","Shadow Ball","","","Exact-form GO Hub role recommendation","sourced","ghost: Shadow Claw + Shadow Ball","https://db.pokemongohub.net/pokemon/354-Mega","2026-10-10T17:33:49.591Z"
"baxcalibur","Baxcalibur","false","","Raid","ice","10","","S","true","Ice Fang","Avalanche","","","Exact-form GO Hub role recommendation","sourced","ice: Ice Fang + Avalanche; dragon: Ice Fang + Glaive Rush *","https://db.pokemongohub.net/pokemon/998","2026-10-10T17:33:49.611Z"
"baxcalibur","Baxcalibur","false","","Raid","dragon","14","","A+","true","Ice Fang","Glaive Rush","","Glaive Rush","Exact-form GO Hub role recommendation","sourced","ice: Ice Fang + Avalanche; dragon: Ice Fang + Glaive Rush *","https://db.pokemongohub.net/pokemon/998","2026-10-10T17:33:49.611Z"
"beedrill_mega","Beedrill (Mega)","false","","Raid","bug","1","","S","true","Bug Bite","Fell Stinger+","","Bug Bite","Exact-form GO Hub role recommendation","sourced","bug: Bug Bite * + Fell Stinger+; poison: Poison Jab + Sludge Bomb","https://db.pokemongohub.net/pokemon/15-Mega","2026-10-10T17:33:49.637Z"
"beedrill_mega","Beedrill (Mega)","false","","Raid","poison","3","","S","true","Poison Jab","Sludge Bomb","","","Exact-form GO Hub role recommendation","sourced","bug: Bug Bite * + Fell Stinger+; poison: Poison Jab + Sludge Bomb","https://db.pokemongohub.net/pokemon/15-Mega","2026-10-10T17:33:49.637Z"
"blacephalon","Blacephalon","false","genderless","Raid","fire","5","","S","true","Incinerate","Mind Blown","","Mind Blown","Exact-form GO Hub role recommendation","sourced","fire: Incinerate + Mind Blown *; ghost: Astonish + Shadow Ball","https://db.pokemongohub.net/pokemon/806","2026-10-10T17:33:50.270Z"
"blacephalon","Blacephalon","false","genderless","Raid","ghost","13","","A+","true","Astonish","Shadow Ball","","","Exact-form GO Hub role recommendation","sourced","fire: Incinerate + Mind Blown *; ghost: Astonish + Shadow Ball","https://db.pokemongohub.net/pokemon/806","2026-10-10T17:33:50.270Z"
"blastoise_mega","Blastoise (Mega)","false","","Raid","water","6","","S","true","Water Gun","Hydro Cannon","","Hydro Cannon","Exact-form GO Hub role recommendation","sourced","water: Water Gun + Hydro Cannon *","https://db.pokemongohub.net/pokemon/9-Mega","2026-10-10T17:33:50.074Z"
"blaziken_mega","Blaziken (Mega)","false","","Raid","fire","2","","S","true","Fire Spin","Blast Burn","","Blast Burn","Exact-form GO Hub role recommendation","sourced","fire: Fire Spin + Blast Burn *; fighting: Counter + Aura Sphere","https://db.pokemongohub.net/pokemon/257-Mega","2026-10-10T17:33:50.045Z"
"blaziken_mega","Blaziken (Mega)","false","","Raid","fighting","3","","S","true","Counter","Aura Sphere","","","Exact-form GO Hub role recommendation","sourced","fire: Fire Spin + Blast Burn *; fighting: Counter + Aura Sphere","https://db.pokemongohub.net/pokemon/257-Mega","2026-10-10T17:33:50.045Z"
"blaziken_shadow","Blaziken (Shadow)","true","","Raid","fighting","8","","S","true","Counter","Aura Sphere","","","Exact-form GO Hub role recommendation","sourced","fighting: Counter + Aura Sphere; fire: Fire Spin + Blast Burn *","https://db.pokemongohub.net/pokemon/257-Shadow","2026-10-10T17:33:50.674Z"
"blaziken_shadow","Blaziken (Shadow)","true","","Raid","fire","11","","A+","true","Fire Spin","Blast Burn","","Blast Burn","Exact-form GO Hub role recommendation","sourced","fighting: Counter + Aura Sphere; fire: Fire Spin + Blast Burn *","https://db.pokemongohub.net/pokemon/257-Shadow","2026-10-10T17:33:50.674Z"
"chandelure","Chandelure","false","","Raid","ghost","17","","A+","true","Hex","Shadow Ball","","","Exact-form GO Hub role recommendation","sourced","ghost: Hex + Shadow Ball; fire: Fire Spin + Overheat","https://db.pokemongohub.net/pokemon/609","2026-10-10T17:33:50.703Z"
"chandelure","Chandelure","false","","Raid","fire","29","","A","true","Fire Spin","Overheat","","","Exact-form GO Hub role recommendation","sourced","ghost: Hex + Shadow Ball; fire: Fire Spin + Overheat","https://db.pokemongohub.net/pokemon/609","2026-10-10T17:33:50.703Z"
"chandelure_shadow","Chandelure (Shadow)","true","","Raid","ghost","7","","S","true","Hex","Shadow Ball","","","Exact-form GO Hub role recommendation","sourced","ghost: Hex + Shadow Ball; fire: Fire Spin + Overheat","https://db.pokemongohub.net/pokemon/609-Shadow","2026-10-10T17:33:50.734Z"
"chandelure_shadow","Chandelure (Shadow)","true","","Raid","fire","7","","S","true","Fire Spin","Overheat","","","Exact-form GO Hub role recommendation","sourced","ghost: Hex + Shadow Ball; fire: Fire Spin + Overheat","https://db.pokemongohub.net/pokemon/609-Shadow","2026-10-10T17:33:50.734Z"
"charizard_mega_x","Charizard (Mega X)","false","","Raid","fire","8","","S","true","Fire Spin","Blast Burn","","Blast Burn","Exact-form GO Hub role recommendation","sourced","fire: Fire Spin + Blast Burn *","https://db.pokemongohub.net/pokemon/6-Mega_X","2026-10-10T17:33:50.990Z"
"charizard_mega_y","Charizard (Mega Y)","false","","Raid","fire","3","","S","true","Fire Spin","Blast Burn","","Blast Burn","Exact-form GO Hub role recommendation","sourced","fire: Fire Spin + Blast Burn *; flying: Air Slash + Blast Burn *","https://db.pokemongohub.net/pokemon/6-Mega_Y","2026-10-10T17:33:51.149Z"
"charizard_mega_y","Charizard (Mega Y)","false","","Raid","flying","12","","A+","true","Air Slash","Blast Burn","","Blast Burn","Exact-form GO Hub role recommendation","sourced","fire: Fire Spin + Blast Burn *; flying: Air Slash + Blast Burn *","https://db.pokemongohub.net/pokemon/6-Mega_Y","2026-10-10T17:33:51.149Z"
"charizard_shadow","Charizard (Shadow)","true","","Raid","fire","15","","A+","true","Fire Spin","Blast Burn","","Blast Burn","Exact-form GO Hub role recommendation","sourced","fire: Fire Spin + Blast Burn *","https://db.pokemongohub.net/pokemon/6-Shadow","2026-10-10T17:33:51.178Z"
"chesnaught_mega","Chesnaught (Mega)","false","","Raid","grass","1","","S","true","Vine Whip","Seed Bomb+","","","Exact-form GO Hub role recommendation","sourced","grass: Vine Whip + Seed Bomb+","https://db.pokemongohub.net/pokemon/652-Mega","2026-10-10T17:33:51.779Z"
"chesnaught_shadow","Chesnaught (Shadow)","true","","Raid","grass","5","","S","true","Vine Whip","Frenzy Plant","","Frenzy Plant","Exact-form GO Hub role recommendation","sourced","grass: Vine Whip + Frenzy Plant *","https://db.pokemongohub.net/pokemon/652-Shadow","2026-10-10T17:33:51.625Z"
"cinderace","Cinderace","false","","Raid","fire","30","","A","true","Fire Spin","Pyro Ball","","","Exact-form GO Hub role recommendation","sourced","fire: Fire Spin + Pyro Ball","https://db.pokemongohub.net/pokemon/815","2026-10-10T17:33:51.601Z"
"conkeldurr","Conkeldurr","false","","Raid","fighting","24","","A","true","Force Palm","Dynamic Punch","","","Exact-form GO Hub role recommendation","sourced","fighting: Force Palm + Dynamic Punch","https://db.pokemongohub.net/pokemon/534","2026-10-10T17:33:52.177Z"
"conkeldurr_shadow","Conkeldurr (Shadow)","true","","Raid","fighting","9","","S","true","Force Palm","Dynamic Punch","","","Exact-form GO Hub role recommendation","sourced","fighting: Force Palm + Dynamic Punch","https://db.pokemongohub.net/pokemon/534-Shadow","2026-10-10T17:33:52.206Z"
"darkrai","Darkrai","false","genderless","Raid","dark","10","","S","true","Snarl","Foul Play","","","Exact-form GO Hub role recommendation","sourced","dark: Snarl + Foul Play","https://db.pokemongohub.net/pokemon/491","2026-10-10T17:33:52.211Z"
"darkrai_shadow","Darkrai (Shadow)","true","genderless","Raid","dark","2","","S","true","Snarl","Foul Play","","","Exact-form GO Hub role recommendation","sourced","dark: Snarl + Foul Play","https://db.pokemongohub.net/pokemon/491-Shadow","2026-10-10T17:33:52.469Z"
"decidueye","Decidueye","false","","Raid","grass","22","","A","true","Magical Leaf","Frenzy Plant","","Frenzy Plant","Exact-form GO Hub role recommendation","sourced","grass: Magical Leaf + Frenzy Plant *","https://db.pokemongohub.net/pokemon/724","2026-10-10T17:33:52.640Z"
"delphox_mega","Delphox (Mega)","false","","Raid","fire","1","","S","true","Fire Spin","Mystical Fire+","","","Exact-form GO Hub role recommendation","sourced","fire: Fire Spin + Mystical Fire+; psychic: Zen Headbutt + Psychic","https://db.pokemongohub.net/pokemon/655-Mega","2026-10-10T17:33:52.496Z"
"delphox_mega","Delphox (Mega)","false","","Raid","psychic","9","","S","true","Zen Headbutt","Psychic","","","Exact-form GO Hub role recommendation","sourced","fire: Fire Spin + Mystical Fire+; psychic: Zen Headbutt + Psychic","https://db.pokemongohub.net/pokemon/655-Mega","2026-10-10T17:33:52.496Z"
"deoxys","Deoxys","false","genderless","Raid","psychic","10","","S","true","Zen Headbutt","Psycho Boost","","","Exact-form GO Hub role recommendation","sourced","psychic: Zen Headbutt + Psycho Boost","https://db.pokemongohub.net/pokemon/386-Normal","2026-10-10T17:33:53.104Z"
"dialga_shadow","Dialga (Shadow)","true","genderless","Raid","steel","7","","S","true","Metal Claw","Iron Head","","","Exact-form GO Hub role recommendation","sourced","steel: Metal Claw + Iron Head; dragon: Dragon Breath + Draco Meteor","https://db.pokemongohub.net/pokemon/483-Shadow","2026-10-10T17:33:53.052Z"
"dialga_shadow","Dialga (Shadow)","true","genderless","Raid","dragon","11","","A+","true","Dragon Breath","Draco Meteor","","","Exact-form GO Hub role recommendation","sourced","steel: Metal Claw + Iron Head; dragon: Dragon Breath + Draco Meteor","https://db.pokemongohub.net/pokemon/483-Shadow","2026-10-10T17:33:53.052Z"
"diancie_mega","Diancie (Mega)","false","genderless","Raid","rock","1","","S","true","Rock Throw","Rock Slide","","","Exact-form GO Hub role recommendation","sourced","rock: Rock Throw + Rock Slide; fairy: Rock Throw + Moonblast","https://db.pokemongohub.net/pokemon/719-Mega","2026-10-10T17:33:53.060Z"
"diancie_mega","Diancie (Mega)","false","genderless","Raid","fairy","18","","A+","true","Rock Throw","Moonblast","","","Exact-form GO Hub role recommendation","sourced","rock: Rock Throw + Rock Slide; fairy: Rock Throw + Moonblast","https://db.pokemongohub.net/pokemon/719-Mega","2026-10-10T17:33:53.060Z"
"dragonite_mega","Dragonite (Mega)","false","","Raid","dragon","3","","S","true","Dragon Tail","Outrage+","","","Exact-form GO Hub role recommendation","sourced","dragon: Dragon Tail + Outrage+","https://db.pokemongohub.net/pokemon/149-Mega","2026-10-10T17:33:53.482Z"
"dragonite_shadow","Dragonite (Shadow)","true","","Raid","dragon","16","","A+","true","Dragon Tail","Outrage","","","Exact-form GO Hub role recommendation","sourced","dragon: Dragon Tail + Outrage","https://db.pokemongohub.net/pokemon/149-Shadow","2026-10-10T17:33:53.520Z"
"electivire","Electivire","false","","Raid","electric","22","","A","true","Thunder Shock","Wild Charge","","","Exact-form GO Hub role recommendation","sourced","electric: Thunder Shock + Wild Charge","https://db.pokemongohub.net/pokemon/466","2026-10-10T17:33:53.544Z"
"electivire_shadow","Electivire (Shadow)","true","","Raid","electric","11","","A+","true","Thunder Shock","Wild Charge","","","Exact-form GO Hub role recommendation","sourced","electric: Thunder Shock + Wild Charge","https://db.pokemongohub.net/pokemon/466-Shadow","2026-10-10T17:33:53.823Z"
"empoleon","Empoleon","false","","Raid","water","32","","B","true","Waterfall","Hydro Cannon","","Hydro Cannon","Exact-form GO Hub role recommendation","sourced","water: Waterfall + Hydro Cannon *","https://db.pokemongohub.net/pokemon/395","2026-10-10T17:33:53.951Z"
"empoleon","Empoleon","false","","Raid","steel","50","","C","false","Steel Wing","Hydro Cannon","","Hydro Cannon","Exact-form GO Hub role recommendation","Below B-tier expansion cutoff","water: Waterfall + Hydro Cannon *","https://db.pokemongohub.net/pokemon/395","2026-10-10T17:33:53.951Z"
"empoleon_shadow","Empoleon (Shadow)","true","","Raid","water","17","","A+","true","Waterfall","Hydro Cannon","","Hydro Cannon","Exact-form GO Hub role recommendation","sourced","water: Waterfall + Hydro Cannon *; steel: Steel Wing + Hydro Cannon *","https://db.pokemongohub.net/pokemon/395-Shadow","2026-10-10T17:33:53.795Z"
"empoleon_shadow","Empoleon (Shadow)","true","","Raid","steel","24","","A","true","Steel Wing","Hydro Cannon","","Hydro Cannon","Exact-form GO Hub role recommendation","sourced","water: Waterfall + Hydro Cannon *; steel: Steel Wing + Hydro Cannon *","https://db.pokemongohub.net/pokemon/395-Shadow","2026-10-10T17:33:53.795Z"
"enamorus_incarnate","Enamorus (Incarnate)","false","female","Raid","fairy","4","","S","true","Fairy Wind","Dazzling Gleam","","","Exact-form GO Hub role recommendation","sourced","fairy: Fairy Wind + Dazzling Gleam; flying: Fairy Wind + Fly","https://db.pokemongohub.net/pokemon/905-Incarnate","2026-10-10T17:33:54.571Z"
"enamorus_incarnate","Enamorus (Incarnate)","false","female","Raid","flying","10","","S","true","Fairy Wind","Fly","","","Exact-form GO Hub role recommendation","sourced","fairy: Fairy Wind + Dazzling Gleam; flying: Fairy Wind + Fly","https://db.pokemongohub.net/pokemon/905-Incarnate","2026-10-10T17:33:54.571Z"
"escavalier_shadow","Escavalier (Shadow)","true","","Raid","bug","9","","S","true","Bug Bite","Megahorn","","","Exact-form GO Hub role recommendation","sourced","bug: Bug Bite + Megahorn","https://db.pokemongohub.net/pokemon/589-Shadow","2026-10-10T17:33:54.362Z"
"espeon","Espeon","false","","Raid","psychic","38","","B","true","Confusion","Psychic","","","Exact-form GO Hub role recommendation","sourced","psychic: Confusion + Psychic","https://db.pokemongohub.net/pokemon/196","2026-10-10T17:33:54.207Z"
"eternatus","Eternatus","false","genderless","Raid","dragon","2","","S","true","Dragon Tail","Dynamax Cannon","","Dynamax Cannon","Exact-form GO Hub role recommendation","sourced","dragon: Dragon Tail + Dynamax Cannon *; poison: Poison Jab + Sludge Bomb","https://db.pokemongohub.net/pokemon/890","2026-10-10T17:33:54.954Z"
"eternatus","Eternatus","false","genderless","Raid","poison","4","","S","true","Poison Jab","Sludge Bomb","","","Exact-form GO Hub role recommendation","sourced","dragon: Dragon Tail + Dynamax Cannon *; poison: Poison Jab + Sludge Bomb","https://db.pokemongohub.net/pokemon/890","2026-10-10T17:33:54.954Z"
"excadrill","Excadrill","false","","Raid","ground","15","","A+","true","Mud-Slap","Scorching Sands","","","Exact-form GO Hub role recommendation","sourced","ground: Mud-Slap + Scorching Sands; steel: Metal Claw + Iron Head","https://db.pokemongohub.net/pokemon/530","2026-10-10T17:33:54.983Z"
"excadrill","Excadrill","false","","Raid","steel","25","","A","true","Metal Claw","Iron Head","","","Exact-form GO Hub role recommendation","sourced","ground: Mud-Slap + Scorching Sands; steel: Metal Claw + Iron Head","https://db.pokemongohub.net/pokemon/530","2026-10-10T17:33:54.983Z"
"excadrill_shadow","Excadrill (Shadow)","true","","Raid","ground","6","","S","true","Mud-Slap","Scorching Sands","","","Exact-form GO Hub role recommendation","sourced","ground: Mud-Slap + Scorching Sands; steel: Metal Claw + Iron Head","https://db.pokemongohub.net/pokemon/530-Shadow","2026-10-10T17:33:54.988Z"
"excadrill_shadow","Excadrill (Shadow)","true","","Raid","steel","10","","S","true","Metal Claw","Iron Head","","","Exact-form GO Hub role recommendation","sourced","ground: Mud-Slap + Scorching Sands; steel: Metal Claw + Iron Head","https://db.pokemongohub.net/pokemon/530-Shadow","2026-10-10T17:33:54.988Z"
"falinks_mega","Falinks (Mega)","false","genderless","Raid","fighting","4","","S","true","Counter","Brick Break+","","","Exact-form GO Hub role recommendation","sourced","fighting: Counter + Brick Break+","https://db.pokemongohub.net/pokemon/870-Mega","2026-10-10T17:33:55.244Z"
"feraligatr","Feraligatr","false","","Raid","water","28","","A","true","Water Gun","Hydro Cannon","","Water Gun; Hydro Cannon","Exact-form GO Hub role recommendation","sourced","water: Water Gun * + Hydro Cannon *","https://db.pokemongohub.net/pokemon/160","2026-10-10T17:33:55.443Z"
"feraligatr_shadow","Feraligatr (Shadow)","true","","Raid","water","13","","A+","true","Water Gun","Hydro Cannon","","Water Gun; Hydro Cannon","Exact-form GO Hub role recommendation","sourced","water: Water Gun * + Hydro Cannon *","https://db.pokemongohub.net/pokemon/160-Shadow","2026-10-10T17:33:55.469Z"
"frosmoth","Frosmoth","false","","Raid","bug","30","","A","true","Bug Bite","Bug Buzz","","","Exact-form GO Hub role recommendation","sourced","bug: Bug Bite + Bug Buzz","https://db.pokemongohub.net/pokemon/873","2026-10-10T17:33:56.079Z"
"gallade_mega","Gallade (Mega)","false","male","Raid","psychic","6","","S","true","Confusion","Psychic","","","Exact-form GO Hub role recommendation","sourced","psychic: Confusion + Psychic; fighting: Low Kick + Sacred Sword","https://db.pokemongohub.net/pokemon/475-Mega","2026-10-10T17:33:55.884Z"
"gallade_mega","Gallade (Mega)","false","male","Raid","fighting","7","","S","true","Low Kick","Sacred Sword","","","Exact-form GO Hub role recommendation","sourced","psychic: Confusion + Psychic; fighting: Low Kick + Sacred Sword","https://db.pokemongohub.net/pokemon/475-Mega","2026-10-10T17:33:55.884Z"
"garchomp_mega","Garchomp (Mega)","false","","Raid","ground","2","","S","true","Mud Shot","Earth Power","","Earth Power","Exact-form GO Hub role recommendation","sourced","ground: Mud Shot + Earth Power *; dragon: Dragon Tail + Breaking Swipe","https://db.pokemongohub.net/pokemon/445-Mega","2026-10-10T17:33:55.732Z"
"garchomp_mega","Garchomp (Mega)","false","","Raid","dragon","5","","S","true","Dragon Tail","Breaking Swipe","","","Exact-form GO Hub role recommendation","sourced","ground: Mud Shot + Earth Power *; dragon: Dragon Tail + Breaking Swipe","https://db.pokemongohub.net/pokemon/445-Mega","2026-10-10T17:33:55.732Z"
"garchomp_shadow","Garchomp (Shadow)","true","","Raid","ground","4","","S","true","Mud Shot","Earth Power","","Earth Power","Exact-form GO Hub role recommendation","sourced","ground: Mud Shot + Earth Power *; dragon: Dragon Tail + Breaking Swipe","https://db.pokemongohub.net/pokemon/445-Shadow","2026-10-10T17:33:56.469Z"
"garchomp_shadow","Garchomp (Shadow)","true","","Raid","dragon","7","","S","true","Dragon Tail","Breaking Swipe","","","Exact-form GO Hub role recommendation","sourced","ground: Mud Shot + Earth Power *; dragon: Dragon Tail + Breaking Swipe","https://db.pokemongohub.net/pokemon/445-Shadow","2026-10-10T17:33:56.469Z"
"gardevoir_mega","Gardevoir (Mega)","false","","Raid","fairy","1","","S","true","Charm","Dazzling Gleam","","","Exact-form GO Hub role recommendation","sourced","fairy: Charm + Dazzling Gleam; psychic: Confusion + Psychic","https://db.pokemongohub.net/pokemon/282-Mega","2026-10-10T17:33:56.509Z"
"gardevoir_mega","Gardevoir (Mega)","false","","Raid","psychic","5","","S","true","Confusion","Psychic","","","Exact-form GO Hub role recommendation","sourced","fairy: Charm + Dazzling Gleam; psychic: Confusion + Psychic","https://db.pokemongohub.net/pokemon/282-Mega","2026-10-10T17:33:56.509Z"
"gardevoir_shadow","Gardevoir (Shadow)","true","","Raid","fairy","3","","S","true","Charm","Dazzling Gleam","","","Exact-form GO Hub role recommendation","sourced","fairy: Charm + Dazzling Gleam","https://db.pokemongohub.net/pokemon/282-Shadow","2026-10-10T17:33:56.356Z"
"gengar_mega","Gengar (Mega)","false","","Raid","ghost","2","","S","true","Lick","Shadow Ball","","Lick","Exact-form GO Hub role recommendation","sourced","ghost: Lick * + Shadow Ball; poison: Lick * + Sludge Bomb","https://db.pokemongohub.net/pokemon/94-Mega","2026-10-10T17:33:56.760Z"
"gengar_mega","Gengar (Mega)","false","","Raid","poison","2","","S","true","Lick","Sludge Bomb","","Lick","Exact-form GO Hub role recommendation","sourced","ghost: Lick * + Shadow Ball; poison: Lick * + Sludge Bomb","https://db.pokemongohub.net/pokemon/94-Mega","2026-10-10T17:33:56.760Z"
"gengar_shadow","Gengar (Shadow)","true","","Raid","poison","8","","S","true","Lick","Sludge Bomb","","Lick","Exact-form GO Hub role recommendation","sourced","poison: Lick * + Sludge Bomb; ghost: Lick * + Shadow Ball","https://db.pokemongohub.net/pokemon/94-Shadow","2026-10-10T17:33:56.938Z"
"gengar_shadow","Gengar (Shadow)","true","","Raid","ghost","14","","A+","true","Lick","Shadow Ball","","Lick","Exact-form GO Hub role recommendation","sourced","poison: Lick * + Sludge Bomb; ghost: Lick * + Shadow Ball","https://db.pokemongohub.net/pokemon/94-Shadow","2026-10-10T17:33:56.938Z"
"gigalith","Gigalith","false","","Raid","rock","13","","A+","true","Lock-On","Meteor Beam","","Meteor Beam","Exact-form GO Hub role recommendation","sourced","rock: Lock-On + Meteor Beam *","https://db.pokemongohub.net/pokemon/526","2026-10-10T17:33:56.912Z"
"gigalith_shadow","Gigalith (Shadow)","true","","Raid","rock","5","","S","true","Lock-On","Meteor Beam","","Meteor Beam","Exact-form GO Hub role recommendation","sourced","rock: Lock-On + Meteor Beam *","https://db.pokemongohub.net/pokemon/526-Shadow","2026-10-10T17:33:57.554Z"
"glaceon","Glaceon","false","","Raid","ice","20","","A+","true","Frost Breath","Avalanche","","","Exact-form GO Hub role recommendation","sourced","ice: Frost Breath + Avalanche","https://db.pokemongohub.net/pokemon/471","2026-10-10T17:33:57.380Z"
"glimmora","Glimmora","false","","Raid","rock","10","","S","true","Rock Throw","Meteor Beam","","","Exact-form GO Hub role recommendation","sourced","rock: Rock Throw + Meteor Beam","https://db.pokemongohub.net/pokemon/970","2026-10-10T17:33:57.361Z"
"golisopodsh","Golisopod","false","","Raid","","","","budget","true","","","","","No qualifying sourced raid role","unverified","","input-csv",""
"golisopod_shadow","Golisopod (Shadow)","true","","Raid","bug","10","","S","true","Fury Cutter","X-Scissor","","","Exact-form GO Hub role recommendation","sourced","bug: Fury Cutter + X-Scissor","https://db.pokemongohub.net/pokemon/768-Shadow","2026-10-10T17:33:57.962Z"
"golisopod_shadow","Golisopod (Shadow)","true","","Raid","water","16","","A+","true","Waterfall","Razor Shell","","","Exact-form GO Hub role recommendation","sourced","bug: Fury Cutter + X-Scissor","https://db.pokemongohub.net/pokemon/768-Shadow","2026-10-10T17:33:57.962Z"
"greninja_mega","Greninja (Mega)","false","","Raid","water","1","","S","true","Water Shuriken","Surf+","","","Exact-form GO Hub role recommendation","sourced","water: Water Shuriken + Surf+; dark: Feint Attack + Brutal Swing","https://db.pokemongohub.net/pokemon/658-Mega","2026-10-10T17:33:57.991Z"
"greninja_mega","Greninja (Mega)","false","","Raid","dark","8","","S","true","Feint Attack","Brutal Swing","","","Exact-form GO Hub role recommendation","sourced","water: Water Shuriken + Surf+; dark: Feint Attack + Brutal Swing","https://db.pokemongohub.net/pokemon/658-Mega","2026-10-10T17:33:57.991Z"
"greninja_shadow","Greninja (Shadow)","true","","Raid","water","8","","S","true","Water Shuriken","Hydro Cannon","","Hydro Cannon","Exact-form GO Hub role recommendation","sourced","water: Water Shuriken + Hydro Cannon *; dark: Feint Attack + Brutal Swing","https://db.pokemongohub.net/pokemon/658-Shadow","2026-10-10T17:33:58.245Z"
"greninja_shadow","Greninja (Shadow)","true","","Raid","dark","16","","A+","true","Feint Attack","Brutal Swing","","","Exact-form GO Hub role recommendation","sourced","water: Water Shuriken + Hydro Cannon *; dark: Feint Attack + Brutal Swing","https://db.pokemongohub.net/pokemon/658-Shadow","2026-10-10T17:33:58.245Z"
"groudon","Groudon","false","genderless","Raid","ground","9","","S","true","Mud Shot","Precipice Blades","","Precipice Blades","Exact-form GO Hub role recommendation","sourced","ground: Mud Shot + Precipice Blades *","https://db.pokemongohub.net/pokemon/383","2026-10-10T17:33:58.433Z"
"groudon_primal","Groudon (Primal)","false","genderless","Raid","ground","1","","S","true","Mud Shot","Precipice Blades","","Precipice Blades","Exact-form GO Hub role recommendation","sourced","ground: Mud Shot + Precipice Blades *","https://db.pokemongohub.net/pokemon/383-Primal","2026-10-10T17:33:58.407Z"
"groudon_shadow","Groudon (Shadow)","true","genderless","Raid","ground","3","","S","true","Mud Shot","Precipice Blades","","Precipice Blades","Exact-form GO Hub role recommendation","sourced","ground: Mud Shot + Precipice Blades *","https://db.pokemongohub.net/pokemon/383-Shadow","2026-10-10T17:33:59.030Z"
"gyarados_mega","Gyarados (Mega)","false","","Raid","water","7","","S","true","Waterfall","Hydro Pump","","","Exact-form GO Hub role recommendation","sourced","water: Waterfall + Hydro Pump; dark: Bite + Crunch","https://db.pokemongohub.net/pokemon/130-Mega","2026-10-10T17:33:58.829Z"
"gyarados_mega","Gyarados (Mega)","false","","Raid","dark","17","","A+","true","Bite","Crunch","","","Exact-form GO Hub role recommendation","sourced","water: Waterfall + Hydro Pump; dark: Bite + Crunch","https://db.pokemongohub.net/pokemon/130-Mega","2026-10-10T17:33:58.829Z"
"gyarados_shadow","Gyarados (Shadow)","true","","Raid","water","15","","A+","true","Waterfall","Hydro Pump","","","Exact-form GO Hub role recommendation","sourced","water: Waterfall + Hydro Pump","https://db.pokemongohub.net/pokemon/130-Shadow","2026-10-10T17:33:58.682Z"
"hariyama","Hariyama","false","","Raid","fighting","41","","C","false","Force Palm","Dynamic Punch","","","Exact-form GO Hub role recommendation","Below B-tier expansion cutoff","","https://db.pokemongohub.net/pokemon/297","2026-10-10T17:33:59.418Z"
"hariyama","Hariyama","false","","Raid","","","","budget","true","","","","","No qualifying sourced raid role","unverified","","input-csv",""
"hariyama_shadow","Hariyama (Shadow)","true","","Raid","fighting","21","","A","true","Force Palm","Dynamic Punch","","","Exact-form GO Hub role recommendation","sourced","fighting: Force Palm + Dynamic Punch","https://db.pokemongohub.net/pokemon/297-Shadow","2026-10-10T17:33:59.455Z"
"hatterene","Hatterene","false","female","Raid","fairy","20","","A+","true","Charm","Dazzling Gleam","","","Exact-form GO Hub role recommendation","sourced","fairy: Charm + Dazzling Gleam","https://db.pokemongohub.net/pokemon/858","2026-10-10T17:33:59.293Z"
"haxorus","Haxorus","false","","Raid","dragon","23","","A","true","Dragon Tail","Breaking Swipe","","Breaking Swipe","Exact-form GO Hub role recommendation","sourced","dragon: Dragon Tail + Breaking Swipe *","https://db.pokemongohub.net/pokemon/612","2026-10-10T17:33:59.713Z"
"haxorus_shadow","Haxorus (Shadow)","true","","Raid","dragon","8","","S","true","Dragon Tail","Breaking Swipe","","Breaking Swipe","Exact-form GO Hub role recommendation","sourced","dragon: Dragon Tail + Breaking Swipe *","https://db.pokemongohub.net/pokemon/612-Shadow","2026-10-10T17:33:59.874Z"
"heatran_shadow","Heatran (Shadow)","true","","Raid","fire","6","","S","true","Fire Spin","Magma Storm","","Magma Storm","Exact-form GO Hub role recommendation","sourced","fire: Fire Spin + Magma Storm *","https://db.pokemongohub.net/pokemon/485-Shadow","2026-10-10T17:34:00.038Z"
"heracross_mega","Heracross (Mega)","false","","Raid","bug","2","","S","true","Fury Cutter","Megahorn","","","Exact-form GO Hub role recommendation","sourced","bug: Fury Cutter + Megahorn; fighting: Counter + Close Combat","https://db.pokemongohub.net/pokemon/214-Mega","2026-10-10T17:34:00.667Z"
"heracross_mega","Heracross (Mega)","false","","Raid","fighting","10","","S","true","Counter","Close Combat","","","Exact-form GO Hub role recommendation","sourced","bug: Fury Cutter + Megahorn; fighting: Counter + Close Combat","https://db.pokemongohub.net/pokemon/214-Mega","2026-10-10T17:34:00.667Z"
"honchkrow","Honchkrow","false","","Raid","flying","38","","B","true","Peck","Sky Attack","","","Exact-form GO Hub role recommendation","sourced","flying: Peck + Sky Attack","https://db.pokemongohub.net/pokemon/430","2026-10-10T17:34:00.448Z"
"honchkrow_shadow","Honchkrow (Shadow)","true","","Raid","dark","19","","A+","true","Snarl","Dark Pulse","","","Exact-form GO Hub role recommendation","sourced","dark: Snarl + Dark Pulse; flying: Peck + Sky Attack","https://db.pokemongohub.net/pokemon/430-Shadow","2026-10-10T17:34:00.469Z"
"honchkrow_shadow","Honchkrow (Shadow)","true","","Raid","flying","22","","A","true","Peck","Sky Attack","","","Exact-form GO Hub role recommendation","sourced","dark: Snarl + Dark Pulse; flying: Peck + Sky Attack","https://db.pokemongohub.net/pokemon/430-Shadow","2026-10-10T17:34:00.469Z"
"houndoom_mega","Houndoom (Mega)","false","","Raid","dark","1","","S","true","Snarl","Dark Pulse+","","","Exact-form GO Hub role recommendation","sourced","dark: Snarl + Dark Pulse+","https://db.pokemongohub.net/pokemon/229-Mega","2026-10-10T17:34:01.221Z"
"houndoom_shadow","Houndoom (Shadow)","true","","Raid","dark","18","","A+","true","Snarl","Foul Play","","","Exact-form GO Hub role recommendation","sourced","dark: Snarl + Foul Play","https://db.pokemongohub.net/pokemon/229-Shadow","2026-10-10T17:34:01.247Z"
"hydreigon","Hydreigon","false","","Raid","dark","14","","A+","true","Bite","Brutal Swing","","Brutal Swing","Exact-form GO Hub role recommendation","sourced","dark: Bite + Brutal Swing *","https://db.pokemongohub.net/pokemon/635","2026-10-10T17:34:01.084Z"
"hydreigon_shadow","Hydreigon (Shadow)","true","","Raid","dark","6","","S","true","Bite","Brutal Swing","","Brutal Swing","Exact-form GO Hub role recommendation","sourced","dark: Bite + Brutal Swing *","https://db.pokemongohub.net/pokemon/635-Shadow","2026-10-10T17:34:01.512Z"
"inteleon","Inteleon","false","","Raid","water","14","","A+","true","Water Gun","Hydro Cannon","","Hydro Cannon","Exact-form GO Hub role recommendation","sourced","water: Water Gun + Hydro Cannon *","https://db.pokemongohub.net/pokemon/818","2026-10-10T17:34:01.672Z"
"kartana","Kartana","false","genderless","Raid","grass","3","","S","true","Razor Leaf","Leaf Blade","","","Exact-form GO Hub role recommendation","sourced","grass: Razor Leaf + Leaf Blade","https://db.pokemongohub.net/pokemon/798","2026-10-10T17:34:01.698Z"
"keldeo_resolute","Keldeo (Resolute)","false","genderless","Raid","fighting","5","","S","true","Low Kick","Secret Sword","","","Exact-form GO Hub role recommendation","sourced","fighting: Low Kick + Secret Sword","https://db.pokemongohub.net/pokemon/647-Resolute","2026-10-10T17:34:02.334Z"
"kingler_shadow","Kingler (Shadow)","true","","Raid","water","9","","S","true","Bubble","Crabhammer","","","Exact-form GO Hub role recommendation","sourced","water: Bubble + Crabhammer","https://db.pokemongohub.net/pokemon/99-Shadow","2026-10-10T17:34:01.951Z"
"kleavor","Kleavor","false","","Raid","bug","19","","A+","true","Fury Cutter","X-Scissor","","","Exact-form GO Hub role recommendation","sourced","bug: Fury Cutter + X-Scissor","https://db.pokemongohub.net/pokemon/900","2026-10-10T17:34:01.976Z"
"kyogre_primal","Kyogre (Primal)","false","genderless","Raid","water","2","","S","true","Waterfall","Origin Pulse","","Origin Pulse","Exact-form GO Hub role recommendation","sourced","water: Waterfall + Origin Pulse *","https://db.pokemongohub.net/pokemon/382-Primal","2026-10-10T17:34:02.744Z"
"kyogre_shadow","Kyogre (Shadow)","true","genderless","Raid","water","5","","S","true","Waterfall","Origin Pulse","","Origin Pulse","Exact-form GO Hub role recommendation","sourced","water: Waterfall + Origin Pulse *","https://db.pokemongohub.net/pokemon/382-Shadow","2026-10-10T17:34:02.937Z"
"kyurem_black","Kyurem (Black)","false","genderless","Raid","ice","2","","S","true","Dragon Tail","Freeze Shock","","","Exact-form GO Hub role recommendation","sourced","ice: Dragon Tail + Freeze Shock","https://db.pokemongohub.net/pokemon/646-Black","2026-10-10T17:34:02.906Z"
"kyurem_white","Kyurem (White)","false","genderless","Raid","ice","1","","S","true","Ice Fang","Ice Burn","","","Exact-form GO Hub role recommendation","sourced","ice: Ice Fang + Ice Burn; dragon: Dragon Breath + Ice Burn","https://db.pokemongohub.net/pokemon/646-White","2026-10-10T17:34:03.347Z"
"kyurem_white","Kyurem (White)","false","genderless","Raid","dragon","6","","S","true","Dragon Breath","Ice Burn","","","Exact-form GO Hub role recommendation","sourced","ice: Ice Fang + Ice Burn; dragon: Dragon Breath + Ice Burn","https://db.pokemongohub.net/pokemon/646-White","2026-10-10T17:34:03.347Z"
"landorus_incarnate_shadow","Landorus (Incarnate) (Shadow)","true","male","Raid","ground","7","","S","true","Mud Shot","Earth Power","","","Exact-form GO Hub role recommendation","sourced","ground: Mud Shot + Earth Power","https://db.pokemongohub.net/pokemon/645-Incarnate_Shadow","2026-10-10T17:34:03.528Z"
"landorus_therian","Landorus (Therian)","false","male","Raid","ground","5","","S","true","Mud Shot","Sandsear Storm","","Sandsear Storm","Exact-form GO Hub role recommendation","sourced","ground: Mud Shot + Sandsear Storm *","https://db.pokemongohub.net/pokemon/645-Therian","2026-10-10T17:34:03.373Z"
"latios_mega","Latios (Mega)","false","male","Raid","psychic","7","","S","true","Zen Headbutt","Psychic","","","Exact-form GO Hub role recommendation","sourced","psychic: Zen Headbutt + Psychic; dragon: Dragon Breath + Dragon Claw","https://db.pokemongohub.net/pokemon/381-Mega","2026-10-10T17:34:04.139Z"
"latios_mega","Latios (Mega)","false","male","Raid","dragon","17","","A+","true","Dragon Breath","Dragon Claw","","","Exact-form GO Hub role recommendation","sourced","psychic: Zen Headbutt + Psychic; dragon: Dragon Breath + Dragon Claw","https://db.pokemongohub.net/pokemon/381-Mega","2026-10-10T17:34:04.139Z"
"leafeon","Leafeon","false","","Raid","grass","53","","D","false","Razor Leaf","Leaf Blade","","","Exact-form GO Hub role recommendation","Below B-tier expansion cutoff","","https://db.pokemongohub.net/pokemon/470","2026-10-10T17:34:03.934Z"
"leafeon","Leafeon","false","","Raid","","","","budget","true","","","","","No qualifying sourced raid role","unverified","","input-csv",""
"lucario_mega","Lucario (Mega)","false","","Raid","fighting","2","","S","true","Force Palm","Aura Sphere","","Force Palm","Exact-form GO Hub role recommendation","sourced","fighting: Force Palm * + Aura Sphere; steel: Force Palm * + Meteor Mash","https://db.pokemongohub.net/pokemon/448-Mega","2026-10-10T17:34:04.101Z"
"lucario_mega","Lucario (Mega)","false","","Raid","steel","4","","S","true","Force Palm","Meteor Mash","","Force Palm","Exact-form GO Hub role recommendation","sourced","fighting: Force Palm * + Aura Sphere; steel: Force Palm * + Meteor Mash","https://db.pokemongohub.net/pokemon/448-Mega","2026-10-10T17:34:04.101Z"
"machamp","Machamp","false","","Raid","fighting","37","","B","true","Counter","Dynamic Punch","","","Exact-form GO Hub role recommendation","sourced","fighting: Counter + Dynamic Punch","https://db.pokemongohub.net/pokemon/68","2026-10-10T17:34:04.551Z"
"machamp_shadow","Machamp (Shadow)","true","","Raid","fighting","18","","A+","true","Counter","Dynamic Punch","","","Exact-form GO Hub role recommendation","sourced","fighting: Counter + Dynamic Punch","https://db.pokemongohub.net/pokemon/68-Shadow","2026-10-10T17:34:04.733Z"
"magmortar","Magmortar","false","","Raid","fire","55","","D","false","Fire Spin","Fire Blast","","","Exact-form GO Hub role recommendation","Below B-tier expansion cutoff","","https://db.pokemongohub.net/pokemon/467","2026-10-10T17:34:04.583Z"
"magmortar","Magmortar","false","","Raid","","","","budget","true","","","","","No qualifying sourced raid role","unverified","","input-csv",""
"magmortar_shadow","Magmortar (Shadow)","true","","Raid","fire","28","","A","true","Fire Spin","Fire Blast","","","Exact-form GO Hub role recommendation","sourced","fire: Fire Spin + Fire Blast","https://db.pokemongohub.net/pokemon/467-Shadow","2026-10-10T17:34:05.133Z"
"magnezone","Magnezone","false","genderless","Raid","electric","25","","A","true","Volt Switch","Wild Charge","","","Exact-form GO Hub role recommendation","sourced","electric: Volt Switch + Wild Charge","https://db.pokemongohub.net/pokemon/462","2026-10-10T17:34:05.156Z"
"magnezone_shadow","Magnezone (Shadow)","true","genderless","Raid","electric","15","","A+","true","Volt Switch","Wild Charge","","","Exact-form GO Hub role recommendation","sourced","electric: Volt Switch + Wild Charge","https://db.pokemongohub.net/pokemon/462-Shadow","2026-10-10T17:34:05.313Z"
"mamoswine_shadow","Mamoswine (Shadow)","true","","Raid","ice","5","","S","true","Powder Snow","Avalanche","","","Exact-form GO Hub role recommendation","sourced","ice: Powder Snow + Avalanche; ground: Mud-Slap + High Horsepower","https://db.pokemongohub.net/pokemon/473-Shadow","2026-10-10T17:34:05.928Z"
"mamoswine_shadow","Mamoswine (Shadow)","true","","Raid","ground","11","","A+","true","Mud-Slap","High Horsepower","","","Exact-form GO Hub role recommendation","sourced","ice: Powder Snow + Avalanche; ground: Mud-Slap + High Horsepower","https://db.pokemongohub.net/pokemon/473-Shadow","2026-10-10T17:34:05.928Z"
"manectric_mega","Manectric (Mega)","false","","Raid","electric","9","","S","true","Thunder Fang","Wild Charge","","","Exact-form GO Hub role recommendation","sourced","electric: Thunder Fang + Wild Charge","https://db.pokemongohub.net/pokemon/310-Mega","2026-10-10T17:34:05.897Z"
"meowscarada","Meowscarada","false","","Raid","grass","18","","A+","true","Leafage","Frenzy Plant","","Frenzy Plant","Exact-form GO Hub role recommendation","sourced","grass: Leafage + Frenzy Plant *","https://db.pokemongohub.net/pokemon/908","2026-10-10T17:34:05.731Z"
"metagross","Metagross","false","genderless","Raid","steel","8","","S","true","Bullet Punch","Meteor Mash","","Meteor Mash","Exact-form GO Hub role recommendation","sourced","steel: Bullet Punch + Meteor Mash *","https://db.pokemongohub.net/pokemon/376","2026-10-10T17:34:06.333Z"
"metagross_mega","Metagross (Mega)","false","genderless","Raid","steel","6","","S","true","Bullet Punch","Meteor Mash","","Meteor Mash","Exact-form GO Hub role recommendation","sourced","steel: Bullet Punch + Meteor Mash *; psychic: Zen Headbutt + Psychic","https://db.pokemongohub.net/pokemon/376-Mega","2026-10-10T17:34:06.338Z"
"metagross_mega","Metagross (Mega)","false","genderless","Raid","psychic","12","","A+","true","Zen Headbutt","Psychic","","","Exact-form GO Hub role recommendation","sourced","steel: Bullet Punch + Meteor Mash *; psychic: Zen Headbutt + Psychic","https://db.pokemongohub.net/pokemon/376-Mega","2026-10-10T17:34:06.338Z"
"metagross_shadow","Metagross (Shadow)","true","genderless","Raid","steel","5","","S","true","Bullet Punch","Meteor Mash","","Meteor Mash","Exact-form GO Hub role recommendation","sourced","steel: Bullet Punch + Meteor Mash *; psychic: Zen Headbutt + Psychic","https://db.pokemongohub.net/pokemon/376-Shadow","2026-10-10T17:34:06.505Z"
"metagross_shadow","Metagross (Shadow)","true","genderless","Raid","psychic","13","","A+","true","Zen Headbutt","Psychic","","","Exact-form GO Hub role recommendation","sourced","steel: Bullet Punch + Meteor Mash *; psychic: Zen Headbutt + Psychic","https://db.pokemongohub.net/pokemon/376-Shadow","2026-10-10T17:34:06.505Z"
"mewtwo","Mewtwo","false","genderless","Raid","psychic","8","","S","true","Psycho Cut","Psystrike","","Psystrike","Exact-form GO Hub role recommendation","sourced","psychic: Psycho Cut + Psystrike *","https://db.pokemongohub.net/pokemon/150","2026-10-10T17:34:06.906Z"
"mewtwo_mega_x","Mewtwo (Mega X)","false","genderless","Raid","fighting","1","","S","true","Counter","Dynamic Punch+","","Counter","Exact-form GO Hub role recommendation","sourced","fighting: Counter * + Dynamic Punch+; psychic: Confusion + Psystrike *","https://db.pokemongohub.net/pokemon/150-Mega_X","2026-10-10T17:34:06.929Z"
"mewtwo_mega_x","Mewtwo (Mega X)","false","genderless","Raid","psychic","2","","S","true","Confusion","Psystrike","","Psystrike","Exact-form GO Hub role recommendation","sourced","fighting: Counter * + Dynamic Punch+; psychic: Confusion + Psystrike *","https://db.pokemongohub.net/pokemon/150-Mega_X","2026-10-10T17:34:06.929Z"
"mewtwo_mega_y","Mewtwo (Mega Y)","false","genderless","Raid","psychic","1","","S","true","Psycho Cut","Future Sight+","","","Exact-form GO Hub role recommendation","sourced","psychic: Psycho Cut + Future Sight+","https://db.pokemongohub.net/pokemon/150-Mega_Y","2026-10-10T17:34:07.097Z"
"mewtwo_shadow","Mewtwo (Shadow)","true","genderless","Raid","psychic","3","","S","true","Psycho Cut","Psystrike","","Psystrike","Exact-form GO Hub role recommendation","sourced","psychic: Psycho Cut + Psystrike *","https://db.pokemongohub.net/pokemon/150-Shadow","2026-10-10T17:34:07.716Z"
"moltres_shadow","Moltres (Shadow)","true","genderless","Raid","flying","5","","S","true","Wing Attack","Fly","","","Exact-form GO Hub role recommendation","sourced","flying: Wing Attack + Fly; fire: Fire Spin + Overheat","https://db.pokemongohub.net/pokemon/146-Shadow","2026-10-10T17:34:07.521Z"
"moltres_shadow","Moltres (Shadow)","true","genderless","Raid","fire","9","","S","true","Fire Spin","Overheat","","","Exact-form GO Hub role recommendation","sourced","flying: Wing Attack + Fly; fire: Fire Spin + Overheat","https://db.pokemongohub.net/pokemon/146-Shadow","2026-10-10T17:34:07.521Z"
"naganadel","Naganadel","false","genderless","Raid","poison","7","","S","true","Poison Jab","Sludge Bomb","","","Exact-form GO Hub role recommendation","sourced","poison: Poison Jab + Sludge Bomb","https://db.pokemongohub.net/pokemon/804","2026-10-10T17:34:07.543Z"
"necrozma_dawn_wings","Necrozma (Dawn Wings)","false","genderless","Raid","ghost","1","","S","true","Psycho Cut","Moongeist Beam","","","Exact-form GO Hub role recommendation","sourced","ghost: Psycho Cut + Moongeist Beam","https://db.pokemongohub.net/pokemon/800-Dawn_Wings","2026-10-10T17:34:08.129Z"
"necrozma_dusk_mane","Necrozma (Dusk Mane)","false","genderless","Raid","steel","3","","S","true","Metal Claw","Sunsteel Strike","","","Exact-form GO Hub role recommendation","sourced","steel: Metal Claw + Sunsteel Strike; psychic: Psycho Cut + Sunsteel Strike","https://db.pokemongohub.net/pokemon/800-Dusk_Mane","2026-10-10T17:34:08.160Z"
"necrozma_dusk_mane","Necrozma (Dusk Mane)","false","genderless","Raid","psychic","16","","A+","true","Psycho Cut","Sunsteel Strike","","","Exact-form GO Hub role recommendation","sourced","steel: Metal Claw + Sunsteel Strike; psychic: Psycho Cut + Sunsteel Strike","https://db.pokemongohub.net/pokemon/800-Dusk_Mane","2026-10-10T17:34:08.160Z"
"nihilego","Nihilego","false","genderless","Raid","poison","6","","S","true","Poison Jab","Sludge Bomb","","","Exact-form GO Hub role recommendation","sourced","poison: Poison Jab + Sludge Bomb","https://db.pokemongohub.net/pokemon/793","2026-10-10T17:34:08.165Z"
"palkia_shadow","Palkia (Shadow)","true","genderless","Raid","dragon","10","","S","true","Dragon Tail","Draco Meteor","","","Exact-form GO Hub role recommendation","sourced","dragon: Dragon Tail + Draco Meteor; water: Dragon Tail + Aqua Tail","https://db.pokemongohub.net/pokemon/484-Shadow","2026-10-10T17:34:08.446Z"
"palkia_shadow","Palkia (Shadow)","true","genderless","Raid","water","20","","A+","true","Dragon Tail","Aqua Tail","","","Exact-form GO Hub role recommendation","sourced","dragon: Dragon Tail + Draco Meteor; water: Dragon Tail + Aqua Tail","https://db.pokemongohub.net/pokemon/484-Shadow","2026-10-10T17:34:08.446Z"
"pinsir_mega","Pinsir (Mega)","false","","Raid","bug","3","","S","true","Fury Cutter","X-Scissor","","","Exact-form GO Hub role recommendation","sourced","bug: Fury Cutter + X-Scissor","https://db.pokemongohub.net/pokemon/127-Mega","2026-10-10T17:34:08.773Z"
"pinsir_shadow","Pinsir (Shadow)","true","","Raid","bug","8","","S","true","Fury Cutter","X-Scissor","","","Exact-form GO Hub role recommendation","sourced","bug: Fury Cutter + X-Scissor","https://db.pokemongohub.net/pokemon/127-Shadow","2026-10-10T17:34:08.608Z"
"polteageist","Polteageist","false","genderless","Raid","ghost","30","","A","true","Hex","Shadow Ball","","","Exact-form GO Hub role recommendation","sourced","ghost: Hex + Shadow Ball","https://db.pokemongohub.net/pokemon/855","2026-10-10T17:34:09.391Z"
"primarina","Primarina","false","","Raid","water","19","","A+","true","Waterfall","Hydro Cannon","","Hydro Cannon","Exact-form GO Hub role recommendation","sourced","water: Waterfall + Hydro Cannon *; fairy: Charm + Moonblast","https://db.pokemongohub.net/pokemon/730","2026-10-10T17:34:09.198Z"
"primarina","Primarina","false","","Raid","fairy","25","","A","true","Charm","Moonblast","","","Exact-form GO Hub role recommendation","sourced","water: Waterfall + Hydro Cannon *; fairy: Charm + Moonblast","https://db.pokemongohub.net/pokemon/730","2026-10-10T17:34:09.198Z"
"raichu_mega_x","Raichu (Mega X)","false","","Raid","electric","2","","S","true","Thunder Shock","Volt Tackle+","","","Exact-form GO Hub role recommendation","sourced","electric: Thunder Shock + Volt Tackle+","https://db.pokemongohub.net/pokemon/26-Mega_X","2026-10-10T17:34:09.364Z"
"raichu_mega_y","Raichu (Mega Y)","false","","Raid","electric","1","","S","true","Thunder Shock","Zap Cannon+","","","Exact-form GO Hub role recommendation","sourced","electric: Thunder Shock + Zap Cannon+","https://db.pokemongohub.net/pokemon/26-Mega_Y","2026-10-10T17:34:09.959Z"
"raikou_shadow","Raikou (Shadow)","true","genderless","Raid","electric","7","","S","true","Thunder Shock","Wild Charge","","","Exact-form GO Hub role recommendation","sourced","electric: Thunder Shock + Wild Charge","https://db.pokemongohub.net/pokemon/243-Shadow","2026-10-10T17:34:09.833Z"
"rampardos","Rampardos","false","","Raid","rock","11","","A+","true","Smack Down","Rock Slide","","","Exact-form GO Hub role recommendation","sourced","rock: Smack Down + Rock Slide","https://db.pokemongohub.net/pokemon/409","2026-10-10T17:34:09.808Z"
"rampardos_shadow","Rampardos (Shadow)","true","","Raid","rock","3","","S","true","Smack Down","Rock Slide","","","Exact-form GO Hub role recommendation","sourced","rock: Smack Down + Rock Slide","https://db.pokemongohub.net/pokemon/409-Shadow","2026-10-10T17:34:10.210Z"
"rayquaza","Rayquaza","false","genderless","Raid","flying","4","","S","true","Air Slash","Dragon Ascent","","","Exact-form GO Hub role recommendation","sourced","flying: Air Slash + Dragon Ascent","https://db.pokemongohub.net/pokemon/384","2026-10-10T17:34:10.374Z"
"rayquaza_mega","Rayquaza (Mega)","false","genderless","Raid","dragon","1","","S","true","Dragon Tail","Breaking Swipe","","Breaking Swipe","Exact-form GO Hub role recommendation","sourced","dragon: Dragon Tail + Breaking Swipe *; flying: Air Slash + Dragon Ascent","https://db.pokemongohub.net/pokemon/384-Mega","2026-10-10T17:34:10.531Z"
"rayquaza_mega","Rayquaza (Mega)","false","genderless","Raid","flying","1","","S","true","Air Slash","Dragon Ascent","","","Exact-form GO Hub role recommendation","sourced","dragon: Dragon Tail + Breaking Swipe *; flying: Air Slash + Dragon Ascent","https://db.pokemongohub.net/pokemon/384-Mega","2026-10-10T17:34:10.531Z"
"regieleki","Regieleki","false","genderless","Raid","electric","6","","S","true","Lock-On","Thunder Cage","","Thunder Cage","Exact-form GO Hub role recommendation","sourced","electric: Lock-On + Thunder Cage *","https://db.pokemongohub.net/pokemon/894","2026-10-10T17:34:11.144Z"
"regigigas","Regigigas","false","genderless","Raid","normal","7","","S","false","Zen Headbutt","Crush Grip","","Crush Grip","Exact-form GO Hub role recommendation","Normal role excluded by app policy","","https://db.pokemongohub.net/pokemon/486","2026-10-10T17:34:10.951Z"
"regigigas","Regigigas","false","genderless","Raid","","","","unverified","true","","","","","No qualifying sourced raid role","unverified","","input-csv",""
"regigigas_shadow","Regigigas (Shadow)","true","genderless","Raid","normal","1","","S","false","Zen Headbutt","Crush Grip","","Crush Grip","Exact-form GO Hub role recommendation","Normal role excluded by app policy","","https://db.pokemongohub.net/pokemon/486-Shadow","2026-10-10T17:34:10.979Z"
"regigigas_shadow","Regigigas (Shadow)","true","genderless","Raid","","","","unverified","true","","","","","No qualifying sourced raid role","unverified","","input-csv",""
"reshiram","Reshiram","false","genderless","Raid","fire","10","","S","true","Fire Fang","Fusion Flare","","Fusion Flare","Exact-form GO Hub role recommendation","sourced","fire: Fire Fang + Fusion Flare *","https://db.pokemongohub.net/pokemon/643","2026-10-10T17:34:11.685Z"
"reshiram_shadow","Reshiram (Shadow)","true","genderless","Raid","fire","4","","S","true","Fire Fang","Fusion Flare","","Fusion Flare","Exact-form GO Hub role recommendation","sourced","fire: Fire Fang + Fusion Flare *; dragon: Dragon Breath + Draco Meteor","https://db.pokemongohub.net/pokemon/643-Shadow","2026-10-10T17:34:11.561Z"
"reshiram_shadow","Reshiram (Shadow)","true","genderless","Raid","dragon","20","","A+","true","Dragon Breath","Draco Meteor","","","Exact-form GO Hub role recommendation","sourced","fire: Fire Fang + Fusion Flare *; dragon: Dragon Breath + Draco Meteor","https://db.pokemongohub.net/pokemon/643-Shadow","2026-10-10T17:34:11.561Z"
"rhyperior","Rhyperior","false","","Raid","rock","9","","S","true","Smack Down","Rock Wrecker","","Rock Wrecker","Exact-form GO Hub role recommendation","sourced","rock: Smack Down + Rock Wrecker *; ground: Mud-Slap + Earthquake","https://db.pokemongohub.net/pokemon/464","2026-10-10T17:34:11.723Z"
"rhyperior","Rhyperior","false","","Raid","ground","20","","A+","true","Mud-Slap","Earthquake","","","Exact-form GO Hub role recommendation","sourced","rock: Smack Down + Rock Wrecker *; ground: Mud-Slap + Earthquake","https://db.pokemongohub.net/pokemon/464","2026-10-10T17:34:11.723Z"
"rhyperior_shadow","Rhyperior (Shadow)","true","","Raid","rock","2","","S","true","Smack Down","Rock Wrecker","","Rock Wrecker","Exact-form GO Hub role recommendation","sourced","rock: Smack Down + Rock Wrecker *; ground: Mud-Slap + Earthquake","https://db.pokemongohub.net/pokemon/464-Shadow","2026-10-10T17:34:11.964Z"
"rhyperior_shadow","Rhyperior (Shadow)","true","","Raid","ground","8","","S","true","Mud-Slap","Earthquake","","","Exact-form GO Hub role recommendation","sourced","rock: Smack Down + Rock Wrecker *; ground: Mud-Slap + Earthquake","https://db.pokemongohub.net/pokemon/464-Shadow","2026-10-10T17:34:11.964Z"
"roserade","Roserade","false","","Raid","poison","9","","S","true","Poison Jab","Sludge Bomb","","","Exact-form GO Hub role recommendation","sourced","poison: Poison Jab + Sludge Bomb; grass: Magical Leaf + Grass Knot","https://db.pokemongohub.net/pokemon/407","2026-10-10T17:34:12.137Z"
"roserade","Roserade","false","","Raid","grass","17","","A+","true","Magical Leaf","Grass Knot","","","Exact-form GO Hub role recommendation","sourced","poison: Poison Jab + Sludge Bomb; grass: Magical Leaf + Grass Knot","https://db.pokemongohub.net/pokemon/407","2026-10-10T17:34:12.137Z"
"salamence_mega","Salamence (Mega)","false","","Raid","flying","8","","S","true","Fire Fang","Fly","","","Exact-form GO Hub role recommendation","sourced","flying: Fire Fang + Fly; dragon: Dragon Tail + Draco Meteor","https://db.pokemongohub.net/pokemon/373-Mega","2026-10-10T17:34:12.307Z"
"salamence_mega","Salamence (Mega)","false","","Raid","dragon","9","","S","true","Dragon Tail","Draco Meteor","","","Exact-form GO Hub role recommendation","sourced","flying: Fire Fang + Fly; dragon: Dragon Tail + Draco Meteor","https://db.pokemongohub.net/pokemon/373-Mega","2026-10-10T17:34:12.307Z"
"salamence_shadow","Salamence (Shadow)","true","","Raid","flying","6","","S","true","Fire Fang","Fly","","","Exact-form GO Hub role recommendation","sourced","flying: Fire Fang + Fly; dragon: Dragon Tail + Outrage *","https://db.pokemongohub.net/pokemon/373-Shadow","2026-10-10T17:34:12.913Z"
"salamence_shadow","Salamence (Shadow)","true","","Raid","dragon","12","","A+","true","Dragon Tail","Outrage","","Outrage","Exact-form GO Hub role recommendation","sourced","flying: Fire Fang + Fly; dragon: Dragon Tail + Outrage *","https://db.pokemongohub.net/pokemon/373-Shadow","2026-10-10T17:34:12.913Z"
"samurott","Samurott","false","","Raid","water","27","","A","true","Waterfall","Hydro Cannon","","Hydro Cannon","Exact-form GO Hub role recommendation","sourced","water: Waterfall + Hydro Cannon *","https://db.pokemongohub.net/pokemon/503","2026-10-10T17:34:12.725Z"
"samurott_shadow","Samurott (Shadow)","true","","Raid","water","12","","A+","true","Waterfall","Hydro Cannon","","Hydro Cannon","Exact-form GO Hub role recommendation","sourced","water: Waterfall + Hydro Cannon *","https://db.pokemongohub.net/pokemon/503-Shadow","2026-10-10T17:34:12.755Z"
"sceptile_mega","Sceptile (Mega)","false","","Raid","grass","2","","S","true","Fury Cutter","Frenzy Plant","","Frenzy Plant","Exact-form GO Hub role recommendation","sourced","grass: Fury Cutter + Frenzy Plant *","https://db.pokemongohub.net/pokemon/254-Mega","2026-10-10T17:34:13.482Z"
"sceptile_shadow","Sceptile (Shadow)","true","","Raid","grass","7","","S","true","Fury Cutter","Frenzy Plant","","Frenzy Plant","Exact-form GO Hub role recommendation","sourced","grass: Fury Cutter + Frenzy Plant *","https://db.pokemongohub.net/pokemon/254-Shadow","2026-10-10T17:34:13.478Z"
"scizor_mega","Scizor (Mega)","false","","Raid","bug","5","","S","true","Fury Cutter","X-Scissor","","","Exact-form GO Hub role recommendation","sourced","bug: Fury Cutter + X-Scissor","https://db.pokemongohub.net/pokemon/212-Mega","2026-10-10T17:34:13.316Z"
"scizor_shadow","Scizor (Shadow)","true","","Raid","bug","6","","S","true","Fury Cutter","X-Scissor","","","Exact-form GO Hub role recommendation","sourced","bug: Fury Cutter + X-Scissor","https://db.pokemongohub.net/pokemon/212-Shadow","2026-10-10T17:34:13.742Z"
"shaymin_sky","Shaymin (Sky)","false","genderless","Raid","grass","6","","S","true","Magical Leaf","Grass Knot","","","Exact-form GO Hub role recommendation","sourced","grass: Magical Leaf + Grass Knot","https://db.pokemongohub.net/pokemon/492-Sky","2026-10-10T17:34:13.906Z"
"skarmory_mega","Skarmory (Mega)","false","","Raid","flying","3","","S","true","Air Slash","Drill Peck+","","","Exact-form GO Hub role recommendation","sourced","flying: Air Slash + Drill Peck+; steel: Steel Wing + Drill Peck+","https://db.pokemongohub.net/pokemon/227-Mega","2026-10-10T17:34:13.932Z"
"skarmory_mega","Skarmory (Mega)","false","","Raid","steel","9","","S","true","Steel Wing","Drill Peck+","","","Exact-form GO Hub role recommendation","sourced","flying: Air Slash + Drill Peck+; steel: Steel Wing + Drill Peck+","https://db.pokemongohub.net/pokemon/227-Mega","2026-10-10T17:34:13.932Z"
"staraptor_mega","Staraptor (Mega)","false","","Raid","flying","2","","S","true","Gust","Brave Bird+","","Gust","Exact-form GO Hub role recommendation","sourced","flying: Gust * + Brave Bird+","https://db.pokemongohub.net/pokemon/398-Mega","2026-10-10T17:34:14.577Z"
"staraptor_shadow","Staraptor (Shadow)","true","","Raid","flying","9","","S","true","Gust","Fly","","Gust","Exact-form GO Hub role recommendation","sourced","flying: Gust * + Fly","https://db.pokemongohub.net/pokemon/398-Shadow","2026-10-10T17:34:14.337Z"
"staraptor_shadow","Staraptor (Shadow)","true","","Raid","normal","11","","A+","false","Quick Attack","Fly","","","Exact-form GO Hub role recommendation","Normal role excluded by app policy","flying: Gust * + Fly","https://db.pokemongohub.net/pokemon/398-Shadow","2026-10-10T17:34:14.337Z"
"starmie_mega","Starmie (Mega)","false","genderless","Raid","water","3","","S","true","Psywave","Liquidation+","","","Exact-form GO Hub role recommendation","sourced","water: Psywave + Liquidation+","https://db.pokemongohub.net/pokemon/121-Mega","2026-10-10T17:34:14.341Z"
"swampert_mega","Swampert (Mega)","false","","Raid","water","4","","S","true","Water Gun","Hydro Cannon","","Hydro Cannon","Exact-form GO Hub role recommendation","sourced","water: Water Gun + Hydro Cannon *; ground: Mud Shot + Earthquake","https://db.pokemongohub.net/pokemon/260-Mega","2026-10-10T17:34:14.967Z"
"swampert_mega","Swampert (Mega)","false","","Raid","ground","10","","S","true","Mud Shot","Earthquake","","","Exact-form GO Hub role recommendation","sourced","water: Water Gun + Hydro Cannon *; ground: Mud Shot + Earthquake","https://db.pokemongohub.net/pokemon/260-Mega","2026-10-10T17:34:14.967Z"
"swampert_shadow","Swampert (Shadow)","true","","Raid","water","10","","S","true","Water Gun","Hydro Cannon","","Hydro Cannon","Exact-form GO Hub role recommendation","sourced","water: Water Gun + Hydro Cannon *","https://db.pokemongohub.net/pokemon/260-Shadow","2026-10-10T17:34:15.159Z"
"sylveon","Sylveon","false","","Raid","fairy","26","","A","true","Charm","Dazzling Gleam","","","Exact-form GO Hub role recommendation","sourced","fairy: Charm + Dazzling Gleam","https://db.pokemongohub.net/pokemon/700","2026-10-10T17:34:14.993Z"
"tangrowth_shadow","Tangrowth (Shadow)","true","","Raid","grass","8","","S","true","Vine Whip","Power Whip","","","Exact-form GO Hub role recommendation","sourced","grass: Vine Whip + Power Whip","https://db.pokemongohub.net/pokemon/465-Shadow","2026-10-10T17:34:15.546Z"
"tapu_bulu","Tapu Bulu","false","genderless","Raid","fairy","10","","S","true","Bullet Seed","Nature's Madness","","Nature's Madness","Exact-form GO Hub role recommendation","sourced","fairy: Bullet Seed + Nature's Madness *","https://db.pokemongohub.net/pokemon/787","2026-10-10T17:34:15.575Z"
"tapu_koko","Tapu Koko","false","genderless","Raid","fairy","8","","S","true","Quick Attack","Nature's Madness","","Nature's Madness","Exact-form GO Hub role recommendation","sourced","fairy: Quick Attack + Nature's Madness *","https://db.pokemongohub.net/pokemon/785","2026-10-10T17:34:15.572Z"
"tapu_lele","Tapu Lele","false","genderless","Raid","fairy","7","","S","true","Astonish","Nature's Madness","","Nature's Madness","Exact-form GO Hub role recommendation","sourced","fairy: Astonish + Nature's Madness *","https://db.pokemongohub.net/pokemon/786","2026-10-10T17:34:16.188Z"
"togekiss","Togekiss","false","","Raid","fairy","16","","A+","true","Charm","Dazzling Gleam","","","Exact-form GO Hub role recommendation","sourced","fairy: Charm + Dazzling Gleam","https://db.pokemongohub.net/pokemon/468","2026-10-10T17:34:15.854Z"
"toucannon_shadow","Toucannon (Shadow)","true","","Raid","flying","7","","S","true","Peck","Beak Blast","","Beak Blast","Exact-form GO Hub role recommendation","sourced","flying: Peck + Beak Blast *","https://db.pokemongohub.net/pokemon/733-Shadow","2026-10-10T17:34:16.021Z"
"tsareena","Tsareena","false","female","Raid","grass","30","","A","true","Magical Leaf","Grass Knot","","","Exact-form GO Hub role recommendation","sourced","grass: Magical Leaf + Grass Knot","https://db.pokemongohub.net/pokemon/763","2026-10-10T17:34:16.586Z"
"typhlosion","Typhlosion","false","","Raid","fire","45","","C","false","Incinerate","Blast Burn","","Blast Burn","Exact-form GO Hub role recommendation","Below B-tier expansion cutoff","","https://db.pokemongohub.net/pokemon/157","2026-10-10T17:34:16.616Z"
"typhlosion","Typhlosion","false","","Raid","","","","budget","true","","","","","No qualifying sourced raid role","unverified","","input-csv",""
"typhlosion_shadow","Typhlosion (Shadow)","true","","Raid","fire","20","","A+","true","Incinerate","Blast Burn","","Blast Burn","Exact-form GO Hub role recommendation","sourced","fire: Incinerate + Blast Burn *","https://db.pokemongohub.net/pokemon/157-Shadow","2026-10-10T17:34:16.635Z"
"tyranitar_mega","Tyranitar (Mega)","false","","Raid","dark","3","","S","true","Bite","Brutal Swing","","","Exact-form GO Hub role recommendation","sourced","dark: Bite + Brutal Swing; rock: Smack Down * + Stone Edge","https://db.pokemongohub.net/pokemon/248-Mega","2026-10-10T17:34:16.875Z"
"tyranitar_mega","Tyranitar (Mega)","false","","Raid","rock","4","","S","true","Smack Down","Stone Edge","","Smack Down","Exact-form GO Hub role recommendation","sourced","dark: Bite + Brutal Swing; rock: Smack Down * + Stone Edge","https://db.pokemongohub.net/pokemon/248-Mega","2026-10-10T17:34:16.875Z"
"tyranitar_shadow","Tyranitar (Shadow)","true","","Raid","dark","7","","S","true","Bite","Brutal Swing","","","Exact-form GO Hub role recommendation","sourced","dark: Bite + Brutal Swing; rock: Smack Down * + Stone Edge","https://db.pokemongohub.net/pokemon/248-Shadow","2026-10-10T17:34:17.042Z"
"tyranitar_shadow","Tyranitar (Shadow)","true","","Raid","rock","8","","S","true","Smack Down","Stone Edge","","Smack Down","Exact-form GO Hub role recommendation","sourced","dark: Bite + Brutal Swing; rock: Smack Down * + Stone Edge","https://db.pokemongohub.net/pokemon/248-Shadow","2026-10-10T17:34:17.042Z"
"tyrantrum","Tyrantrum","false","","Raid","rock","17","","A+","true","Rock Throw","Meteor Beam","","","Exact-form GO Hub role recommendation","sourced","rock: Rock Throw + Meteor Beam","https://db.pokemongohub.net/pokemon/697","2026-10-10T17:34:17.065Z"
"tyrantrum_shadow","Tyrantrum (Shadow)","true","","Raid","rock","7","","S","true","Rock Throw","Meteor Beam","","","Exact-form GO Hub role recommendation","sourced","rock: Rock Throw + Meteor Beam","https://db.pokemongohub.net/pokemon/697-Shadow","2026-10-10T17:34:17.684Z"
"unfezant","Unfezant","false","","Raid","flying","44","","C","false","Air Slash","Sky Attack","","","Exact-form GO Hub role recommendation","Below B-tier expansion cutoff","","https://db.pokemongohub.net/pokemon/521","2026-10-10T17:34:17.473Z"
"unfezant","Unfezant","false","","Raid","","","","budget","true","","","","","No qualifying sourced raid role","unverified","","input-csv",""
"unfezant_shadow","Unfezant (Shadow)","true","","Raid","flying","27","","A","true","Air Slash","Sky Attack","","","Exact-form GO Hub role recommendation","sourced","flying: Air Slash + Sky Attack","https://db.pokemongohub.net/pokemon/521-Shadow","2026-10-10T17:34:17.316Z"
"venusaur_mega","Venusaur (Mega)","false","","Raid","grass","4","","S","true","Vine Whip","Frenzy Plant","","Frenzy Plant","Exact-form GO Hub role recommendation","sourced","grass: Vine Whip + Frenzy Plant *","https://db.pokemongohub.net/pokemon/3-Mega","2026-10-10T17:34:18.084Z"
"venusaur_shadow","Venusaur (Shadow)","true","","Raid","grass","9","","S","true","Vine Whip","Frenzy Plant","","Frenzy Plant","Exact-form GO Hub role recommendation","sourced","grass: Vine Whip + Frenzy Plant *","https://db.pokemongohub.net/pokemon/3-Shadow","2026-10-10T17:34:18.119Z"
"victreebel_mega","Victreebel (Mega)","false","","Raid","poison","1","","S","true","Acid","Acid Spray+","","","Exact-form GO Hub role recommendation","sourced","poison: Acid + Acid Spray+; grass: Magical Leaf * + Leaf Blade","https://db.pokemongohub.net/pokemon/71-Mega","2026-10-10T17:34:18.114Z"
"victreebel_mega","Victreebel (Mega)","false","","Raid","grass","12","","A+","true","Magical Leaf","Leaf Blade","","Magical Leaf","Exact-form GO Hub role recommendation","sourced","poison: Acid + Acid Spray+; grass: Magical Leaf * + Leaf Blade","https://db.pokemongohub.net/pokemon/71-Mega","2026-10-10T17:34:18.114Z"
"vikavolt_shadow","Vikavolt (Shadow)","true","","Raid","bug","4","","S","true","Bug Bite","X-Scissor","","","Exact-form GO Hub role recommendation","sourced","bug: Bug Bite + X-Scissor","https://db.pokemongohub.net/pokemon/738-Shadow","2026-10-10T17:34:18.385Z"
"volcarona","Volcarona","false","","Raid","bug","7","","S","true","Bug Bite","Bug Buzz","","","Exact-form GO Hub role recommendation","sourced","bug: Bug Bite + Bug Buzz","https://db.pokemongohub.net/pokemon/637","2026-10-10T17:34:18.581Z"
"weavile_shadow","Weavile (Shadow)","true","","Raid","ice","9","","S","true","Ice Shard","Triple Axel","","","Exact-form GO Hub role recommendation","sourced","ice: Ice Shard + Triple Axel; dark: Snarl + Foul Play","https://db.pokemongohub.net/pokemon/461-Shadow","2026-10-10T17:34:18.560Z"
"weavile_shadow","Weavile (Shadow)","true","","Raid","dark","12","","A+","true","Snarl","Foul Play","","","Exact-form GO Hub role recommendation","sourced","ice: Ice Shard + Triple Axel; dark: Snarl + Foul Play","https://db.pokemongohub.net/pokemon/461-Shadow","2026-10-10T17:34:18.560Z"
"xerneas","Xerneas","false","genderless","Raid","fairy","9","","S","true","Geomancy","Moonblast","","Geomancy","Exact-form GO Hub role recommendation","sourced","fairy: Geomancy * + Moonblast","https://db.pokemongohub.net/pokemon/716","2026-10-10T17:34:19.183Z"
"xurkitree","Xurkitree","false","genderless","Raid","electric","10","","S","true","Thunder Shock","Discharge","","","Exact-form GO Hub role recommendation","sourced","electric: Thunder Shock + Discharge","https://db.pokemongohub.net/pokemon/796","2026-10-10T17:34:19.002Z"
"zacian_crowned_sword","Zacian (Crowned Sword)","false","genderless","Raid","steel","1","","S","true","Metal Claw","Behemoth Blade","","","Exact-form GO Hub role recommendation","sourced","steel: Metal Claw + Behemoth Blade; fairy: Metal Claw + Play Rough","https://db.pokemongohub.net/pokemon/888-Crowned_Sword","2026-10-10T17:34:18.840Z"
"zacian_crowned_sword","Zacian (Crowned Sword)","false","genderless","Raid","fairy","2","","S","true","Metal Claw","Play Rough","","","Exact-form GO Hub role recommendation","sourced","steel: Metal Claw + Behemoth Blade; fairy: Metal Claw + Play Rough","https://db.pokemongohub.net/pokemon/888-Crowned_Sword","2026-10-10T17:34:18.840Z"
"zamazenta_crowned_shield","Zamazenta (Crowned Shield)","false","genderless","Raid","steel","2","","S","true","Metal Claw","Behemoth Bash","","","Exact-form GO Hub role recommendation","sourced","steel: Metal Claw + Behemoth Bash","https://db.pokemongohub.net/pokemon/889-Crowned_Shield","2026-10-10T17:34:19.582Z"
"zarude","Zarude","false","genderless","Raid","grass","10","","S","true","Vine Whip","Power Whip","","","Exact-form GO Hub role recommendation","sourced","grass: Vine Whip + Power Whip","https://db.pokemongohub.net/pokemon/893","2026-10-10T17:34:19.633Z"
"zeraora","Zeraora","false","genderless","Raid","electric","5","","S","true","Volt Switch","Plasma Fists","","","Exact-form GO Hub role recommendation","sourced","electric: Volt Switch + Plasma Fists","https://db.pokemongohub.net/pokemon/807","2026-10-10T17:34:19.614Z"
