"id","name","shadow","gender","role","attackingType","rank","previousRank","tier","includedInApp","fastMove","chargedMove1","chargedMove2","limitedMoves","verification","comparison","previousMoves","source","retrieved"
"abomasnow_shadow","Abomasnow (Shadow)","true","","GL","","196","196","","true","Powder Snow","Weather Ball (Ice)","Energy Ball","","Matched pinned PvPoke recommendation and exact-form move pool","unchanged","Powder Snow; Weather Ball (Ice); Energy Ball","https://github.com/pvpoke/pvpoke/blob/332d727a8649db56fa2ee73ee0b55feeb25127bb/src/data/rankings/all/overall/rankings-1500.json","2026-10-01T19:10:52.923Z"
"aegislash_shield","Aegislash (Shield)","false","","GL","","80","80","","true","Psycho Cut","Shadow Ball","Gyro Ball","","Matched pinned PvPoke recommendation and exact-form move pool","unchanged","Psycho Cut; Shadow Ball; Gyro Ball","https://github.com/pvpoke/pvpoke/blob/332d727a8649db56fa2ee73ee0b55feeb25127bb/src/data/rankings/all/overall/rankings-1500.json","2026-10-01T19:10:52.923Z"
"altaria","Altaria","false","","GL","","2","2","","true","Dragon Breath","Moonblast","Flamethrower","Moonblast","Matched pinned PvPoke recommendation and exact-form move pool","unchanged","Dragon Breath; Moonblast; Flamethrower","https://github.com/pvpoke/pvpoke/blob/332d727a8649db56fa2ee73ee0b55feeb25127bb/src/data/rankings/all/overall/rankings-1500.json","2026-10-01T19:10:52.923Z"
"altaria_shadow","Altaria (Shadow)","true","","GL","","9","9","","true","Dragon Breath","Moonblast","Flamethrower","Moonblast","Matched pinned PvPoke recommendation and exact-form move pool","unchanged","Dragon Breath; Moonblast; Flamethrower","https://github.com/pvpoke/pvpoke/blob/332d727a8649db56fa2ee73ee0b55feeb25127bb/src/data/rankings/all/overall/rankings-1500.json","2026-10-01T19:10:52.923Z"
"annihilape","Annihilape","false","","GL","","32","31","","true","Low Kick","Rage Fist","Ice Punch","Rage Fist","Matched pinned PvPoke recommendation and exact-form move pool","unchanged","Low Kick; Rage Fist; Ice Punch","https://github.com/pvpoke/pvpoke/blob/332d727a8649db56fa2ee73ee0b55feeb25127bb/src/data/rankings/all/overall/rankings-1500.json","2026-10-01T19:10:52.923Z"
"annihilape_shadow","Annihilape (Shadow)","true","","GL","","38","38","","true","Low Kick","Rage Fist","Ice Punch","Rage Fist","Matched pinned PvPoke recommendation and exact-form move pool","unchanged","Low Kick; Rage Fist; Ice Punch","https://github.com/pvpoke/pvpoke/blob/332d727a8649db56fa2ee73ee0b55feeb25127bb/src/data/rankings/all/overall/rankings-1500.json","2026-10-01T19:10:52.923Z"
"araquanid","Araquanid","false","","GL","","16","16","","true","Infestation","Water Pulse","Mirror Coat","","Matched pinned PvPoke recommendation and exact-form move pool","unchanged","Infestation; Water Pulse; Mirror Coat","https://github.com/pvpoke/pvpoke/blob/332d727a8649db56fa2ee73ee0b55feeb25127bb/src/data/rankings/all/overall/rankings-1500.json","2026-10-01T19:10:52.923Z"
"araquanid_shadow","Araquanid (Shadow)","true","","GL","","30","29","","true","Infestation","Water Pulse","Mirror Coat","","Matched pinned PvPoke recommendation and exact-form move pool","unchanged","Infestation; Water Pulse; Mirror Coat","https://github.com/pvpoke/pvpoke/blob/332d727a8649db56fa2ee73ee0b55feeb25127bb/src/data/rankings/all/overall/rankings-1500.json","2026-10-01T19:10:52.923Z"
"aromatisse","Aromatisse","false","","GL","","117","119","","true","Fairy Wind","Moonblast","Psyshock","","Matched pinned PvPoke recommendation and exact-form move pool","unchanged","Fairy Wind; Moonblast; Psyshock","https://github.com/pvpoke/pvpoke/blob/332d727a8649db56fa2ee73ee0b55feeb25127bb/src/data/rankings/all/overall/rankings-1500.json","2026-10-01T19:10:52.923Z"
"aurorus","Aurorus","false","","GL","","157","157","","true","Powder Snow","Weather Ball (Ice)","Meteor Beam","","Matched pinned PvPoke recommendation and exact-form move pool","unchanged","Powder Snow; Weather Ball (Ice); Meteor Beam","https://github.com/pvpoke/pvpoke/blob/332d727a8649db56fa2ee73ee0b55feeb25127bb/src/data/rankings/all/overall/rankings-1500.json","2026-10-01T19:10:52.923Z"
"azumarill","Azumarill","false","","GL","","33","32","","true","Bubble","Ice Beam","Play Rough","","Matched pinned PvPoke recommendation and exact-form move pool","unchanged","Bubble; Ice Beam; Play Rough","https://github.com/pvpoke/pvpoke/blob/332d727a8649db56fa2ee73ee0b55feeb25127bb/src/data/rankings/all/overall/rankings-1500.json","2026-10-01T19:10:52.923Z"
"bastiodon","Bastiodon","false","","GL","","168","168","","true","Smack Down","Stone Edge","Flamethrower","","Matched pinned PvPoke recommendation and exact-form move pool","unchanged","Smack Down; Stone Edge; Flamethrower","https://github.com/pvpoke/pvpoke/blob/332d727a8649db56fa2ee73ee0b55feeb25127bb/src/data/rankings/all/overall/rankings-1500.json","2026-10-01T19:10:52.923Z"
"bellibolt","Bellibolt","false","","GL","","112","112","","true","Thunder Shock","Zap Cannon","Parabolic Charge","","Matched pinned PvPoke recommendation and exact-form move pool","unchanged","Thunder Shock; Zap Cannon; Parabolic Charge","https://github.com/pvpoke/pvpoke/blob/332d727a8649db56fa2ee73ee0b55feeb25127bb/src/data/rankings/all/overall/rankings-1500.json","2026-10-01T19:10:52.923Z"
"blastoise","Blastoise","false","","GL","","58","58","","true","Bite","Hydro Cannon","Skull Bash","Hydro Cannon","Matched pinned PvPoke recommendation and exact-form move pool","unchanged","Bite; Hydro Cannon; Skull Bash","https://github.com/pvpoke/pvpoke/blob/332d727a8649db56fa2ee73ee0b55feeb25127bb/src/data/rankings/all/overall/rankings-1500.json","2026-10-01T19:10:52.923Z"
"blastoise_shadow","Blastoise (Shadow)","true","","GL","","182","180","","true","Bite","Hydro Cannon","Skull Bash","Hydro Cannon","Matched pinned PvPoke recommendation and exact-form move pool","unchanged","Bite; Hydro Cannon; Skull Bash","https://github.com/pvpoke/pvpoke/blob/332d727a8649db56fa2ee73ee0b55feeb25127bb/src/data/rankings/all/overall/rankings-1500.json","2026-10-01T19:10:52.923Z"
"bronzong","Bronzong","false","genderless","GL","","190","189","","true","Confusion","Psyshock","Bulldoze","","Matched pinned PvPoke recommendation and exact-form move pool","unchanged","Confusion; Psyshock; Bulldoze","https://github.com/pvpoke/pvpoke/blob/332d727a8649db56fa2ee73ee0b55feeb25127bb/src/data/rankings/all/overall/rankings-1500.json","2026-10-01T19:10:52.923Z"
"carbink","Carbink","false","genderless","GL","","47","46","","true","Rock Throw","Rock Slide","Moonblast","","Matched pinned PvPoke recommendation and exact-form move pool","unchanged","Rock Throw; Rock Slide; Moonblast","https://github.com/pvpoke/pvpoke/blob/332d727a8649db56fa2ee73ee0b55feeb25127bb/src/data/rankings/all/overall/rankings-1500.json","2026-10-01T19:10:52.923Z"
"castform_sunny","Castform (Sunny)","false","","GL","","105","107","","true","Ember","Weather Ball (Fire)","Solar Beam","","Matched pinned PvPoke recommendation and exact-form move pool","unchanged","Ember; Weather Ball (Fire); Solar Beam","https://github.com/pvpoke/pvpoke/blob/332d727a8649db56fa2ee73ee0b55feeb25127bb/src/data/rankings/all/overall/rankings-1500.json","2026-10-01T19:10:52.923Z"
"charizard_shadow","Charizard (Shadow)","true","","GL","","199","201","","true","Ember","Blast Burn","Air Cutter","Ember; Blast Burn","Matched pinned PvPoke recommendation and exact-form move pool","unchanged","Ember; Blast Burn; Air Cutter","https://github.com/pvpoke/pvpoke/blob/332d727a8649db56fa2ee73ee0b55feeb25127bb/src/data/rankings/all/overall/rankings-1500.json","2026-10-01T19:10:52.923Z"
"charjabug","Charjabug","false","","GL","","42","41","","true","Volt Switch","X-Scissor","Discharge","Volt Switch","Matched pinned PvPoke recommendation and exact-form move pool","unchanged","Volt Switch; X-Scissor; Discharge","https://github.com/pvpoke/pvpoke/blob/332d727a8649db56fa2ee73ee0b55feeb25127bb/src/data/rankings/all/overall/rankings-1500.json","2026-10-01T19:10:52.923Z"
"charjabug_shadow","Charjabug (Shadow)","true","","GL","","48","47","","true","Volt Switch","X-Scissor","Discharge","Volt Switch","Matched pinned PvPoke recommendation and exact-form move pool","unchanged","Volt Switch; X-Scissor; Discharge","https://github.com/pvpoke/pvpoke/blob/332d727a8649db56fa2ee73ee0b55feeb25127bb/src/data/rankings/all/overall/rankings-1500.json","2026-10-01T19:10:52.923Z"
"clefable","Clefable","false","","GL","","95","93","","true","Fairy Wind","Moonblast","Meteor Mash","","Matched pinned PvPoke recommendation and exact-form move pool","unchanged","Fairy Wind; Moonblast; Meteor Mash","https://github.com/pvpoke/pvpoke/blob/332d727a8649db56fa2ee73ee0b55feeb25127bb/src/data/rankings/all/overall/rankings-1500.json","2026-10-01T19:10:52.923Z"
"clodsire","Clodsire","false","","GL","","17","17","","true","Poison Sting","Earthquake","Stone Edge","","Matched pinned PvPoke recommendation and exact-form move pool","unchanged","Poison Sting; Earthquake; Stone Edge","https://github.com/pvpoke/pvpoke/blob/332d727a8649db56fa2ee73ee0b55feeb25127bb/src/data/rankings/all/overall/rankings-1500.json","2026-10-01T19:10:52.923Z"
"cofagrigus","Cofagrigus","false","","GL","","148","146","","true","Shadow Claw","Shadow Ball","Energy Ball","","Matched pinned PvPoke recommendation and exact-form move pool","unchanged","Shadow Claw; Shadow Ball; Energy Ball","https://github.com/pvpoke/pvpoke/blob/332d727a8649db56fa2ee73ee0b55feeb25127bb/src/data/rankings/all/overall/rankings-1500.json","2026-10-01T19:10:52.923Z"
"cofagrigus_shadow","Cofagrigus (Shadow)","true","","GL","","174","173","","true","Shadow Claw","Shadow Ball","Energy Ball","","Matched pinned PvPoke recommendation and exact-form move pool","unchanged","Shadow Claw; Shadow Ball; Energy Ball","https://github.com/pvpoke/pvpoke/blob/332d727a8649db56fa2ee73ee0b55feeb25127bb/src/data/rankings/all/overall/rankings-1500.json","2026-10-01T19:10:52.923Z"
"corsola_galarian","Corsola (Galarian)","false","","GL","","8","8","","true","Astonish","Night Shade","Power Gem","","Matched pinned PvPoke recommendation and exact-form move pool","unchanged","Astonish; Night Shade; Power Gem","https://github.com/pvpoke/pvpoke/blob/332d727a8649db56fa2ee73ee0b55feeb25127bb/src/data/rankings/all/overall/rankings-1500.json","2026-10-01T19:10:52.923Z"
"corviknight","Corviknight","false","","GL","","7","7","","true","Sand Attack","Air Cutter","Iron Head","Air Cutter; Iron Head","Matched pinned PvPoke recommendation and exact-form move pool","unchanged","Sand Attack; Air Cutter; Iron Head","https://github.com/pvpoke/pvpoke/blob/332d727a8649db56fa2ee73ee0b55feeb25127bb/src/data/rankings/all/overall/rankings-1500.json","2026-10-01T19:10:52.923Z"
"corviknight_shadow","Corviknight (Shadow)","true","","GL","","10","10","","true","Sand Attack","Air Cutter","Iron Head","Air Cutter; Iron Head","Matched pinned PvPoke recommendation and exact-form move pool","unchanged","Sand Attack; Air Cutter; Iron Head","https://github.com/pvpoke/pvpoke/blob/332d727a8649db56fa2ee73ee0b55feeb25127bb/src/data/rankings/all/overall/rankings-1500.json","2026-10-01T19:10:52.923Z"
"cradily","Cradily","false","","GL","","66","66","","true","Acid","Rock Tomb","Grass Knot","","Matched pinned PvPoke recommendation and exact-form move pool","unchanged","Acid; Rock Tomb; Grass Knot","https://github.com/pvpoke/pvpoke/blob/332d727a8649db56fa2ee73ee0b55feeb25127bb/src/data/rankings/all/overall/rankings-1500.json","2026-10-01T19:10:52.923Z"
"cramorant","Cramorant","false","","GL","","4","4","","true","Peck","Dive","Fly","","Matched pinned PvPoke recommendation and exact-form move pool","unchanged","Peck; Dive; Fly","https://github.com/pvpoke/pvpoke/blob/332d727a8649db56fa2ee73ee0b55feeb25127bb/src/data/rankings/all/overall/rankings-1500.json","2026-10-01T19:10:52.923Z"
"cresselia","Cresselia","false","female","GL","","122","123","","true","Psycho Cut","Grass Knot","Moonblast","Grass Knot","Matched pinned PvPoke recommendation and exact-form move pool","unchanged","Psycho Cut; Grass Knot; Moonblast","https://github.com/pvpoke/pvpoke/blob/332d727a8649db56fa2ee73ee0b55feeb25127bb/src/data/rankings/all/overall/rankings-1500.json","2026-10-01T19:10:52.923Z"
"crustle","Crustle","false","","GL","","144","143","","true","Fury Cutter","X-Scissor","Rock Wrecker","","Matched pinned PvPoke recommendation and exact-form move pool","unchanged","Fury Cutter; X-Scissor; Rock Wrecker","https://github.com/pvpoke/pvpoke/blob/332d727a8649db56fa2ee73ee0b55feeb25127bb/src/data/rankings/all/overall/rankings-1500.json","2026-10-01T19:10:52.923Z"
"dartrix","Dartrix","false","","GL","","186","187","","true","Peck","Brave Bird","Energy Ball","","Matched pinned PvPoke recommendation and exact-form move pool","unchanged","Peck; Brave Bird; Energy Ball","https://github.com/pvpoke/pvpoke/blob/332d727a8649db56fa2ee73ee0b55feeb25127bb/src/data/rankings/all/overall/rankings-1500.json","2026-10-01T19:10:52.923Z"
"deoxys_defense","Deoxys (Defense)","false","genderless","GL","","34","33","","true","Low Kick","Psycho Boost","Thunderbolt","","Matched pinned PvPoke recommendation and exact-form move pool","unchanged","Low Kick; Psycho Boost; Thunderbolt","https://github.com/pvpoke/pvpoke/blob/332d727a8649db56fa2ee73ee0b55feeb25127bb/src/data/rankings/all/overall/rankings-1500.json","2026-10-01T19:10:52.923Z"
"dewgong","Dewgong","false","","GL","","70","69","","true","Ice Shard","Icy Wind","Drill Run","Ice Shard; Icy Wind","Matched pinned PvPoke recommendation and exact-form move pool","unchanged","Ice Shard; Icy Wind; Drill Run","https://github.com/pvpoke/pvpoke/blob/332d727a8649db56fa2ee73ee0b55feeb25127bb/src/data/rankings/all/overall/rankings-1500.json","2026-10-01T19:10:52.923Z"
"dewott","Dewott","false","","GL","","183","181","","true","Fury Cutter","Aqua Tail","X-Scissor","","Matched pinned PvPoke recommendation and exact-form move pool","unchanged","Fury Cutter; Aqua Tail; X-Scissor","https://github.com/pvpoke/pvpoke/blob/332d727a8649db56fa2ee73ee0b55feeb25127bb/src/data/rankings/all/overall/rankings-1500.json","2026-10-01T19:10:52.923Z"
"diggersby","Diggersby","false","","GL","","59","59","","true","Mud Shot","Fire Punch","Scorching Sands","","Matched pinned PvPoke recommendation and exact-form move pool","unchanged","Mud Shot; Fire Punch; Scorching Sands","https://github.com/pvpoke/pvpoke/blob/332d727a8649db56fa2ee73ee0b55feeb25127bb/src/data/rankings/all/overall/rankings-1500.json","2026-10-01T19:10:52.923Z"
"dondozo","Dondozo","false","","GL","","49","49","","true","Waterfall","Surf","Outrage","","Matched pinned PvPoke recommendation and exact-form move pool","unchanged","Waterfall; Surf; Outrage","https://github.com/pvpoke/pvpoke/blob/332d727a8649db56fa2ee73ee0b55feeb25127bb/src/data/rankings/all/overall/rankings-1500.json","2026-10-01T19:10:52.923Z"
"doublade","Doublade","false","","GL","","75","74","","true","Shadow Claw","Sacred Sword","Iron Head","","Matched pinned PvPoke recommendation and exact-form move pool","unchanged","Shadow Claw; Sacred Sword; Iron Head","https://github.com/pvpoke/pvpoke/blob/332d727a8649db56fa2ee73ee0b55feeb25127bb/src/data/rankings/all/overall/rankings-1500.json","2026-10-01T19:10:52.923Z"
"dragalge","Dragalge","false","","GL","","149","151","","true","Acid","Aqua Tail","Outrage","","Matched pinned PvPoke recommendation and exact-form move pool","unchanged","Acid; Aqua Tail; Outrage","https://github.com/pvpoke/pvpoke/blob/332d727a8649db56fa2ee73ee0b55feeb25127bb/src/data/rankings/all/overall/rankings-1500.json","2026-10-01T19:10:52.923Z"
"dragonair","Dragonair","false","","GL","","86","85","","true","Dragon Breath","Aqua Tail","Dragon Pulse","","Matched pinned PvPoke recommendation and exact-form move pool","unchanged","Dragon Breath; Aqua Tail; Dragon Pulse","https://github.com/pvpoke/pvpoke/blob/332d727a8649db56fa2ee73ee0b55feeb25127bb/src/data/rankings/all/overall/rankings-1500.json","2026-10-01T19:10:52.923Z"
"dragonair_shadow","Dragonair (Shadow)","true","","GL","","67","67","","true","Dragon Breath","Wrap","Aqua Tail","","Matched pinned PvPoke recommendation and exact-form move pool","unchanged","Dragon Breath; Wrap; Aqua Tail","https://github.com/pvpoke/pvpoke/blob/332d727a8649db56fa2ee73ee0b55feeb25127bb/src/data/rankings/all/overall/rankings-1500.json","2026-10-01T19:10:52.923Z"
"dragonite_shadow","Dragonite (Shadow)","true","","GL","","191","190","","true","Dragon Breath","Thunder Punch","Superpower","","Matched pinned PvPoke recommendation and exact-form move pool","unchanged","Dragon Breath; Thunder Punch; Superpower","https://github.com/pvpoke/pvpoke/blob/332d727a8649db56fa2ee73ee0b55feeb25127bb/src/data/rankings/all/overall/rankings-1500.json","2026-10-01T19:10:52.923Z"
"drapion","Drapion","false","","GL","","118","115","","true","Poison Sting","Crunch","Aqua Tail","","Matched pinned PvPoke recommendation and exact-form move pool","unchanged","Poison Sting; Crunch; Aqua Tail","https://github.com/pvpoke/pvpoke/blob/332d727a8649db56fa2ee73ee0b55feeb25127bb/src/data/rankings/all/overall/rankings-1500.json","2026-10-01T19:10:52.923Z"
"drapion_shadow","Drapion (Shadow)","true","","GL","","100","99","","true","Poison Sting","Crunch","Aqua Tail","","Matched pinned PvPoke recommendation and exact-form move pool","unchanged","Poison Sting; Crunch; Aqua Tail","https://github.com/pvpoke/pvpoke/blob/332d727a8649db56fa2ee73ee0b55feeb25127bb/src/data/rankings/all/overall/rankings-1500.json","2026-10-01T19:10:52.923Z"
"dubwool","Dubwool","false","","GL","","163","161","","true","Take Down","Body Slam","Wild Charge","","Matched pinned PvPoke recommendation and exact-form move pool","unchanged","Take Down; Body Slam; Wild Charge","https://github.com/pvpoke/pvpoke/blob/332d727a8649db56fa2ee73ee0b55feeb25127bb/src/data/rankings/all/overall/rankings-1500.json","2026-10-01T19:10:52.923Z"
"dunsparce","Dunsparce","false","","GL","","83","82","","true","Bite","Drill Run","Rock Slide","","Matched pinned PvPoke recommendation and exact-form move pool","unchanged","Bite; Drill Run; Rock Slide","https://github.com/pvpoke/pvpoke/blob/332d727a8649db56fa2ee73ee0b55feeb25127bb/src/data/rankings/all/overall/rankings-1500.json","2026-10-01T19:10:52.923Z"
"dusclops","Dusclops","false","","GL","","77","76","","true","Hex","Ice Punch","Shadow Punch","","Matched pinned PvPoke recommendation and exact-form move pool","unchanged","Hex; Ice Punch; Shadow Punch","https://github.com/pvpoke/pvpoke/blob/332d727a8649db56fa2ee73ee0b55feeb25127bb/src/data/rankings/all/overall/rankings-1500.json","2026-10-01T19:10:52.923Z"
"dusclops_shadow","Dusclops (Shadow)","true","","GL","","71","70","","true","Hex","Ice Punch","Shadow Punch","","Matched pinned PvPoke recommendation and exact-form move pool","unchanged","Hex; Ice Punch; Shadow Punch","https://github.com/pvpoke/pvpoke/blob/332d727a8649db56fa2ee73ee0b55feeb25127bb/src/data/rankings/all/overall/rankings-1500.json","2026-10-01T19:10:52.923Z"
"dusknoir","Dusknoir","false","","GL","","96","94","","true","Astonish","Dynamic Punch","Shadow Punch","","Matched pinned PvPoke recommendation and exact-form move pool","unchanged","Astonish; Dynamic Punch; Shadow Punch","https://github.com/pvpoke/pvpoke/blob/332d727a8649db56fa2ee73ee0b55feeb25127bb/src/data/rankings/all/overall/rankings-1500.json","2026-10-01T19:10:52.923Z"
"dusknoir_shadow","Dusknoir (Shadow)","true","","GL","","76","75","","true","Astonish","Dynamic Punch","Shadow Punch","","Matched pinned PvPoke recommendation and exact-form move pool","unchanged","Astonish; Dynamic Punch; Shadow Punch","https://github.com/pvpoke/pvpoke/blob/332d727a8649db56fa2ee73ee0b55feeb25127bb/src/data/rankings/all/overall/rankings-1500.json","2026-10-01T19:10:52.923Z"
"electrode_hisuian","Electrode (Hisuian)","false","genderless","GL","","35","34","","true","Thunder Shock","Wild Charge","Energy Ball","","Matched pinned PvPoke recommendation and exact-form move pool","unchanged","Thunder Shock; Wild Charge; Energy Ball","https://github.com/pvpoke/pvpoke/blob/332d727a8649db56fa2ee73ee0b55feeb25127bb/src/data/rankings/all/overall/rankings-1500.json","2026-10-01T19:10:52.923Z"
"emolga","Emolga","false","","GL","","145","152","","true","Thunder Shock","Acrobatics","Discharge","","Matched pinned PvPoke recommendation and exact-form move pool","unchanged","Thunder Shock; Acrobatics; Discharge","https://github.com/pvpoke/pvpoke/blob/332d727a8649db56fa2ee73ee0b55feeb25127bb/src/data/rankings/all/overall/rankings-1500.json","2026-10-01T19:10:52.923Z"
"empoleon","Empoleon","false","","GL","","24","23","","true","Metal Sound","Hydro Cannon","Drill Peck","Hydro Cannon","Matched pinned PvPoke recommendation and exact-form move pool","unchanged","Metal Sound; Hydro Cannon; Drill Peck","https://github.com/pvpoke/pvpoke/blob/332d727a8649db56fa2ee73ee0b55feeb25127bb/src/data/rankings/all/overall/rankings-1500.json","2026-10-01T19:10:52.923Z"
"empoleon_shadow","Empoleon (Shadow)","true","","GL","","25","24","","true","Metal Sound","Hydro Cannon","Drill Peck","Hydro Cannon","Matched pinned PvPoke recommendation and exact-form move pool","unchanged","Metal Sound; Hydro Cannon; Drill Peck","https://github.com/pvpoke/pvpoke/blob/332d727a8649db56fa2ee73ee0b55feeb25127bb/src/data/rankings/all/overall/rankings-1500.json","2026-10-01T19:10:52.923Z"
"fearow","Fearow","false","","GL","","26","25","","true","Peck","Drill Peck","Drill Run","","Matched pinned PvPoke recommendation and exact-form move pool","unchanged","Peck; Drill Peck; Drill Run","https://github.com/pvpoke/pvpoke/blob/332d727a8649db56fa2ee73ee0b55feeb25127bb/src/data/rankings/all/overall/rankings-1500.json","2026-10-01T19:10:52.923Z"
"feraligatr","Feraligatr","false","","GL","","31","30","","true","Shadow Claw","Hydro Cannon","Ice Beam","Hydro Cannon","Matched pinned PvPoke recommendation and exact-form move pool","unchanged","Shadow Claw; Hydro Cannon; Ice Beam","https://github.com/pvpoke/pvpoke/blob/332d727a8649db56fa2ee73ee0b55feeb25127bb/src/data/rankings/all/overall/rankings-1500.json","2026-10-01T19:10:52.923Z"
"feraligatr_shadow","Feraligatr (Shadow)","true","","GL","","60","60","","true","Shadow Claw","Hydro Cannon","Ice Beam","Hydro Cannon","Matched pinned PvPoke recommendation and exact-form move pool","unchanged","Shadow Claw; Hydro Cannon; Ice Beam","https://github.com/pvpoke/pvpoke/blob/332d727a8649db56fa2ee73ee0b55feeb25127bb/src/data/rankings/all/overall/rankings-1500.json","2026-10-01T19:10:52.923Z"
"flamigo","Flamigo","false","","GL","","158","158","","true","Peck","Upper Hand","Brave Bird","","Matched pinned PvPoke recommendation and exact-form move pool","unchanged","Peck; Upper Hand; Brave Bird","https://github.com/pvpoke/pvpoke/blob/332d727a8649db56fa2ee73ee0b55feeb25127bb/src/data/rankings/all/overall/rankings-1500.json","2026-10-01T19:10:52.923Z"
"florges","Florges","false","female","GL","","11","11","","true","Fairy Wind","Chilling Water","Moonblast","Chilling Water","Matched pinned PvPoke recommendation and exact-form move pool","unchanged","Fairy Wind; Chilling Water; Moonblast","https://github.com/pvpoke/pvpoke/blob/332d727a8649db56fa2ee73ee0b55feeb25127bb/src/data/rankings/all/overall/rankings-1500.json","2026-10-01T19:10:52.923Z"
"forretress","Forretress","false","","GL","","54","53","","true","Volt Switch","Sand Tomb","Rock Tomb","","Matched pinned PvPoke recommendation and exact-form move pool","unchanged","Volt Switch; Sand Tomb; Rock Tomb","https://github.com/pvpoke/pvpoke/blob/332d727a8649db56fa2ee73ee0b55feeb25127bb/src/data/rankings/all/overall/rankings-1500.json","2026-10-01T19:10:52.923Z"
"forretress_shadow","Forretress (Shadow)","true","","GL","","50","48","","true","Volt Switch","Sand Tomb","Rock Tomb","","Matched pinned PvPoke recommendation and exact-form move pool","unchanged","Volt Switch; Sand Tomb; Rock Tomb","https://github.com/pvpoke/pvpoke/blob/332d727a8649db56fa2ee73ee0b55feeb25127bb/src/data/rankings/all/overall/rankings-1500.json","2026-10-01T19:10:52.923Z"
"furret","Furret","false","","GL","","44","43","","true","Sucker Punch","Swift","Trailblaze","","Matched pinned PvPoke recommendation and exact-form move pool","unchanged","Sucker Punch; Swift; Trailblaze","https://github.com/pvpoke/pvpoke/blob/332d727a8649db56fa2ee73ee0b55feeb25127bb/src/data/rankings/all/overall/rankings-1500.json","2026-10-01T19:10:52.923Z"
"giratina_altered_shadow","Giratina (Altered) (Shadow)","true","genderless","GL","","155","153","","true","Dragon Breath","Dragon Claw","Shadow Sneak","","Matched pinned PvPoke recommendation and exact-form move pool","unchanged","Dragon Breath; Dragon Claw; Shadow Sneak","https://github.com/pvpoke/pvpoke/blob/332d727a8649db56fa2ee73ee0b55feeb25127bb/src/data/rankings/all/overall/rankings-1500.json","2026-10-01T19:10:52.923Z"
"gligar","Gligar","false","","GL","","133","132","","true","Wing Attack","Night Slash","Dig","","Matched pinned PvPoke recommendation and exact-form move pool","unchanged","Wing Attack; Night Slash; Dig","https://github.com/pvpoke/pvpoke/blob/332d727a8649db56fa2ee73ee0b55feeb25127bb/src/data/rankings/all/overall/rankings-1500.json","2026-10-01T19:10:52.923Z"
"gligar_shadow","Gligar (Shadow)","true","","GL","","108","110","","true","Wing Attack","Night Slash","Dig","","Matched pinned PvPoke recommendation and exact-form move pool","unchanged","Wing Attack; Night Slash; Dig","https://github.com/pvpoke/pvpoke/blob/332d727a8649db56fa2ee73ee0b55feeb25127bb/src/data/rankings/all/overall/rankings-1500.json","2026-10-01T19:10:52.923Z"
"golisopod","Golisopod","false","","GL","","164","162","","true","Fury Cutter","X-Scissor","Aqua Jet","","Matched pinned PvPoke recommendation and exact-form move pool","unchanged","Fury Cutter; X-Scissor; Aqua Jet","https://github.com/pvpoke/pvpoke/blob/332d727a8649db56fa2ee73ee0b55feeb25127bb/src/data/rankings/all/overall/rankings-1500.json","2026-10-01T19:10:52.923Z"
"golisopod_shadow","Golisopod (Shadow)","true","","GL","","123","","","true","Fury Cutter","Aqua Jet","X-Scissor","","Matched pinned PvPoke recommendation and exact-form move pool","new","","https://github.com/pvpoke/pvpoke/blob/332d727a8649db56fa2ee73ee0b55feeb25127bb/src/data/rankings/all/overall/rankings-1500.json","2026-10-01T19:10:52.923Z"
"goodra","Goodra","false","","GL","","110","108","","true","Dragon Breath","Aqua Tail","Thunder Punch","Thunder Punch","Matched pinned PvPoke recommendation and exact-form move pool","unchanged","Dragon Breath; Aqua Tail; Thunder Punch","https://github.com/pvpoke/pvpoke/blob/332d727a8649db56fa2ee73ee0b55feeb25127bb/src/data/rankings/all/overall/rankings-1500.json","2026-10-01T19:10:52.923Z"
"gourgeist_average","Gourgeist (Average)","false","","GL","","97","95","","true","Incinerate","Shadow Ball","Seed Bomb","","Matched pinned PvPoke recommendation and exact-form move pool","unchanged","Incinerate; Shadow Ball; Seed Bomb","https://github.com/pvpoke/pvpoke/blob/332d727a8649db56fa2ee73ee0b55feeb25127bb/src/data/rankings/all/overall/rankings-1500.json","2026-10-01T19:10:52.923Z"
"gourgeist_large","Gourgeist (Large)","false","","GL","","87","88","","true","Incinerate","Shadow Ball","Seed Bomb","","Matched pinned PvPoke recommendation and exact-form move pool","unchanged","Incinerate; Shadow Ball; Seed Bomb","https://github.com/pvpoke/pvpoke/blob/332d727a8649db56fa2ee73ee0b55feeb25127bb/src/data/rankings/all/overall/rankings-1500.json","2026-10-01T19:10:52.923Z"
"gourgeist_small","Gourgeist (Small)","false","","GL","","103","102","","true","Incinerate","Shadow Ball","Seed Bomb","","Matched pinned PvPoke recommendation and exact-form move pool","unchanged","Incinerate; Shadow Ball; Seed Bomb","https://github.com/pvpoke/pvpoke/blob/332d727a8649db56fa2ee73ee0b55feeb25127bb/src/data/rankings/all/overall/rankings-1500.json","2026-10-01T19:10:52.923Z"
"gourgeist_super","Gourgeist (Super)","false","","GL","","91","90","","true","Incinerate","Shadow Ball","Seed Bomb","","Matched pinned PvPoke recommendation and exact-form move pool","unchanged","Incinerate; Shadow Ball; Seed Bomb","https://github.com/pvpoke/pvpoke/blob/332d727a8649db56fa2ee73ee0b55feeb25127bb/src/data/rankings/all/overall/rankings-1500.json","2026-10-01T19:10:52.923Z"
"greedent","Greedent","false","","GL","","187","184","","true","Bite","Body Slam","Trailblaze","","Matched pinned PvPoke recommendation and exact-form move pool","unchanged","Bite; Body Slam; Trailblaze","https://github.com/pvpoke/pvpoke/blob/332d727a8649db56fa2ee73ee0b55feeb25127bb/src/data/rankings/all/overall/rankings-1500.json","2026-10-01T19:10:52.923Z"
"greninja","Greninja","false","","GL","","192","191","","true","Water Shuriken","Hydro Cannon","Brutal Swing","Hydro Cannon","Matched pinned PvPoke recommendation and exact-form move pool","unchanged","Water Shuriken; Hydro Cannon; Brutal Swing","https://github.com/pvpoke/pvpoke/blob/332d727a8649db56fa2ee73ee0b55feeb25127bb/src/data/rankings/all/overall/rankings-1500.json","2026-10-01T19:10:52.923Z"
"greninja_shadow","Greninja (Shadow)","true","","GL","","131","128","","true","Water Shuriken","Hydro Cannon","Brutal Swing","Hydro Cannon","Matched pinned PvPoke recommendation and exact-form move pool","unchanged","Water Shuriken; Hydro Cannon; Brutal Swing","https://github.com/pvpoke/pvpoke/blob/332d727a8649db56fa2ee73ee0b55feeb25127bb/src/data/rankings/all/overall/rankings-1500.json","2026-10-01T19:10:52.923Z"
"grumpig","Grumpig","false","","GL","","92","91","","true","Psywave","Dynamic Punch","Shadow Ball","","Matched pinned PvPoke recommendation and exact-form move pool","unchanged","Psywave; Dynamic Punch; Shadow Ball","https://github.com/pvpoke/pvpoke/blob/332d727a8649db56fa2ee73ee0b55feeb25127bb/src/data/rankings/all/overall/rankings-1500.json","2026-10-01T19:10:52.923Z"
"guzzlord","Guzzlord","false","genderless","GL","","45","44","","true","Dragon Tail","Brutal Swing","Sludge Bomb","","Matched pinned PvPoke recommendation and exact-form move pool","unchanged","Dragon Tail; Brutal Swing; Sludge Bomb","https://github.com/pvpoke/pvpoke/blob/332d727a8649db56fa2ee73ee0b55feeb25127bb/src/data/rankings/all/overall/rankings-1500.json","2026-10-01T19:10:52.923Z"
"hakamo_o","Hakamo-o","false","","GL","","193","192","","true","Dragon Tail","Brick Break","Rock Tomb","","Matched pinned PvPoke recommendation and exact-form move pool","unchanged","Dragon Tail; Brick Break; Rock Tomb","https://github.com/pvpoke/pvpoke/blob/332d727a8649db56fa2ee73ee0b55feeb25127bb/src/data/rankings/all/overall/rankings-1500.json","2026-10-01T19:10:52.923Z"
"hippowdon","Hippowdon","false","","GL","","51","50","","true","Sand Attack","Weather Ball (Rock)","Earth Power","","Matched pinned PvPoke recommendation and exact-form move pool","unchanged","Sand Attack; Weather Ball (Rock); Earth Power","https://github.com/pvpoke/pvpoke/blob/332d727a8649db56fa2ee73ee0b55feeb25127bb/src/data/rankings/all/overall/rankings-1500.json","2026-10-01T19:10:52.923Z"
"hippowdon_shadow","Hippowdon (Shadow)","true","","GL","","61","61","","true","Sand Attack","Weather Ball (Rock)","Earth Power","","Matched pinned PvPoke recommendation and exact-form move pool","unchanged","Sand Attack; Weather Ball (Rock); Earth Power","https://github.com/pvpoke/pvpoke/blob/332d727a8649db56fa2ee73ee0b55feeb25127bb/src/data/rankings/all/overall/rankings-1500.json","2026-10-01T19:10:52.923Z"
"houndoom_shadow","Houndoom (Shadow)","true","","GL","","146","144","","true","Incinerate","Foul Play","Trailblaze","","Matched pinned PvPoke recommendation and exact-form move pool","unchanged","Incinerate; Foul Play; Trailblaze","https://github.com/pvpoke/pvpoke/blob/332d727a8649db56fa2ee73ee0b55feeb25127bb/src/data/rankings/all/overall/rankings-1500.json","2026-10-01T19:10:52.923Z"
"hydreigon","Hydreigon","false","","GL","","74","103","","true","Dragon Breath","Brutal Swing","Fly","Brutal Swing","Matched pinned PvPoke recommendation and exact-form move pool","unchanged","Dragon Breath; Brutal Swing; Fly","https://github.com/pvpoke/pvpoke/blob/332d727a8649db56fa2ee73ee0b55feeb25127bb/src/data/rankings/all/overall/rankings-1500.json","2026-10-01T19:10:52.923Z"
"hydreigon_shadow","Hydreigon (Shadow)","true","","GL","","18","56","","true","Dragon Breath","Brutal Swing","Fly","Brutal Swing","Matched pinned PvPoke recommendation and exact-form move pool","unchanged","Dragon Breath; Brutal Swing; Fly","https://github.com/pvpoke/pvpoke/blob/332d727a8649db56fa2ee73ee0b55feeb25127bb/src/data/rankings/all/overall/rankings-1500.json","2026-10-01T19:10:52.923Z"
"jellicent","Jellicent","false","","GL","","23","22","","true","Hex","Surf","Shadow Ball","","Matched pinned PvPoke recommendation and exact-form move pool","unchanged","Hex; Surf; Shadow Ball","https://github.com/pvpoke/pvpoke/blob/332d727a8649db56fa2ee73ee0b55feeb25127bb/src/data/rankings/all/overall/rankings-1500.json","2026-10-01T19:10:52.923Z"
"jumpluff","Jumpluff","false","","GL","","56","55","","true","Fairy Wind","Energy Ball","Acrobatics","Acrobatics","Matched pinned PvPoke recommendation and exact-form move pool","unchanged","Fairy Wind; Energy Ball; Acrobatics","https://github.com/pvpoke/pvpoke/blob/332d727a8649db56fa2ee73ee0b55feeb25127bb/src/data/rankings/all/overall/rankings-1500.json","2026-10-01T19:10:52.923Z"
"jumpluff_shadow","Jumpluff (Shadow)","true","","GL","","81","81","","true","Fairy Wind","Energy Ball","Acrobatics","Acrobatics","Matched pinned PvPoke recommendation and exact-form move pool","unchanged","Fairy Wind; Energy Ball; Acrobatics","https://github.com/pvpoke/pvpoke/blob/332d727a8649db56fa2ee73ee0b55feeb25127bb/src/data/rankings/all/overall/rankings-1500.json","2026-10-01T19:10:52.923Z"
"kingdra","Kingdra","false","","GL","","57","57","","true","Dragon Breath","Surf","Swift","","Matched pinned PvPoke recommendation and exact-form move pool","unchanged","Dragon Breath; Surf; Swift","https://github.com/pvpoke/pvpoke/blob/332d727a8649db56fa2ee73ee0b55feeb25127bb/src/data/rankings/all/overall/rankings-1500.json","2026-10-01T19:10:52.923Z"
"kingdra_shadow","Kingdra (Shadow)","true","","GL","","62","62","","true","Dragon Breath","Surf","Swift","","Matched pinned PvPoke recommendation and exact-form move pool","unchanged","Dragon Breath; Surf; Swift","https://github.com/pvpoke/pvpoke/blob/332d727a8649db56fa2ee73ee0b55feeb25127bb/src/data/rankings/all/overall/rankings-1500.json","2026-10-01T19:10:52.923Z"
"klefki","Klefki","false","","GL","","139","136","","true","Astonish","Foul Play","Draining Kiss","","Matched pinned PvPoke recommendation and exact-form move pool","unchanged","Astonish; Foul Play; Draining Kiss","https://github.com/pvpoke/pvpoke/blob/332d727a8649db56fa2ee73ee0b55feeb25127bb/src/data/rankings/all/overall/rankings-1500.json","2026-10-01T19:10:52.923Z"
"kommo_o","Kommo-o","false","","GL","","169","169","","true","Dragon Tail","Clanging Scales","Upper Hand","Clanging Scales","Matched pinned PvPoke recommendation and exact-form move pool","unchanged","Dragon Tail; Clanging Scales; Upper Hand","https://github.com/pvpoke/pvpoke/blob/332d727a8649db56fa2ee73ee0b55feeb25127bb/src/data/rankings/all/overall/rankings-1500.json","2026-10-01T19:10:52.923Z"
"lapras","Lapras","false","","GL","","39","39","","true","Psywave","Sparkling Aria","Ice Beam","Ice Beam","Matched pinned PvPoke recommendation and exact-form move pool","unchanged","Psywave; Sparkling Aria; Ice Beam","https://github.com/pvpoke/pvpoke/blob/332d727a8649db56fa2ee73ee0b55feeb25127bb/src/data/rankings/all/overall/rankings-1500.json","2026-10-01T19:10:52.923Z"
"lapras_shadow","Lapras (Shadow)","true","","GL","","63","63","","true","Psywave","Sparkling Aria","Ice Beam","Ice Beam","Matched pinned PvPoke recommendation and exact-form move pool","unchanged","Psywave; Sparkling Aria; Ice Beam","https://github.com/pvpoke/pvpoke/blob/332d727a8649db56fa2ee73ee0b55feeb25127bb/src/data/rankings/all/overall/rankings-1500.json","2026-10-01T19:10:52.923Z"
"latias","Latias","false","female","GL","","184","185","","true","Dragon Breath","Aura Sphere","Mist Ball","Mist Ball","Matched pinned PvPoke recommendation and exact-form move pool","unchanged","Dragon Breath; Aura Sphere; Mist Ball","https://github.com/pvpoke/pvpoke/blob/332d727a8649db56fa2ee73ee0b55feeb25127bb/src/data/rankings/all/overall/rankings-1500.json","2026-10-01T19:10:52.923Z"
"ledian","Ledian","false","","GL","","150","147","","true","Rollout","Dynamic Punch","Acrobatics","","Matched pinned PvPoke recommendation and exact-form move pool","unchanged","Rollout; Dynamic Punch; Acrobatics","https://github.com/pvpoke/pvpoke/blob/332d727a8649db56fa2ee73ee0b55feeb25127bb/src/data/rankings/all/overall/rankings-1500.json","2026-10-01T19:10:52.923Z"
"lickilicky","Lickilicky","false","","GL","","129","129","","true","Rollout","Body Slam","Shadow Ball","Body Slam","Matched pinned PvPoke recommendation and exact-form move pool","unchanged","Rollout; Body Slam; Shadow Ball","https://github.com/pvpoke/pvpoke/blob/332d727a8649db56fa2ee73ee0b55feeb25127bb/src/data/rankings/all/overall/rankings-1500.json","2026-10-01T19:10:52.923Z"
"lickitung","Lickitung","false","","GL","","175","170","","true","Lick","Body Slam","Power Whip","Body Slam","Matched pinned PvPoke recommendation and exact-form move pool","unchanged","Lick; Body Slam; Power Whip","https://github.com/pvpoke/pvpoke/blob/332d727a8649db56fa2ee73ee0b55feeb25127bb/src/data/rankings/all/overall/rankings-1500.json","2026-10-01T19:10:52.923Z"
"lopunny","Lopunny","false","","GL","","197","198","","true","Low Kick","Thunder Punch","Triple Axel","","Matched pinned PvPoke recommendation and exact-form move pool","unchanged","Low Kick; Thunder Punch; Triple Axel","https://github.com/pvpoke/pvpoke/blob/332d727a8649db56fa2ee73ee0b55feeb25127bb/src/data/rankings/all/overall/rankings-1500.json","2026-10-01T19:10:52.923Z"
"ludicolo","Ludicolo","false","","GL","","178","178","","true","Astonish","Weather Ball (Water)","Energy Ball","","Matched pinned PvPoke recommendation and exact-form move pool","unchanged","Astonish; Weather Ball (Water); Energy Ball","https://github.com/pvpoke/pvpoke/blob/332d727a8649db56fa2ee73ee0b55feeb25127bb/src/data/rankings/all/overall/rankings-1500.json","2026-10-01T19:10:52.923Z"
"lumineon","Lumineon","false","","GL","","188","193","","true","Gust","Aqua Tail","Silver Wind","","Matched pinned PvPoke recommendation and exact-form move pool","unchanged","Gust; Aqua Tail; Silver Wind","https://github.com/pvpoke/pvpoke/blob/332d727a8649db56fa2ee73ee0b55feeb25127bb/src/data/rankings/all/overall/rankings-1500.json","2026-10-01T19:10:52.923Z"
"machamp_shadow","Machamp (Shadow)","true","","GL","","194","194","","true","Karate Chop","Cross Chop","Rock Slide","Karate Chop","Matched pinned PvPoke recommendation and exact-form move pool","unchanged","Karate Chop; Cross Chop; Rock Slide","https://github.com/pvpoke/pvpoke/blob/332d727a8649db56fa2ee73ee0b55feeb25127bb/src/data/rankings/all/overall/rankings-1500.json","2026-10-01T19:10:52.923Z"
"malamar","Malamar","false","","GL","","43","42","","true","Psywave","Superpower","Foul Play","","Matched pinned PvPoke recommendation and exact-form move pool","unchanged","Psywave; Superpower; Foul Play","https://github.com/pvpoke/pvpoke/blob/332d727a8649db56fa2ee73ee0b55feeb25127bb/src/data/rankings/all/overall/rankings-1500.json","2026-10-01T19:10:52.923Z"
"malamar_shadow","Malamar (Shadow)","true","","GL","","46","45","","true","Psywave","Foul Play","Superpower","","Matched pinned PvPoke recommendation and exact-form move pool","unchanged","Psywave; Foul Play; Superpower","https://github.com/pvpoke/pvpoke/blob/332d727a8649db56fa2ee73ee0b55feeb25127bb/src/data/rankings/all/overall/rankings-1500.json","2026-10-01T19:10:52.923Z"
"mandibuzz","Mandibuzz","false","female","GL","","52","51","","true","Snarl","Dark Pulse","Shadow Ball","","Matched pinned PvPoke recommendation and exact-form move pool","unchanged","Snarl; Dark Pulse; Shadow Ball","https://github.com/pvpoke/pvpoke/blob/332d727a8649db56fa2ee73ee0b55feeb25127bb/src/data/rankings/all/overall/rankings-1500.json","2026-10-01T19:10:52.923Z"
"mantine","Mantine","false","","GL","","27","26","","true","Wing Attack","Twister","Water Pulse","","Matched pinned PvPoke recommendation and exact-form move pool","unchanged","Wing Attack; Twister; Water Pulse","https://github.com/pvpoke/pvpoke/blob/332d727a8649db56fa2ee73ee0b55feeb25127bb/src/data/rankings/all/overall/rankings-1500.json","2026-10-01T19:10:52.923Z"
"marowak","Marowak","false","","GL","","20","19","","true","Mud Slap","Bone Club","Rock Slide","","Matched pinned PvPoke recommendation and exact-form move pool","unchanged","Mud Slap; Bone Club; Rock Slide","https://github.com/pvpoke/pvpoke/blob/332d727a8649db56fa2ee73ee0b55feeb25127bb/src/data/rankings/all/overall/rankings-1500.json","2026-10-01T19:10:52.923Z"
"marowak_alolan","Marowak (Alolan)","false","","GL","","170","174","","true","Fire Spin","Bone Club","Shadow Bone","Shadow Bone","Matched pinned PvPoke recommendation and exact-form move pool","unchanged","Fire Spin; Bone Club; Shadow Bone","https://github.com/pvpoke/pvpoke/blob/332d727a8649db56fa2ee73ee0b55feeb25127bb/src/data/rankings/all/overall/rankings-1500.json","2026-10-01T19:10:52.923Z"
"marowak_alolan_shadow","Marowak (Alolan) (Shadow)","true","","GL","","176","175","","true","Fire Spin","Shadow Bone","Bone Club","Shadow Bone","Matched pinned PvPoke recommendation and exact-form move pool","unchanged","Fire Spin; Shadow Bone; Bone Club","https://github.com/pvpoke/pvpoke/blob/332d727a8649db56fa2ee73ee0b55feeb25127bb/src/data/rankings/all/overall/rankings-1500.json","2026-10-01T19:10:52.923Z"
"marowak_shadow","Marowak (Shadow)","true","","GL","","82","77","","true","Mud Slap","Bone Club","Rock Slide","","Matched pinned PvPoke recommendation and exact-form move pool","unchanged","Mud Slap; Bone Club; Rock Slide","https://github.com/pvpoke/pvpoke/blob/332d727a8649db56fa2ee73ee0b55feeb25127bb/src/data/rankings/all/overall/rankings-1500.json","2026-10-01T19:10:52.923Z"
"maushold","Maushold","false","genderless","GL","","177","176","","true","Take Down","Swift","Crunch","","Matched pinned PvPoke recommendation and exact-form move pool","unchanged","Take Down; Swift; Crunch","https://github.com/pvpoke/pvpoke/blob/332d727a8649db56fa2ee73ee0b55feeb25127bb/src/data/rankings/all/overall/rankings-1500.json","2026-10-01T19:10:52.923Z"
"mawile","Mawile","false","","GL","","151","154","","true","Fairy Wind","Vise Grip","Iron Head","","Matched pinned PvPoke recommendation and exact-form move pool","unchanged","Fairy Wind; Vise Grip; Iron Head","https://github.com/pvpoke/pvpoke/blob/332d727a8649db56fa2ee73ee0b55feeb25127bb/src/data/rankings/all/overall/rankings-1500.json","2026-10-01T19:10:52.923Z"
"medicham","Medicham","false","","GL","","55","54","","true","Psycho Cut","Ice Punch","Dynamic Punch","","Matched pinned PvPoke recommendation and exact-form move pool","unchanged","Psycho Cut; Ice Punch; Dynamic Punch","https://github.com/pvpoke/pvpoke/blob/332d727a8649db56fa2ee73ee0b55feeb25127bb/src/data/rankings/all/overall/rankings-1500.json","2026-10-01T19:10:52.923Z"
"melmetal","Melmetal","false","genderless","GL","","1","1","","true","Thunder Shock","Double Iron Bash","Dynamic Punch","Double Iron Bash","Matched pinned PvPoke recommendation and exact-form move pool","unchanged","Thunder Shock; Double Iron Bash; Dynamic Punch","https://github.com/pvpoke/pvpoke/blob/332d727a8649db56fa2ee73ee0b55feeb25127bb/src/data/rankings/all/overall/rankings-1500.json","2026-10-01T19:10:52.923Z"
"metang","Metang","false","genderless","GL","","165","164","","true","Fury Cutter","Psyshock","Gyro Ball","","Matched pinned PvPoke recommendation and exact-form move pool","unchanged","Fury Cutter; Psyshock; Gyro Ball","https://github.com/pvpoke/pvpoke/blob/332d727a8649db56fa2ee73ee0b55feeb25127bb/src/data/rankings/all/overall/rankings-1500.json","2026-10-01T19:10:52.923Z"
"metang_shadow","Metang (Shadow)","true","genderless","GL","","159","159","","true","Fury Cutter","Psyshock","Gyro Ball","","Matched pinned PvPoke recommendation and exact-form move pool","unchanged","Fury Cutter; Psyshock; Gyro Ball","https://github.com/pvpoke/pvpoke/blob/332d727a8649db56fa2ee73ee0b55feeb25127bb/src/data/rankings/all/overall/rankings-1500.json","2026-10-01T19:10:52.923Z"
"milotic","Milotic","false","","GL","","128","126","","true","Waterfall","Aqua Tail","Wrap","","Matched pinned PvPoke recommendation and exact-form move pool","unchanged","Waterfall; Aqua Tail; Wrap","https://github.com/pvpoke/pvpoke/blob/332d727a8649db56fa2ee73ee0b55feeb25127bb/src/data/rankings/all/overall/rankings-1500.json","2026-10-01T19:10:52.923Z"
"milotic_shadow","Milotic (Shadow)","true","","GL","","147","145","","true","Waterfall","Aqua Tail","Wrap","","Matched pinned PvPoke recommendation and exact-form move pool","unchanged","Waterfall; Aqua Tail; Wrap","https://github.com/pvpoke/pvpoke/blob/332d727a8649db56fa2ee73ee0b55feeb25127bb/src/data/rankings/all/overall/rankings-1500.json","2026-10-01T19:10:52.923Z"
"miltank","Miltank","false","female","GL","","111","111","","true","Rollout","Body Slam","High Horsepower","","Matched pinned PvPoke recommendation and exact-form move pool","unchanged","Rollout; Body Slam; High Horsepower","https://github.com/pvpoke/pvpoke/blob/332d727a8649db56fa2ee73ee0b55feeb25127bb/src/data/rankings/all/overall/rankings-1500.json","2026-10-01T19:10:52.923Z"
"mimikyu","Mimikyu","false","","GL","","6","6","","true","Shadow Claw","Shadow Sneak","Play Rough","","Matched pinned PvPoke recommendation and exact-form move pool","unchanged","Shadow Claw; Shadow Sneak; Play Rough","https://github.com/pvpoke/pvpoke/blob/332d727a8649db56fa2ee73ee0b55feeb25127bb/src/data/rankings/all/overall/rankings-1500.json","2026-10-01T19:10:52.923Z"
"moltres_galarian","Moltres (Galarian)","false","genderless","GL","","72","71","","true","Sucker Punch","Fly","Brave Bird","","Matched pinned PvPoke recommendation and exact-form move pool","unchanged","Sucker Punch; Fly; Brave Bird","https://github.com/pvpoke/pvpoke/blob/332d727a8649db56fa2ee73ee0b55feeb25127bb/src/data/rankings/all/overall/rankings-1500.json","2026-10-01T19:10:52.923Z"
"morgrem","Morgrem","false","male","GL","","124","121","","true","Sucker Punch","Foul Play","Play Rough","","Matched pinned PvPoke recommendation and exact-form move pool","unchanged","Sucker Punch; Foul Play; Play Rough","https://github.com/pvpoke/pvpoke/blob/332d727a8649db56fa2ee73ee0b55feeb25127bb/src/data/rankings/all/overall/rankings-1500.json","2026-10-01T19:10:52.923Z"
"morpeko_full_belly","Morpeko (Full Belly)","false","","GL","","53","52","","true","Thunder Shock","Aura Wheel","Psychic Fangs","","Matched pinned PvPoke recommendation and exact-form move pool","unchanged","Thunder Shock; Aura Wheel; Psychic Fangs","https://github.com/pvpoke/pvpoke/blob/332d727a8649db56fa2ee73ee0b55feeb25127bb/src/data/rankings/all/overall/rankings-1500.json","2026-10-01T19:10:52.923Z"
"muk_alolan","Muk (Alolan)","false","","GL","","101","100","","true","Poison Jab","Brutal Swing","Ice Punch","","Matched pinned PvPoke recommendation and exact-form move pool","unchanged","Poison Jab; Brutal Swing; Ice Punch","https://github.com/pvpoke/pvpoke/blob/332d727a8649db56fa2ee73ee0b55feeb25127bb/src/data/rankings/all/overall/rankings-1500.json","2026-10-01T19:10:52.923Z"
"muk_alolan_shadow","Muk (Alolan) (Shadow)","true","","GL","","113","116","","true","Poison Jab","Brutal Swing","Ice Punch","","Matched pinned PvPoke recommendation and exact-form move pool","unchanged","Poison Jab; Brutal Swing; Ice Punch","https://github.com/pvpoke/pvpoke/blob/332d727a8649db56fa2ee73ee0b55feeb25127bb/src/data/rankings/all/overall/rankings-1500.json","2026-10-01T19:10:52.923Z"
"murkrow_shadow","Murkrow (Shadow)","true","","GL","","126","127","","true","Peck","Drill Peck","Foul Play","","Matched pinned PvPoke recommendation and exact-form move pool","unchanged","Peck; Drill Peck; Foul Play","https://github.com/pvpoke/pvpoke/blob/332d727a8649db56fa2ee73ee0b55feeb25127bb/src/data/rankings/all/overall/rankings-1500.json","2026-10-01T19:10:52.923Z"
"ninetales","Ninetales","false","","GL","","13","13","","true","Ember","Weather Ball (Fire)","Energy Ball","Ember; Energy Ball","Matched pinned PvPoke recommendation and exact-form move pool","unchanged","Ember; Weather Ball (Fire); Energy Ball","https://github.com/pvpoke/pvpoke/blob/332d727a8649db56fa2ee73ee0b55feeb25127bb/src/data/rankings/all/overall/rankings-1500.json","2026-10-01T19:10:52.923Z"
"ninetales_alolan","Ninetales (Alolan)","false","","GL","","68","68","","true","Powder Snow","Weather Ball (Ice)","Chilling Water","Chilling Water","Matched pinned PvPoke recommendation and exact-form move pool","unchanged","Powder Snow; Weather Ball (Ice); Chilling Water","https://github.com/pvpoke/pvpoke/blob/332d727a8649db56fa2ee73ee0b55feeb25127bb/src/data/rankings/all/overall/rankings-1500.json","2026-10-01T19:10:52.923Z"
"ninetales_alolan_shadow","Ninetales (Alolan) (Shadow)","true","","GL","","73","73","","true","Powder Snow","Weather Ball (Ice)","Chilling Water","Chilling Water","Matched pinned PvPoke recommendation and exact-form move pool","unchanged","Powder Snow; Weather Ball (Ice); Chilling Water","https://github.com/pvpoke/pvpoke/blob/332d727a8649db56fa2ee73ee0b55feeb25127bb/src/data/rankings/all/overall/rankings-1500.json","2026-10-01T19:10:52.923Z"
"ninetales_shadow","Ninetales (Shadow)","true","","GL","","3","3","","true","Ember","Weather Ball (Fire)","Energy Ball","Ember; Energy Ball","Matched pinned PvPoke recommendation and exact-form move pool","unchanged","Ember; Weather Ball (Fire); Energy Ball","https://github.com/pvpoke/pvpoke/blob/332d727a8649db56fa2ee73ee0b55feeb25127bb/src/data/rankings/all/overall/rankings-1500.json","2026-10-01T19:10:52.923Z"
"oinkologne_female","Oinkologne (Female)","false","female","GL","","114","113","","true","Take Down","Body Slam","Trailblaze","","Matched pinned PvPoke recommendation and exact-form move pool","unchanged","Take Down; Body Slam; Trailblaze","https://github.com/pvpoke/pvpoke/blob/332d727a8649db56fa2ee73ee0b55feeb25127bb/src/data/rankings/all/overall/rankings-1500.json","2026-10-01T19:10:52.923Z"
"oranguru","Oranguru","false","","GL","","98","96","","true","Confusion","Brutal Swing","Trailblaze","","Matched pinned PvPoke recommendation and exact-form move pool","unchanged","Confusion; Brutal Swing; Trailblaze","https://github.com/pvpoke/pvpoke/blob/332d727a8649db56fa2ee73ee0b55feeb25127bb/src/data/rankings/all/overall/rankings-1500.json","2026-10-01T19:10:52.923Z"
"orthworm","Orthworm","false","","GL","","135","133","","true","Mud Slap","Rock Tomb","Iron Head","","Matched pinned PvPoke recommendation and exact-form move pool","unchanged","Mud Slap; Rock Tomb; Iron Head","https://github.com/pvpoke/pvpoke/blob/332d727a8649db56fa2ee73ee0b55feeb25127bb/src/data/rankings/all/overall/rankings-1500.json","2026-10-01T19:10:52.923Z"
"pachirisu","Pachirisu","false","","GL","","65","65","","true","Volt Switch","Thunderbolt","Thunder Punch","","Matched pinned PvPoke recommendation and exact-form move pool","unchanged","Volt Switch; Thunderbolt; Thunder Punch","https://github.com/pvpoke/pvpoke/blob/332d727a8649db56fa2ee73ee0b55feeb25127bb/src/data/rankings/all/overall/rankings-1500.json","2026-10-01T19:10:52.923Z"
"pelipper","Pelipper","false","","GL","","120","120","","true","Wing Attack","Weather Ball (Water)","Hurricane","","Matched pinned PvPoke recommendation and exact-form move pool","unchanged","Wing Attack; Weather Ball (Water); Hurricane","https://github.com/pvpoke/pvpoke/blob/332d727a8649db56fa2ee73ee0b55feeb25127bb/src/data/rankings/all/overall/rankings-1500.json","2026-10-01T19:10:52.923Z"
"persian","Persian","false","","GL","","119","118","","true","Scratch","Night Slash","Power Gem","Night Slash","Matched pinned PvPoke recommendation and exact-form move pool","unchanged","Scratch; Night Slash; Power Gem","https://github.com/pvpoke/pvpoke/blob/332d727a8649db56fa2ee73ee0b55feeb25127bb/src/data/rankings/all/overall/rankings-1500.json","2026-10-01T19:10:52.923Z"
"persian_shadow","Persian (Shadow)","true","","GL","","152","148","","true","Scratch","Night Slash","Power Gem","Night Slash","Matched pinned PvPoke recommendation and exact-form move pool","unchanged","Scratch; Night Slash; Power Gem","https://github.com/pvpoke/pvpoke/blob/332d727a8649db56fa2ee73ee0b55feeb25127bb/src/data/rankings/all/overall/rankings-1500.json","2026-10-01T19:10:52.923Z"
"piloswine","Piloswine","false","","GL","","130","130","","true","Powder Snow","Icicle Spear","High Horsepower","","Matched pinned PvPoke recommendation and exact-form move pool","unchanged","Powder Snow; Icicle Spear; High Horsepower","https://github.com/pvpoke/pvpoke/blob/332d727a8649db56fa2ee73ee0b55feeb25127bb/src/data/rankings/all/overall/rankings-1500.json","2026-10-01T19:10:52.923Z"
"politoed","Politoed","false","","GL","","140","138","","true","Mud Shot","Weather Ball (Water)","Ice Beam","Ice Beam","Matched pinned PvPoke recommendation and exact-form move pool","unchanged","Mud Shot; Weather Ball (Water); Ice Beam","https://github.com/pvpoke/pvpoke/blob/332d727a8649db56fa2ee73ee0b55feeb25127bb/src/data/rankings/all/overall/rankings-1500.json","2026-10-01T19:10:52.923Z"
"politoed_shadow","Politoed (Shadow)","true","","GL","","127","124","","true","Mud Shot","Weather Ball (Water)","Ice Beam","Ice Beam","Matched pinned PvPoke recommendation and exact-form move pool","unchanged","Mud Shot; Weather Ball (Water); Ice Beam","https://github.com/pvpoke/pvpoke/blob/332d727a8649db56fa2ee73ee0b55feeb25127bb/src/data/rankings/all/overall/rankings-1500.json","2026-10-01T19:10:52.923Z"
"quagsire","Quagsire","false","","GL","","14","14","","true","Mud Shot","Aqua Tail","Stone Edge","Aqua Tail","Matched pinned PvPoke recommendation and exact-form move pool","unchanged","Mud Shot; Aqua Tail; Stone Edge","https://github.com/pvpoke/pvpoke/blob/332d727a8649db56fa2ee73ee0b55feeb25127bb/src/data/rankings/all/overall/rankings-1500.json","2026-10-01T19:10:52.923Z"
"quagsire_shadow","Quagsire (Shadow)","true","","GL","","12","12","","true","Mud Shot","Aqua Tail","Stone Edge","Aqua Tail","Matched pinned PvPoke recommendation and exact-form move pool","unchanged","Mud Shot; Aqua Tail; Stone Edge","https://github.com/pvpoke/pvpoke/blob/332d727a8649db56fa2ee73ee0b55feeb25127bb/src/data/rankings/all/overall/rankings-1500.json","2026-10-01T19:10:52.923Z"
"qwilfish_hisuian","Qwilfish (Hisuian)","false","","GL","","171","171","","true","Poison Sting","Aqua Tail","Dark Pulse","","Matched pinned PvPoke recommendation and exact-form move pool","unchanged","Poison Sting; Aqua Tail; Dark Pulse","https://github.com/pvpoke/pvpoke/blob/332d727a8649db56fa2ee73ee0b55feeb25127bb/src/data/rankings/all/overall/rankings-1500.json","2026-10-01T19:10:52.923Z"
"qwilfish_shadow","Qwilfish (Shadow)","true","","GL","","172","177","","true","Poison Sting","Aqua Tail","Shadow Ball","","Matched pinned PvPoke recommendation and exact-form move pool","unchanged","Poison Sting; Aqua Tail; Shadow Ball","https://github.com/pvpoke/pvpoke/blob/332d727a8649db56fa2ee73ee0b55feeb25127bb/src/data/rankings/all/overall/rankings-1500.json","2026-10-01T19:10:52.923Z"
"raichu","Raichu","false","","GL","","173","165","","true","Volt Switch","Volt Tackle","Trailblaze","","Matched pinned PvPoke recommendation and exact-form move pool","unchanged","Volt Switch; Volt Tackle; Trailblaze","https://github.com/pvpoke/pvpoke/blob/332d727a8649db56fa2ee73ee0b55feeb25127bb/src/data/rankings/all/overall/rankings-1500.json","2026-10-01T19:10:52.923Z"
"raikou","Raikou","false","genderless","GL","","160","155","","true","Thunder Shock","Wild Charge","Aura Sphere","","Matched pinned PvPoke recommendation and exact-form move pool","unchanged","Thunder Shock; Wild Charge; Aura Sphere","https://github.com/pvpoke/pvpoke/blob/332d727a8649db56fa2ee73ee0b55feeb25127bb/src/data/rankings/all/overall/rankings-1500.json","2026-10-01T19:10:52.923Z"
"regidrago","Regidrago","false","genderless","GL","","94","97","","true","Dragon Breath","Dragon Energy","Vise Grip","Dragon Breath; Dragon Energy","Matched pinned PvPoke recommendation and exact-form move pool","unchanged","Dragon Breath; Dragon Energy; Vise Grip","https://github.com/pvpoke/pvpoke/blob/332d727a8649db56fa2ee73ee0b55feeb25127bb/src/data/rankings/all/overall/rankings-1500.json","2026-10-01T19:10:52.923Z"
"registeel","Registeel","false","genderless","GL","","88","89","","true","Lock On","Flash Cannon","Focus Blast","","Matched pinned PvPoke recommendation and exact-form move pool","unchanged","Lock On; Flash Cannon; Focus Blast","https://github.com/pvpoke/pvpoke/blob/332d727a8649db56fa2ee73ee0b55feeb25127bb/src/data/rankings/all/overall/rankings-1500.json","2026-10-01T19:10:52.923Z"
"rillaboom","Rillaboom","false","","GL","","36","35","","true","Scratch","Drum Beating","Earth Power","","Matched pinned PvPoke recommendation and exact-form move pool","unchanged","Scratch; Drum Beating; Earth Power","https://github.com/pvpoke/pvpoke/blob/332d727a8649db56fa2ee73ee0b55feeb25127bb/src/data/rankings/all/overall/rankings-1500.json","2026-10-01T19:10:52.923Z"
"runerigus","Runerigus","false","","GL","","198","199","","true","Shadow Claw","Shadow Ball","Rock Tomb","","Matched pinned PvPoke recommendation and exact-form move pool","unchanged","Shadow Claw; Shadow Ball; Rock Tomb","https://github.com/pvpoke/pvpoke/blob/332d727a8649db56fa2ee73ee0b55feeb25127bb/src/data/rankings/all/overall/rankings-1500.json","2026-10-01T19:10:52.923Z"
"sableye","Sableye","false","","GL","","37","36","","true","Shadow Claw","Foul Play","Power Gem","","Matched pinned PvPoke recommendation and exact-form move pool","unchanged","Shadow Claw; Foul Play; Power Gem","https://github.com/pvpoke/pvpoke/blob/332d727a8649db56fa2ee73ee0b55feeb25127bb/src/data/rankings/all/overall/rankings-1500.json","2026-10-01T19:10:52.923Z"
"sableye_shadow","Sableye (Shadow)","true","","GL","","19","18","","true","Shadow Claw","Foul Play","Drain Punch","","Matched pinned PvPoke recommendation and exact-form move pool","unchanged","Shadow Claw; Foul Play; Drain Punch","https://github.com/pvpoke/pvpoke/blob/332d727a8649db56fa2ee73ee0b55feeb25127bb/src/data/rankings/all/overall/rankings-1500.json","2026-10-01T19:10:52.923Z"
"samurott","Samurott","false","","GL","","106","105","","true","Fury Cutter","Hydro Cannon","Megahorn","Hydro Cannon","Matched pinned PvPoke recommendation and exact-form move pool","unchanged","Fury Cutter; Hydro Cannon; Megahorn","https://github.com/pvpoke/pvpoke/blob/332d727a8649db56fa2ee73ee0b55feeb25127bb/src/data/rankings/all/overall/rankings-1500.json","2026-10-01T19:10:52.923Z"
"sandslash_alolan","Sandslash (Alolan)","false","","GL","","142","141","","true","Powder Snow","Ice Punch","Drill Run","","Matched pinned PvPoke recommendation and exact-form move pool","unchanged","Powder Snow; Ice Punch; Drill Run","https://github.com/pvpoke/pvpoke/blob/332d727a8649db56fa2ee73ee0b55feeb25127bb/src/data/rankings/all/overall/rankings-1500.json","2026-10-01T19:10:52.923Z"
"sandslash_alolan_shadow","Sandslash (Alolan) (Shadow)","true","","GL","","180","182","","true","Powder Snow","Ice Punch","Drill Run","","Matched pinned PvPoke recommendation and exact-form move pool","unchanged","Powder Snow; Ice Punch; Drill Run","https://github.com/pvpoke/pvpoke/blob/332d727a8649db56fa2ee73ee0b55feeb25127bb/src/data/rankings/all/overall/rankings-1500.json","2026-10-01T19:10:52.923Z"
"seaking","Seaking","false","","GL","","107","106","","true","Peck","Drill Run","Icy Wind","Drill Run; Icy Wind","Matched pinned PvPoke recommendation and exact-form move pool","unchanged","Peck; Drill Run; Icy Wind","https://github.com/pvpoke/pvpoke/blob/332d727a8649db56fa2ee73ee0b55feeb25127bb/src/data/rankings/all/overall/rankings-1500.json","2026-10-01T19:10:52.923Z"
"sealeo","Sealeo","false","","GL","","99","98","","true","Powder Snow","Surf","Body Slam","","Matched pinned PvPoke recommendation and exact-form move pool","unchanged","Powder Snow; Surf; Body Slam","https://github.com/pvpoke/pvpoke/blob/332d727a8649db56fa2ee73ee0b55feeb25127bb/src/data/rankings/all/overall/rankings-1500.json","2026-10-01T19:10:52.923Z"
"sealeo_shadow","Sealeo (Shadow)","true","","GL","","156","156","","true","Powder Snow","Surf","Body Slam","","Matched pinned PvPoke recommendation and exact-form move pool","unchanged","Powder Snow; Surf; Body Slam","https://github.com/pvpoke/pvpoke/blob/332d727a8649db56fa2ee73ee0b55feeb25127bb/src/data/rankings/all/overall/rankings-1500.json","2026-10-01T19:10:52.923Z"
"seismitoad","Seismitoad","false","","GL","","84","83","","true","Mud Shot","Earth Power","Icy Wind","","Matched pinned PvPoke recommendation and exact-form move pool","unchanged","Mud Shot; Earth Power; Icy Wind","https://github.com/pvpoke/pvpoke/blob/332d727a8649db56fa2ee73ee0b55feeb25127bb/src/data/rankings/all/overall/rankings-1500.json","2026-10-01T19:10:52.923Z"
"shelgon","Shelgon","false","","GL","","116","117","","true","Dragon Breath","Twister","Flamethrower","","Matched pinned PvPoke recommendation and exact-form move pool","unchanged","Dragon Breath; Twister; Flamethrower","https://github.com/pvpoke/pvpoke/blob/332d727a8649db56fa2ee73ee0b55feeb25127bb/src/data/rankings/all/overall/rankings-1500.json","2026-10-01T19:10:52.923Z"
"shelgon_shadow","Shelgon (Shadow)","true","","GL","","93","92","","true","Dragon Breath","Twister","Flamethrower","","Matched pinned PvPoke recommendation and exact-form move pool","unchanged","Dragon Breath; Twister; Flamethrower","https://github.com/pvpoke/pvpoke/blob/332d727a8649db56fa2ee73ee0b55feeb25127bb/src/data/rankings/all/overall/rankings-1500.json","2026-10-01T19:10:52.923Z"
"skarmory","Skarmory","false","","GL","","185","186","","true","Air Slash","Brave Bird","Drill Run","","Matched pinned PvPoke recommendation and exact-form move pool","unchanged","Air Slash; Brave Bird; Drill Run","https://github.com/pvpoke/pvpoke/blob/332d727a8649db56fa2ee73ee0b55feeb25127bb/src/data/rankings/all/overall/rankings-1500.json","2026-10-01T19:10:52.923Z"
"sliggoo","Sliggoo","false","","GL","","132","131","","true","Dragon Breath","Body Slam","Dragon Pulse","","Matched pinned PvPoke recommendation and exact-form move pool","unchanged","Dragon Breath; Body Slam; Dragon Pulse","https://github.com/pvpoke/pvpoke/blob/332d727a8649db56fa2ee73ee0b55feeb25127bb/src/data/rankings/all/overall/rankings-1500.json","2026-10-01T19:10:52.923Z"
"snorlax","Snorlax","false","","GL","","28","27","","true","Psywave","Body Slam","Earthquake","","Matched pinned PvPoke recommendation and exact-form move pool","unchanged","Psywave; Body Slam; Earthquake","https://github.com/pvpoke/pvpoke/blob/332d727a8649db56fa2ee73ee0b55feeb25127bb/src/data/rankings/all/overall/rankings-1500.json","2026-10-01T19:10:52.923Z"
"snorlax_shadow","Snorlax (Shadow)","true","","GL","","40","40","","true","Psywave","Body Slam","Superpower","","Matched pinned PvPoke recommendation and exact-form move pool","unchanged","Psywave; Body Slam; Superpower","https://github.com/pvpoke/pvpoke/blob/332d727a8649db56fa2ee73ee0b55feeb25127bb/src/data/rankings/all/overall/rankings-1500.json","2026-10-01T19:10:52.923Z"
"spidops","Spidops","false","","GL","","69","72","","true","Shadow Claw","Lunge","Rock Tomb","","Matched pinned PvPoke recommendation and exact-form move pool","unchanged","Shadow Claw; Lunge; Rock Tomb","https://github.com/pvpoke/pvpoke/blob/332d727a8649db56fa2ee73ee0b55feeb25127bb/src/data/rankings/all/overall/rankings-1500.json","2026-10-01T19:10:52.923Z"
"spiritomb","Spiritomb","false","","GL","","141","139","","true","Sucker Punch","Rock Tomb","Shadow Ball","","Matched pinned PvPoke recommendation and exact-form move pool","unchanged","Sucker Punch; Rock Tomb; Shadow Ball","https://github.com/pvpoke/pvpoke/blob/332d727a8649db56fa2ee73ee0b55feeb25127bb/src/data/rankings/all/overall/rankings-1500.json","2026-10-01T19:10:52.923Z"
"steelix","Steelix","false","","GL","","136","134","","true","Thunder Fang","Psychic Fangs","Crunch","","Matched pinned PvPoke recommendation and exact-form move pool","unchanged","Thunder Fang; Psychic Fangs; Crunch","https://github.com/pvpoke/pvpoke/blob/332d727a8649db56fa2ee73ee0b55feeb25127bb/src/data/rankings/all/overall/rankings-1500.json","2026-10-01T19:10:52.923Z"
"steelix_shadow","Steelix (Shadow)","true","","GL","","89","87","","true","Thunder Fang","Psychic Fangs","Crunch","","Matched pinned PvPoke recommendation and exact-form move pool","unchanged","Thunder Fang; Psychic Fangs; Crunch","https://github.com/pvpoke/pvpoke/blob/332d727a8649db56fa2ee73ee0b55feeb25127bb/src/data/rankings/all/overall/rankings-1500.json","2026-10-01T19:10:52.923Z"
"stunfisk","Stunfisk","false","","GL","","21","20","","true","Thunder Shock","Mud Bomb","Discharge","","Matched pinned PvPoke recommendation and exact-form move pool","unchanged","Thunder Shock; Mud Bomb; Discharge","https://github.com/pvpoke/pvpoke/blob/332d727a8649db56fa2ee73ee0b55feeb25127bb/src/data/rankings/all/overall/rankings-1500.json","2026-10-01T19:10:52.923Z"
"stunfisk_galarian","Stunfisk (Galarian)","false","","GL","","90","86","","true","Mud Shot","Rock Slide","Earthquake","","Matched pinned PvPoke recommendation and exact-form move pool","unchanged","Mud Shot; Rock Slide; Earthquake","https://github.com/pvpoke/pvpoke/blob/332d727a8649db56fa2ee73ee0b55feeb25127bb/src/data/rankings/all/overall/rankings-1500.json","2026-10-01T19:10:52.923Z"
"swalot","Swalot","false","","GL","","153","149","","true","Infestation","Sludge","Ice Beam","","Matched pinned PvPoke recommendation and exact-form move pool","unchanged","Infestation; Sludge; Ice Beam","https://github.com/pvpoke/pvpoke/blob/332d727a8649db56fa2ee73ee0b55feeb25127bb/src/data/rankings/all/overall/rankings-1500.json","2026-10-01T19:10:52.923Z"
"swampert","Swampert","false","","GL","","78","78","","true","Mud Shot","Hydro Cannon","Earthquake","Hydro Cannon","Matched pinned PvPoke recommendation and exact-form move pool","unchanged","Mud Shot; Hydro Cannon; Earthquake","https://github.com/pvpoke/pvpoke/blob/332d727a8649db56fa2ee73ee0b55feeb25127bb/src/data/rankings/all/overall/rankings-1500.json","2026-10-01T19:10:52.923Z"
"swampert_shadow","Swampert (Shadow)","true","","GL","","79","79","","true","Mud Shot","Hydro Cannon","Earthquake","Hydro Cannon","Matched pinned PvPoke recommendation and exact-form move pool","unchanged","Mud Shot; Hydro Cannon; Earthquake","https://github.com/pvpoke/pvpoke/blob/332d727a8649db56fa2ee73ee0b55feeb25127bb/src/data/rankings/all/overall/rankings-1500.json","2026-10-01T19:10:52.923Z"
"talonflame","Talonflame","false","","GL","","85","84","","true","Incinerate","Fly","Brave Bird","Incinerate","Matched pinned PvPoke recommendation and exact-form move pool","unchanged","Incinerate; Fly; Brave Bird","https://github.com/pvpoke/pvpoke/blob/332d727a8649db56fa2ee73ee0b55feeb25127bb/src/data/rankings/all/overall/rankings-1500.json","2026-10-01T19:10:52.923Z"
"talonflame_shadow","Talonflame (Shadow)","true","","GL","","104","104","","true","Incinerate","Flame Charge","Fly","Incinerate","Matched pinned PvPoke recommendation and exact-form move pool","unchanged","Incinerate; Flame Charge; Fly","https://github.com/pvpoke/pvpoke/blob/332d727a8649db56fa2ee73ee0b55feeb25127bb/src/data/rankings/all/overall/rankings-1500.json","2026-10-01T19:10:52.923Z"
"tentacruel","Tentacruel","false","","GL","","189","195","","true","Acid","Scald","Payback","","Matched pinned PvPoke recommendation and exact-form move pool","unchanged","Acid; Scald; Payback","https://github.com/pvpoke/pvpoke/blob/332d727a8649db56fa2ee73ee0b55feeb25127bb/src/data/rankings/all/overall/rankings-1500.json","2026-10-01T19:10:52.923Z"
"thievul","Thievul","false","","GL","","15","15","","true","Sucker Punch","Night Slash","Icy Wind","Icy Wind","Matched pinned PvPoke recommendation and exact-form move pool","unchanged","Sucker Punch; Night Slash; Icy Wind","https://github.com/pvpoke/pvpoke/blob/332d727a8649db56fa2ee73ee0b55feeb25127bb/src/data/rankings/all/overall/rankings-1500.json","2026-10-01T19:10:52.923Z"
"throh","Throh","false","male","GL","","195","188","","true","Low Kick","Brick Break","Body Slam","","Matched pinned PvPoke recommendation and exact-form move pool","unchanged","Low Kick; Brick Break; Body Slam","https://github.com/pvpoke/pvpoke/blob/332d727a8649db56fa2ee73ee0b55feeb25127bb/src/data/rankings/all/overall/rankings-1500.json","2026-10-01T19:10:52.923Z"
"tinkaton","Tinkaton","false","female","GL","","5","5","","true","Fairy Wind","Gigaton Hammer","Bulldoze","Gigaton Hammer","Matched pinned PvPoke recommendation and exact-form move pool","unchanged","Fairy Wind; Gigaton Hammer; Bulldoze","https://github.com/pvpoke/pvpoke/blob/332d727a8649db56fa2ee73ee0b55feeb25127bb/src/data/rankings/all/overall/rankings-1500.json","2026-10-01T19:10:52.923Z"
"togekiss","Togekiss","false","","GL","","161","166","","true","Peck","Psyshock","Aura Sphere","Aura Sphere","Matched pinned PvPoke recommendation and exact-form move pool","unchanged","Peck; Psyshock; Aura Sphere","https://github.com/pvpoke/pvpoke/blob/332d727a8649db56fa2ee73ee0b55feeb25127bb/src/data/rankings/all/overall/rankings-1500.json","2026-10-01T19:10:52.923Z"
"togetic","Togetic","false","","GL","","166","172","","true","Fairy Wind","Heat Wave","Draining Kiss","","Matched pinned PvPoke recommendation and exact-form move pool","unchanged","Fairy Wind; Heat Wave; Draining Kiss","https://github.com/pvpoke/pvpoke/blob/332d727a8649db56fa2ee73ee0b55feeb25127bb/src/data/rankings/all/overall/rankings-1500.json","2026-10-01T19:10:52.923Z"
"torkoal","Torkoal","false","","GL","","125","125","","true","Ember","Flame Wheel","Overheat","","Matched pinned PvPoke recommendation and exact-form move pool","unchanged","Ember; Flame Wheel; Overheat","https://github.com/pvpoke/pvpoke/blob/332d727a8649db56fa2ee73ee0b55feeb25127bb/src/data/rankings/all/overall/rankings-1500.json","2026-10-01T19:10:52.923Z"
"toucannon","Toucannon","false","","GL","","134","137","","true","Peck","Beak Blast","Drill Peck","Beak Blast","Matched pinned PvPoke recommendation and exact-form move pool","unchanged","Peck; Beak Blast; Drill Peck","https://github.com/pvpoke/pvpoke/blob/332d727a8649db56fa2ee73ee0b55feeb25127bb/src/data/rankings/all/overall/rankings-1500.json","2026-10-01T19:10:52.923Z"
"toucannon_shadow","Toucannon (Shadow)","true","","GL","","138","140","","true","Peck","Beak Blast","Drill Peck","Beak Blast","Matched pinned PvPoke recommendation and exact-form move pool","unchanged","Peck; Beak Blast; Drill Peck","https://github.com/pvpoke/pvpoke/blob/332d727a8649db56fa2ee73ee0b55feeb25127bb/src/data/rankings/all/overall/rankings-1500.json","2026-10-01T19:10:52.923Z"
"toxapex","Toxapex","false","","GL","","115","114","","true","Bite","Brine","Sludge Wave","","Matched pinned PvPoke recommendation and exact-form move pool","unchanged","Bite; Brine; Sludge Wave","https://github.com/pvpoke/pvpoke/blob/332d727a8649db56fa2ee73ee0b55feeb25127bb/src/data/rankings/all/overall/rankings-1500.json","2026-10-01T19:10:52.923Z"
"turtonator","Turtonator","false","","GL","","64","64","","true","Incinerate","Brutal Swing","Dragon Claw","","Matched pinned PvPoke recommendation and exact-form move pool","unchanged","Incinerate; Brutal Swing; Dragon Claw","https://github.com/pvpoke/pvpoke/blob/332d727a8649db56fa2ee73ee0b55feeb25127bb/src/data/rankings/all/overall/rankings-1500.json","2026-10-01T19:10:52.923Z"
"umbreon","Umbreon","false","","GL","","29","28","","true","Snarl","Dark Pulse","Last Resort","Last Resort","Matched pinned PvPoke recommendation and exact-form move pool","unchanged","Snarl; Dark Pulse; Last Resort","https://github.com/pvpoke/pvpoke/blob/332d727a8649db56fa2ee73ee0b55feeb25127bb/src/data/rankings/all/overall/rankings-1500.json","2026-10-01T19:10:52.923Z"
"ursaluna","Ursaluna","false","","GL","","162","160","","true","Scratch","Thunder Punch","High Horsepower","High Horsepower","Matched pinned PvPoke recommendation and exact-form move pool","unchanged","Scratch; Thunder Punch; High Horsepower","https://github.com/pvpoke/pvpoke/blob/332d727a8649db56fa2ee73ee0b55feeb25127bb/src/data/rankings/all/overall/rankings-1500.json","2026-10-01T19:10:52.923Z"
"vigoroth","Vigoroth","false","","GL","","22","21","","true","Scratch","Body Slam","Bulldoze","","Matched pinned PvPoke recommendation and exact-form move pool","unchanged","Scratch; Body Slam; Bulldoze","https://github.com/pvpoke/pvpoke/blob/332d727a8649db56fa2ee73ee0b55feeb25127bb/src/data/rankings/all/overall/rankings-1500.json","2026-10-01T19:10:52.923Z"
"vigoroth_shadow","Vigoroth (Shadow)","true","","GL","","41","37","","true","Scratch","Brick Break","Rock Slide","","Matched pinned PvPoke recommendation and exact-form move pool","unchanged","Scratch; Brick Break; Rock Slide","https://github.com/pvpoke/pvpoke/blob/332d727a8649db56fa2ee73ee0b55feeb25127bb/src/data/rankings/all/overall/rankings-1500.json","2026-10-01T19:10:52.923Z"
"walrein","Walrein","false","","GL","","121","122","","true","Powder Snow","Icicle Spear","Earthquake","Powder Snow; Icicle Spear","Matched pinned PvPoke recommendation and exact-form move pool","unchanged","Powder Snow; Icicle Spear; Earthquake","https://github.com/pvpoke/pvpoke/blob/332d727a8649db56fa2ee73ee0b55feeb25127bb/src/data/rankings/all/overall/rankings-1500.json","2026-10-01T19:10:52.923Z"
"walrein_shadow","Walrein (Shadow)","true","","GL","","143","142","","true","Powder Snow","Icicle Spear","Earthquake","Powder Snow; Icicle Spear","Matched pinned PvPoke recommendation and exact-form move pool","unchanged","Powder Snow; Icicle Spear; Earthquake","https://github.com/pvpoke/pvpoke/blob/332d727a8649db56fa2ee73ee0b55feeb25127bb/src/data/rankings/all/overall/rankings-1500.json","2026-10-01T19:10:52.923Z"
"wartortle","Wartortle","false","","GL","","102","101","","true","Bite","Aqua Jet","Ice Beam","","Matched pinned PvPoke recommendation and exact-form move pool","unchanged","Bite; Aqua Jet; Ice Beam","https://github.com/pvpoke/pvpoke/blob/332d727a8649db56fa2ee73ee0b55feeb25127bb/src/data/rankings/all/overall/rankings-1500.json","2026-10-01T19:10:52.923Z"
"wartortle_shadow","Wartortle (Shadow)","true","","GL","","137","135","","true","Bite","Aqua Jet","Ice Beam","","Matched pinned PvPoke recommendation and exact-form move pool","unchanged","Bite; Aqua Jet; Ice Beam","https://github.com/pvpoke/pvpoke/blob/332d727a8649db56fa2ee73ee0b55feeb25127bb/src/data/rankings/all/overall/rankings-1500.json","2026-10-01T19:10:52.923Z"
"weezing_galarian_shadow","Weezing (Galarian) (Shadow)","true","","GL","","181","183","","true","Fairy Wind","Sludge","Brutal Swing","","Matched pinned PvPoke recommendation and exact-form move pool","unchanged","Fairy Wind; Sludge; Brutal Swing","https://github.com/pvpoke/pvpoke/blob/332d727a8649db56fa2ee73ee0b55feeb25127bb/src/data/rankings/all/overall/rankings-1500.json","2026-10-01T19:10:52.923Z"
"wigglytuff","Wigglytuff","false","","GL","","109","109","","true","Charm","Icy Wind","Swift","","Matched pinned PvPoke recommendation and exact-form move pool","unchanged","Charm; Icy Wind; Swift","https://github.com/pvpoke/pvpoke/blob/332d727a8649db56fa2ee73ee0b55feeb25127bb/src/data/rankings/all/overall/rankings-1500.json","2026-10-01T19:10:52.923Z"
"wormadam_trash","Wormadam (Trash)","false","female","GL","","179","179","","true","Sucker Punch","Bug Buzz","Iron Head","","Matched pinned PvPoke recommendation and exact-form move pool","unchanged","Sucker Punch; Bug Buzz; Iron Head","https://github.com/pvpoke/pvpoke/blob/332d727a8649db56fa2ee73ee0b55feeb25127bb/src/data/rankings/all/overall/rankings-1500.json","2026-10-01T19:10:52.923Z"
"zweilous","Zweilous","false","","GL","","154","150","","true","Dragon Breath","Body Slam","Dark Pulse","","Matched pinned PvPoke recommendation and exact-form move pool","unchanged","Dragon Breath; Body Slam; Dark Pulse","https://github.com/pvpoke/pvpoke/blob/332d727a8649db56fa2ee73ee0b55feeb25127bb/src/data/rankings/all/overall/rankings-1500.json","2026-10-01T19:10:52.923Z"
"zweilous_shadow","Zweilous (Shadow)","true","","GL","","167","167","","true","Dragon Breath","Body Slam","Dark Pulse","","Matched pinned PvPoke recommendation and exact-form move pool","unchanged","Dragon Breath; Body Slam; Dark Pulse","https://github.com/pvpoke/pvpoke/blob/332d727a8649db56fa2ee73ee0b55feeb25127bb/src/data/rankings/all/overall/rankings-1500.json","2026-10-01T19:10:52.923Z"
"abomasnow","Abomasnow","false","","UL","","145","143","","true","Powder Snow","Weather Ball (Ice)","Energy Ball","","Matched pinned PvPoke recommendation and exact-form move pool","unchanged","Powder Snow; Weather Ball (Ice); Energy Ball","https://github.com/pvpoke/pvpoke/blob/332d727a8649db56fa2ee73ee0b55feeb25127bb/src/data/rankings/all/overall/rankings-2500.json","2026-10-01T19:10:52.923Z"
"abomasnow_shadow","Abomasnow (Shadow)","true","","UL","","134","134","","true","Powder Snow","Weather Ball (Ice)","Energy Ball","","Matched pinned PvPoke recommendation and exact-form move pool","unchanged","Powder Snow; Weather Ball (Ice); Energy Ball","https://github.com/pvpoke/pvpoke/blob/332d727a8649db56fa2ee73ee0b55feeb25127bb/src/data/rankings/all/overall/rankings-2500.json","2026-10-01T19:10:52.923Z"
"amoonguss_shadow","Amoonguss (Shadow)","true","","UL","","178","177","","true","Astonish","Foul Play","Grass Knot","","Matched pinned PvPoke recommendation and exact-form move pool","unchanged","Astonish; Foul Play; Grass Knot","https://github.com/pvpoke/pvpoke/blob/332d727a8649db56fa2ee73ee0b55feeb25127bb/src/data/rankings/all/overall/rankings-2500.json","2026-10-01T19:10:52.923Z"
"ampharos","Ampharos","false","","UL","","51","52","","true","Volt Switch","Brutal Swing","Trailblaze","","Matched pinned PvPoke recommendation and exact-form move pool","unchanged","Volt Switch; Brutal Swing; Trailblaze","https://github.com/pvpoke/pvpoke/blob/332d727a8649db56fa2ee73ee0b55feeb25127bb/src/data/rankings/all/overall/rankings-2500.json","2026-10-01T19:10:52.923Z"
"ampharos_shadow","Ampharos (Shadow)","true","","UL","","55","55","","true","Volt Switch","Brutal Swing","Trailblaze","","Matched pinned PvPoke recommendation and exact-form move pool","unchanged","Volt Switch; Brutal Swing; Trailblaze","https://github.com/pvpoke/pvpoke/blob/332d727a8649db56fa2ee73ee0b55feeb25127bb/src/data/rankings/all/overall/rankings-2500.json","2026-10-01T19:10:52.923Z"
"annihilape","Annihilape","false","","UL","","61","59","","true","Low Kick","Rage Fist","Ice Punch","Rage Fist","Matched pinned PvPoke recommendation and exact-form move pool","unchanged","Low Kick; Rage Fist; Ice Punch","https://github.com/pvpoke/pvpoke/blob/332d727a8649db56fa2ee73ee0b55feeb25127bb/src/data/rankings/all/overall/rankings-2500.json","2026-10-01T19:10:52.923Z"
"annihilape_shadow","Annihilape (Shadow)","true","","UL","","72","74","","true","Low Kick","Rage Fist","Ice Punch","Rage Fist","Matched pinned PvPoke recommendation and exact-form move pool","unchanged","Low Kick; Rage Fist; Ice Punch","https://github.com/pvpoke/pvpoke/blob/332d727a8649db56fa2ee73ee0b55feeb25127bb/src/data/rankings/all/overall/rankings-2500.json","2026-10-01T19:10:52.923Z"
"aromatisse","Aromatisse","false","","UL","","83","82","","true","Fairy Wind","Moonblast","Psyshock","","Matched pinned PvPoke recommendation and exact-form move pool","unchanged","Fairy Wind; Moonblast; Psyshock","https://github.com/pvpoke/pvpoke/blob/332d727a8649db56fa2ee73ee0b55feeb25127bb/src/data/rankings/all/overall/rankings-2500.json","2026-10-01T19:10:52.923Z"
"articuno","Articuno","false","genderless","UL","","79","79","","true","Powder Snow","Icy Wind","Hurricane","Hurricane","Matched pinned PvPoke recommendation and exact-form move pool","unchanged","Powder Snow; Icy Wind; Hurricane","https://github.com/pvpoke/pvpoke/blob/332d727a8649db56fa2ee73ee0b55feeb25127bb/src/data/rankings/all/overall/rankings-2500.json","2026-10-01T19:10:52.923Z"
"articuno_shadow","Articuno (Shadow)","true","genderless","UL","","111","117","","true","Powder Snow","Icy Wind","Hurricane","Hurricane","Matched pinned PvPoke recommendation and exact-form move pool","unchanged","Powder Snow; Icy Wind; Hurricane","https://github.com/pvpoke/pvpoke/blob/332d727a8649db56fa2ee73ee0b55feeb25127bb/src/data/rankings/all/overall/rankings-2500.json","2026-10-01T19:10:52.923Z"
"aurorus","Aurorus","false","","UL","","112","110","","true","Powder Snow","Weather Ball (Ice)","Meteor Beam","","Matched pinned PvPoke recommendation and exact-form move pool","unchanged","Powder Snow; Weather Ball (Ice); Meteor Beam","https://github.com/pvpoke/pvpoke/blob/332d727a8649db56fa2ee73ee0b55feeb25127bb/src/data/rankings/all/overall/rankings-2500.json","2026-10-01T19:10:52.923Z"
"aurorus_shadow","Aurorus (Shadow)","true","","UL","","163","162","","true","Powder Snow","Weather Ball (Ice)","Meteor Beam","","Matched pinned PvPoke recommendation and exact-form move pool","unchanged","Powder Snow; Weather Ball (Ice); Meteor Beam","https://github.com/pvpoke/pvpoke/blob/332d727a8649db56fa2ee73ee0b55feeb25127bb/src/data/rankings/all/overall/rankings-2500.json","2026-10-01T19:10:52.923Z"
"bellibolt","Bellibolt","false","","UL","","59","57","","true","Sucker Punch","Parabolic Charge","Zap Cannon","","Matched pinned PvPoke recommendation and exact-form move pool","unchanged","Sucker Punch; Parabolic Charge; Zap Cannon","https://github.com/pvpoke/pvpoke/blob/332d727a8649db56fa2ee73ee0b55feeb25127bb/src/data/rankings/all/overall/rankings-2500.json","2026-10-01T19:10:52.923Z"
"blastoise","Blastoise","false","","UL","","29","29","","true","Bite","Hydro Cannon","Skull Bash","Hydro Cannon","Matched pinned PvPoke recommendation and exact-form move pool","unchanged","Bite; Hydro Cannon; Skull Bash","https://github.com/pvpoke/pvpoke/blob/332d727a8649db56fa2ee73ee0b55feeb25127bb/src/data/rankings/all/overall/rankings-2500.json","2026-10-01T19:10:52.923Z"
"blastoise_shadow","Blastoise (Shadow)","true","","UL","","87","84","","true","Bite","Hydro Cannon","Skull Bash","Hydro Cannon","Matched pinned PvPoke recommendation and exact-form move pool","unchanged","Bite; Hydro Cannon; Skull Bash","https://github.com/pvpoke/pvpoke/blob/332d727a8649db56fa2ee73ee0b55feeb25127bb/src/data/rankings/all/overall/rankings-2500.json","2026-10-01T19:10:52.923Z"
"blaziken","Blaziken","false","","UL","","170","175","","true","Ember","Aura Sphere","Blast Burn","Blast Burn","Matched pinned PvPoke recommendation and exact-form move pool","unchanged","Ember; Aura Sphere; Blast Burn","https://github.com/pvpoke/pvpoke/blob/332d727a8649db56fa2ee73ee0b55feeb25127bb/src/data/rankings/all/overall/rankings-2500.json","2026-10-01T19:10:52.923Z"
"blaziken_shadow","Blaziken (Shadow)","true","","UL","","174","170","","true","Ember","Aura Sphere","Blast Burn","Blast Burn","Matched pinned PvPoke recommendation and exact-form move pool","unchanged","Ember; Aura Sphere; Blast Burn","https://github.com/pvpoke/pvpoke/blob/332d727a8649db56fa2ee73ee0b55feeb25127bb/src/data/rankings/all/overall/rankings-2500.json","2026-10-01T19:10:52.923Z"
"bombirdier","Bombirdier","false","","UL","","74","72","","true","Sucker Punch","Fly","Drill Run","","Matched pinned PvPoke recommendation and exact-form move pool","unchanged","Sucker Punch; Fly; Drill Run","https://github.com/pvpoke/pvpoke/blob/332d727a8649db56fa2ee73ee0b55feeb25127bb/src/data/rankings/all/overall/rankings-2500.json","2026-10-01T19:10:52.923Z"
"bronzong","Bronzong","false","genderless","UL","","142","139","","true","Confusion","Weather Ball (Water)","Bulldoze","","Matched pinned PvPoke recommendation and exact-form move pool","unchanged","Confusion; Weather Ball (Water); Bulldoze","https://github.com/pvpoke/pvpoke/blob/332d727a8649db56fa2ee73ee0b55feeb25127bb/src/data/rankings/all/overall/rankings-2500.json","2026-10-01T19:10:52.923Z"
"centiskorch","Centiskorch","false","","UL","","164","163","","true","Ember","Heat Wave","Lunge","","Matched pinned PvPoke recommendation and exact-form move pool","unchanged","Ember; Heat Wave; Lunge","https://github.com/pvpoke/pvpoke/blob/332d727a8649db56fa2ee73ee0b55feeb25127bb/src/data/rankings/all/overall/rankings-2500.json","2026-10-01T19:10:52.923Z"
"cetitan","Cetitan","false","","UL","","192","187","","true","Powder Snow","Icicle Spear","Superpower","","Matched pinned PvPoke recommendation and exact-form move pool","unchanged","Powder Snow; Icicle Spear; Superpower","https://github.com/pvpoke/pvpoke/blob/332d727a8649db56fa2ee73ee0b55feeb25127bb/src/data/rankings/all/overall/rankings-2500.json","2026-10-01T19:10:52.923Z"
"charizard","Charizard","false","","UL","","101","103","","true","Dragon Breath","Blast Burn","Air Cutter","Dragon Breath; Blast Burn","Matched pinned PvPoke recommendation and exact-form move pool","unchanged","Dragon Breath; Blast Burn; Air Cutter","https://github.com/pvpoke/pvpoke/blob/332d727a8649db56fa2ee73ee0b55feeb25127bb/src/data/rankings/all/overall/rankings-2500.json","2026-10-01T19:10:52.923Z"
"charizard_shadow","Charizard (Shadow)","true","","UL","","124","125","","true","Dragon Breath","Blast Burn","Air Cutter","Dragon Breath; Blast Burn","Matched pinned PvPoke recommendation and exact-form move pool","unchanged","Dragon Breath; Blast Burn; Air Cutter","https://github.com/pvpoke/pvpoke/blob/332d727a8649db56fa2ee73ee0b55feeb25127bb/src/data/rankings/all/overall/rankings-2500.json","2026-10-01T19:10:52.923Z"
"clefable","Clefable","false","","UL","","37","37","","true","Fairy Wind","Meteor Mash","Draining Kiss","","Matched pinned PvPoke recommendation and exact-form move pool","unchanged","Fairy Wind; Meteor Mash; Draining Kiss","https://github.com/pvpoke/pvpoke/blob/332d727a8649db56fa2ee73ee0b55feeb25127bb/src/data/rankings/all/overall/rankings-2500.json","2026-10-01T19:10:52.923Z"
"cobalion","Cobalion","false","genderless","UL","","95","94","","true","Double Kick","Sacred Sword","Stone Edge","Sacred Sword","Matched pinned PvPoke recommendation and exact-form move pool","unchanged","Double Kick; Sacred Sword; Stone Edge","https://github.com/pvpoke/pvpoke/blob/332d727a8649db56fa2ee73ee0b55feeb25127bb/src/data/rankings/all/overall/rankings-2500.json","2026-10-01T19:10:52.923Z"
"cofagrigus","Cofagrigus","false","","UL","","85","85","","true","Shadow Claw","Shadow Ball","Energy Ball","","Matched pinned PvPoke recommendation and exact-form move pool","unchanged","Shadow Claw; Shadow Ball; Energy Ball","https://github.com/pvpoke/pvpoke/blob/332d727a8649db56fa2ee73ee0b55feeb25127bb/src/data/rankings/all/overall/rankings-2500.json","2026-10-01T19:10:52.923Z"
"cofagrigus_shadow","Cofagrigus (Shadow)","true","","UL","","105","104","","true","Shadow Claw","Shadow Ball","Energy Ball","","Matched pinned PvPoke recommendation and exact-form move pool","unchanged","Shadow Claw; Shadow Ball; Energy Ball","https://github.com/pvpoke/pvpoke/blob/332d727a8649db56fa2ee73ee0b55feeb25127bb/src/data/rankings/all/overall/rankings-2500.json","2026-10-01T19:10:52.923Z"
"corviknight","Corviknight","false","","UL","","2","2","","true","Sand Attack","Air Cutter","Iron Head","Air Cutter; Iron Head","Matched pinned PvPoke recommendation and exact-form move pool","unchanged","Sand Attack; Air Cutter; Iron Head","https://github.com/pvpoke/pvpoke/blob/332d727a8649db56fa2ee73ee0b55feeb25127bb/src/data/rankings/all/overall/rankings-2500.json","2026-10-01T19:10:52.923Z"
"corviknight_shadow","Corviknight (Shadow)","true","","UL","","4","4","","true","Sand Attack","Air Cutter","Payback","Air Cutter","Matched pinned PvPoke recommendation and exact-form move pool","unchanged","Sand Attack; Air Cutter; Payback","https://github.com/pvpoke/pvpoke/blob/332d727a8649db56fa2ee73ee0b55feeb25127bb/src/data/rankings/all/overall/rankings-2500.json","2026-10-01T19:10:52.923Z"
"cradily","Cradily","false","","UL","","80","78","","true","Acid","Rock Tomb","Grass Knot","","Matched pinned PvPoke recommendation and exact-form move pool","unchanged","Acid; Rock Tomb; Grass Knot","https://github.com/pvpoke/pvpoke/blob/332d727a8649db56fa2ee73ee0b55feeb25127bb/src/data/rankings/all/overall/rankings-2500.json","2026-10-01T19:10:52.923Z"
"cradily_shadow","Cradily (Shadow)","true","","UL","","52","53","","true","Acid","Rock Tomb","Grass Knot","","Matched pinned PvPoke recommendation and exact-form move pool","unchanged","Acid; Rock Tomb; Grass Knot","https://github.com/pvpoke/pvpoke/blob/332d727a8649db56fa2ee73ee0b55feeb25127bb/src/data/rankings/all/overall/rankings-2500.json","2026-10-01T19:10:52.923Z"
"cramorant","Cramorant","false","","UL","","18","18","","true","Peck","Dive","Fly","","Matched pinned PvPoke recommendation and exact-form move pool","unchanged","Peck; Dive; Fly","https://github.com/pvpoke/pvpoke/blob/332d727a8649db56fa2ee73ee0b55feeb25127bb/src/data/rankings/all/overall/rankings-2500.json","2026-10-01T19:10:52.923Z"
"cresselia","Cresselia","false","female","UL","","35","35","","true","Psycho Cut","Grass Knot","Moonblast","Grass Knot","Matched pinned PvPoke recommendation and exact-form move pool","unchanged","Psycho Cut; Grass Knot; Moonblast","https://github.com/pvpoke/pvpoke/blob/332d727a8649db56fa2ee73ee0b55feeb25127bb/src/data/rankings/all/overall/rankings-2500.json","2026-10-01T19:10:52.923Z"
"cresselia_shadow","Cresselia (Shadow)","true","female","UL","","47","46","","true","Psycho Cut","Grass Knot","Moonblast","Grass Knot","Matched pinned PvPoke recommendation and exact-form move pool","unchanged","Psycho Cut; Grass Knot; Moonblast","https://github.com/pvpoke/pvpoke/blob/332d727a8649db56fa2ee73ee0b55feeb25127bb/src/data/rankings/all/overall/rankings-2500.json","2026-10-01T19:10:52.923Z"
"crustle","Crustle","false","","UL","","106","105","","true","Fury Cutter","X-Scissor","Rock Wrecker","","Matched pinned PvPoke recommendation and exact-form move pool","unchanged","Fury Cutter; X-Scissor; Rock Wrecker","https://github.com/pvpoke/pvpoke/blob/332d727a8649db56fa2ee73ee0b55feeb25127bb/src/data/rankings/all/overall/rankings-2500.json","2026-10-01T19:10:52.923Z"
"crustle_shadow","Crustle (Shadow)","true","","UL","","155","155","","true","Fury Cutter","X-Scissor","Rock Wrecker","","Matched pinned PvPoke recommendation and exact-form move pool","unchanged","Fury Cutter; X-Scissor; Rock Wrecker","https://github.com/pvpoke/pvpoke/blob/332d727a8649db56fa2ee73ee0b55feeb25127bb/src/data/rankings/all/overall/rankings-2500.json","2026-10-01T19:10:52.923Z"
"deoxys_defense","Deoxys (Defense)","false","genderless","UL","","42","42","","true","Low Kick","Psycho Boost","Thunderbolt","","Matched pinned PvPoke recommendation and exact-form move pool","unchanged","Low Kick; Psycho Boost; Thunderbolt","https://github.com/pvpoke/pvpoke/blob/332d727a8649db56fa2ee73ee0b55feeb25127bb/src/data/rankings/all/overall/rankings-2500.json","2026-10-01T19:10:52.923Z"
"dodrio","Dodrio","false","","UL","","143","146","","true","Peck","Drill Peck","Brave Bird","","Matched pinned PvPoke recommendation and exact-form move pool","unchanged","Peck; Drill Peck; Brave Bird","https://github.com/pvpoke/pvpoke/blob/332d727a8649db56fa2ee73ee0b55feeb25127bb/src/data/rankings/all/overall/rankings-2500.json","2026-10-01T19:10:52.923Z"
"dondozo","Dondozo","false","","UL","","26","26","","true","Waterfall","Surf","Outrage","","Matched pinned PvPoke recommendation and exact-form move pool","unchanged","Waterfall; Surf; Outrage","https://github.com/pvpoke/pvpoke/blob/332d727a8649db56fa2ee73ee0b55feeb25127bb/src/data/rankings/all/overall/rankings-2500.json","2026-10-01T19:10:52.923Z"
"doublade","Doublade","false","","UL","","96","95","","true","Shadow Claw","Sacred Sword","Iron Head","","Matched pinned PvPoke recommendation and exact-form move pool","unchanged","Shadow Claw; Sacred Sword; Iron Head","https://github.com/pvpoke/pvpoke/blob/332d727a8649db56fa2ee73ee0b55feeb25127bb/src/data/rankings/all/overall/rankings-2500.json","2026-10-01T19:10:52.923Z"
"dragalge","Dragalge","false","","UL","","125","129","","true","Dragon Tail","Aqua Tail","Outrage","","Matched pinned PvPoke recommendation and exact-form move pool","unchanged","Dragon Tail; Aqua Tail; Outrage","https://github.com/pvpoke/pvpoke/blob/332d727a8649db56fa2ee73ee0b55feeb25127bb/src/data/rankings/all/overall/rankings-2500.json","2026-10-01T19:10:52.923Z"
"drapion","Drapion","false","","UL","","90","90","","true","Poison Sting","Crunch","Aqua Tail","","Matched pinned PvPoke recommendation and exact-form move pool","unchanged","Poison Sting; Crunch; Aqua Tail","https://github.com/pvpoke/pvpoke/blob/332d727a8649db56fa2ee73ee0b55feeb25127bb/src/data/rankings/all/overall/rankings-2500.json","2026-10-01T19:10:52.923Z"
"drapion_shadow","Drapion (Shadow)","true","","UL","","140","140","","true","Poison Sting","Aqua Tail","Crunch","","Matched pinned PvPoke recommendation and exact-form move pool","unchanged","Poison Sting; Aqua Tail; Crunch","https://github.com/pvpoke/pvpoke/blob/332d727a8649db56fa2ee73ee0b55feeb25127bb/src/data/rankings/all/overall/rankings-2500.json","2026-10-01T19:10:52.923Z"
"drifblim","Drifblim","false","","UL","","137","137","","true","Hex","Icy Wind","Shadow Ball","","Matched pinned PvPoke recommendation and exact-form move pool","unchanged","Hex; Icy Wind; Shadow Ball","https://github.com/pvpoke/pvpoke/blob/332d727a8649db56fa2ee73ee0b55feeb25127bb/src/data/rankings/all/overall/rankings-2500.json","2026-10-01T19:10:52.923Z"
"dudunsparce","Dudunsparce","false","","UL","","159","159","","true","Astonish","Drill Run","Rock Slide","","Matched pinned PvPoke recommendation and exact-form move pool","unchanged","Astonish; Drill Run; Rock Slide","https://github.com/pvpoke/pvpoke/blob/332d727a8649db56fa2ee73ee0b55feeb25127bb/src/data/rankings/all/overall/rankings-2500.json","2026-10-01T19:10:52.923Z"
"dusknoir","Dusknoir","false","","UL","","25","24","","true","Astonish","Dynamic Punch","Shadow Punch","","Matched pinned PvPoke recommendation and exact-form move pool","unchanged","Astonish; Dynamic Punch; Shadow Punch","https://github.com/pvpoke/pvpoke/blob/332d727a8649db56fa2ee73ee0b55feeb25127bb/src/data/rankings/all/overall/rankings-2500.json","2026-10-01T19:10:52.923Z"
"dusknoir_shadow","Dusknoir (Shadow)","true","","UL","","27","27","","true","Astonish","Dynamic Punch","Shadow Punch","","Matched pinned PvPoke recommendation and exact-form move pool","unchanged","Astonish; Dynamic Punch; Shadow Punch","https://github.com/pvpoke/pvpoke/blob/332d727a8649db56fa2ee73ee0b55feeb25127bb/src/data/rankings/all/overall/rankings-2500.json","2026-10-01T19:10:52.923Z"
"electivire","Electivire","false","","UL","","183","178","","true","Thunder Shock","Wild Charge","Ice Punch","","Matched pinned PvPoke recommendation and exact-form move pool","unchanged","Thunder Shock; Wild Charge; Ice Punch","https://github.com/pvpoke/pvpoke/blob/332d727a8649db56fa2ee73ee0b55feeb25127bb/src/data/rankings/all/overall/rankings-2500.json","2026-10-01T19:10:52.923Z"
"electivire_shadow","Electivire (Shadow)","true","","UL","","198","192","","true","Thunder Shock","Wild Charge","Ice Punch","","Matched pinned PvPoke recommendation and exact-form move pool","unchanged","Thunder Shock; Wild Charge; Ice Punch","https://github.com/pvpoke/pvpoke/blob/332d727a8649db56fa2ee73ee0b55feeb25127bb/src/data/rankings/all/overall/rankings-2500.json","2026-10-01T19:10:52.923Z"
"electrode_hisuian","Electrode (Hisuian)","false","genderless","UL","","165","161","","true","Thunder Shock","Wild Charge","Energy Ball","","Matched pinned PvPoke recommendation and exact-form move pool","unchanged","Thunder Shock; Wild Charge; Energy Ball","https://github.com/pvpoke/pvpoke/blob/332d727a8649db56fa2ee73ee0b55feeb25127bb/src/data/rankings/all/overall/rankings-2500.json","2026-10-01T19:10:52.923Z"
"empoleon","Empoleon","false","","UL","","7","8","","true","Metal Sound","Hydro Cannon","Drill Peck","Hydro Cannon","Matched pinned PvPoke recommendation and exact-form move pool","unchanged","Metal Sound; Hydro Cannon; Drill Peck","https://github.com/pvpoke/pvpoke/blob/332d727a8649db56fa2ee73ee0b55feeb25127bb/src/data/rankings/all/overall/rankings-2500.json","2026-10-01T19:10:52.923Z"
"empoleon_shadow","Empoleon (Shadow)","true","","UL","","9","9","","true","Metal Sound","Hydro Cannon","Drill Peck","Hydro Cannon","Matched pinned PvPoke recommendation and exact-form move pool","unchanged","Metal Sound; Hydro Cannon; Drill Peck","https://github.com/pvpoke/pvpoke/blob/332d727a8649db56fa2ee73ee0b55feeb25127bb/src/data/rankings/all/overall/rankings-2500.json","2026-10-01T19:10:52.923Z"
"feraligatr","Feraligatr","false","","UL","","15","15","","true","Shadow Claw","Hydro Cannon","Ice Beam","Hydro Cannon","Matched pinned PvPoke recommendation and exact-form move pool","unchanged","Shadow Claw; Hydro Cannon; Ice Beam","https://github.com/pvpoke/pvpoke/blob/332d727a8649db56fa2ee73ee0b55feeb25127bb/src/data/rankings/all/overall/rankings-2500.json","2026-10-01T19:10:52.923Z"
"feraligatr_shadow","Feraligatr (Shadow)","true","","UL","","14","14","","true","Shadow Claw","Hydro Cannon","Ice Beam","Hydro Cannon","Matched pinned PvPoke recommendation and exact-form move pool","unchanged","Shadow Claw; Hydro Cannon; Ice Beam","https://github.com/pvpoke/pvpoke/blob/332d727a8649db56fa2ee73ee0b55feeb25127bb/src/data/rankings/all/overall/rankings-2500.json","2026-10-01T19:10:52.923Z"
"flamigo","Flamigo","false","","UL","","135","135","","true","Peck","Upper Hand","Brave Bird","","Matched pinned PvPoke recommendation and exact-form move pool","unchanged","Peck; Upper Hand; Brave Bird","https://github.com/pvpoke/pvpoke/blob/332d727a8649db56fa2ee73ee0b55feeb25127bb/src/data/rankings/all/overall/rankings-2500.json","2026-10-01T19:10:52.923Z"
"florges","Florges","false","female","UL","","12","12","","true","Fairy Wind","Chilling Water","Disarming Voice","Chilling Water","Matched pinned PvPoke recommendation and exact-form move pool","unchanged","Fairy Wind; Chilling Water; Disarming Voice","https://github.com/pvpoke/pvpoke/blob/332d727a8649db56fa2ee73ee0b55feeb25127bb/src/data/rankings/all/overall/rankings-2500.json","2026-10-01T19:10:52.923Z"
"forretress","Forretress","false","","UL","","31","31","","true","Volt Switch","Rock Tomb","Sand Tomb","","Matched pinned PvPoke recommendation and exact-form move pool","unchanged","Volt Switch; Rock Tomb; Sand Tomb","https://github.com/pvpoke/pvpoke/blob/332d727a8649db56fa2ee73ee0b55feeb25127bb/src/data/rankings/all/overall/rankings-2500.json","2026-10-01T19:10:52.923Z"
"forretress_shadow","Forretress (Shadow)","true","","UL","","39","39","","true","Volt Switch","Rock Tomb","Sand Tomb","","Matched pinned PvPoke recommendation and exact-form move pool","unchanged","Volt Switch; Rock Tomb; Sand Tomb","https://github.com/pvpoke/pvpoke/blob/332d727a8649db56fa2ee73ee0b55feeb25127bb/src/data/rankings/all/overall/rankings-2500.json","2026-10-01T19:10:52.923Z"
"galvantula","Galvantula","false","","UL","","187","182","","true","Volt Switch","Lunge","Discharge","","Matched pinned PvPoke recommendation and exact-form move pool","unchanged","Volt Switch; Lunge; Discharge","https://github.com/pvpoke/pvpoke/blob/332d727a8649db56fa2ee73ee0b55feeb25127bb/src/data/rankings/all/overall/rankings-2500.json","2026-10-01T19:10:52.923Z"
"gastrodon","Gastrodon","false","","UL","","98","98","","true","Mud Slap","Body Slam","Earth Power","","Matched pinned PvPoke recommendation and exact-form move pool","unchanged","Mud Slap; Body Slam; Earth Power","https://github.com/pvpoke/pvpoke/blob/332d727a8649db56fa2ee73ee0b55feeb25127bb/src/data/rankings/all/overall/rankings-2500.json","2026-10-01T19:10:52.923Z"
"genesect","Genesect","false","genderless","UL","","188","183","","true","Fury Cutter","Magnet Bomb","Techno Blast (Normal)","Techno Blast (Normal)","Matched pinned PvPoke recommendation and exact-form move pool","unchanged","Fury Cutter; Magnet Bomb; Techno Blast (Normal)","https://github.com/pvpoke/pvpoke/blob/332d727a8649db56fa2ee73ee0b55feeb25127bb/src/data/rankings/all/overall/rankings-2500.json","2026-10-01T19:10:52.923Z"
"genesect_burn","Genesect (Burn)","false","genderless","UL","","193","193","","true","Fury Cutter","Magnet Bomb","X-Scissor","","Matched pinned PvPoke recommendation and exact-form move pool","unchanged","Fury Cutter; Magnet Bomb; X-Scissor","https://github.com/pvpoke/pvpoke/blob/332d727a8649db56fa2ee73ee0b55feeb25127bb/src/data/rankings/all/overall/rankings-2500.json","2026-10-01T19:10:52.923Z"
"genesect_chill","Genesect (Chill)","false","genderless","UL","","132","133","","true","Fury Cutter","Magnet Bomb","Techno Blast (Chill)","Techno Blast (Chill)","Matched pinned PvPoke recommendation and exact-form move pool","unchanged","Fury Cutter; Magnet Bomb; Techno Blast (Chill)","https://github.com/pvpoke/pvpoke/blob/332d727a8649db56fa2ee73ee0b55feeb25127bb/src/data/rankings/all/overall/rankings-2500.json","2026-10-01T19:10:52.923Z"
"genesect_douse","Genesect (Douse)","false","genderless","UL","","151","156","","true","Fury Cutter","Magnet Bomb","Techno Blast (Douse)","Techno Blast (Douse)","Matched pinned PvPoke recommendation and exact-form move pool","unchanged","Fury Cutter; Magnet Bomb; Techno Blast (Douse)","https://github.com/pvpoke/pvpoke/blob/332d727a8649db56fa2ee73ee0b55feeb25127bb/src/data/rankings/all/overall/rankings-2500.json","2026-10-01T19:10:52.923Z"
"genesect_shock","Genesect (Shock)","false","genderless","UL","","91","88","","true","Fury Cutter","Magnet Bomb","Techno Blast (Shock)","","Matched pinned PvPoke recommendation and exact-form move pool","unchanged","Fury Cutter; Magnet Bomb; Techno Blast (Shock)","https://github.com/pvpoke/pvpoke/blob/332d727a8649db56fa2ee73ee0b55feeb25127bb/src/data/rankings/all/overall/rankings-2500.json","2026-10-01T19:10:52.923Z"
"giratina_altered","Giratina (Altered)","false","genderless","UL","","17","17","","true","Dragon Breath","Ancient Power","Shadow Force","Shadow Force","Matched pinned PvPoke recommendation and exact-form move pool","unchanged","Dragon Breath; Ancient Power; Shadow Force","https://github.com/pvpoke/pvpoke/blob/332d727a8649db56fa2ee73ee0b55feeb25127bb/src/data/rankings/all/overall/rankings-2500.json","2026-10-01T19:10:52.923Z"
"giratina_altered_shadow","Giratina (Altered) (Shadow)","true","genderless","UL","","32","32","","true","Dragon Breath","Ancient Power","Shadow Sneak","","Matched pinned PvPoke recommendation and exact-form move pool","unchanged","Dragon Breath; Ancient Power; Shadow Sneak","https://github.com/pvpoke/pvpoke/blob/332d727a8649db56fa2ee73ee0b55feeb25127bb/src/data/rankings/all/overall/rankings-2500.json","2026-10-01T19:10:52.923Z"
"gogoat","Gogoat","false","","UL","","194","189","","true","Vine Whip","Leaf Blade","Rock Slide","","Matched pinned PvPoke recommendation and exact-form move pool","unchanged","Vine Whip; Leaf Blade; Rock Slide","https://github.com/pvpoke/pvpoke/blob/332d727a8649db56fa2ee73ee0b55feeb25127bb/src/data/rankings/all/overall/rankings-2500.json","2026-10-01T19:10:52.923Z"
"golisopod","Golisopod","false","","UL","","71","69","","true","Fury Cutter","X-Scissor","Aqua Jet","","Matched pinned PvPoke recommendation and exact-form move pool","unchanged","Fury Cutter; X-Scissor; Aqua Jet","https://github.com/pvpoke/pvpoke/blob/332d727a8649db56fa2ee73ee0b55feeb25127bb/src/data/rankings/all/overall/rankings-2500.json","2026-10-01T19:10:52.923Z"
"golisopod_shadow","Golisopod (Shadow)","true","","UL","","49","","","true","Fury Cutter","Aqua Jet","X-Scissor","","Matched pinned PvPoke recommendation and exact-form move pool","new","","https://github.com/pvpoke/pvpoke/blob/332d727a8649db56fa2ee73ee0b55feeb25127bb/src/data/rankings/all/overall/rankings-2500.json","2026-10-01T19:10:52.923Z"
"goodra","Goodra","false","","UL","","152","150","","true","Dragon Breath","Aqua Tail","Power Whip","","Matched pinned PvPoke recommendation and exact-form move pool","unchanged","Dragon Breath; Aqua Tail; Power Whip","https://github.com/pvpoke/pvpoke/blob/332d727a8649db56fa2ee73ee0b55feeb25127bb/src/data/rankings/all/overall/rankings-2500.json","2026-10-01T19:10:52.923Z"
"gourgeist_super","Gourgeist (Super)","false","","UL","","189","188","","true","Incinerate","Shadow Ball","Seed Bomb","","Matched pinned PvPoke recommendation and exact-form move pool","unchanged","Incinerate; Shadow Ball; Seed Bomb","https://github.com/pvpoke/pvpoke/blob/332d727a8649db56fa2ee73ee0b55feeb25127bb/src/data/rankings/all/overall/rankings-2500.json","2026-10-01T19:10:52.923Z"
"grafaiai","Grafaiai","false","","UL","","195","190","","true","Scratch","Poison Fang","Foul Play","","Matched pinned PvPoke recommendation and exact-form move pool","unchanged","Scratch; Poison Fang; Foul Play","https://github.com/pvpoke/pvpoke/blob/332d727a8649db56fa2ee73ee0b55feeb25127bb/src/data/rankings/all/overall/rankings-2500.json","2026-10-01T19:10:52.923Z"
"greedent","Greedent","false","","UL","","150","148","","true","Bite","Body Slam","Trailblaze","","Matched pinned PvPoke recommendation and exact-form move pool","unchanged","Bite; Body Slam; Trailblaze","https://github.com/pvpoke/pvpoke/blob/332d727a8649db56fa2ee73ee0b55feeb25127bb/src/data/rankings/all/overall/rankings-2500.json","2026-10-01T19:10:52.923Z"
"greninja_shadow","Greninja (Shadow)","true","","UL","","108","107","","true","Water Shuriken","Hydro Cannon","Brutal Swing","Hydro Cannon","Matched pinned PvPoke recommendation and exact-form move pool","unchanged","Water Shuriken; Hydro Cannon; Brutal Swing","https://github.com/pvpoke/pvpoke/blob/332d727a8649db56fa2ee73ee0b55feeb25127bb/src/data/rankings/all/overall/rankings-2500.json","2026-10-01T19:10:52.923Z"
"grimmsnarl","Grimmsnarl","false","male","UL","","156","151","","true","Sucker Punch","Foul Play","Draining Kiss","","Matched pinned PvPoke recommendation and exact-form move pool","unchanged","Sucker Punch; Foul Play; Draining Kiss","https://github.com/pvpoke/pvpoke/blob/332d727a8649db56fa2ee73ee0b55feeb25127bb/src/data/rankings/all/overall/rankings-2500.json","2026-10-01T19:10:52.923Z"
"grumpig","Grumpig","false","","UL","","109","108","","true","Psywave","Dynamic Punch","Shadow Ball","","Matched pinned PvPoke recommendation and exact-form move pool","unchanged","Psywave; Dynamic Punch; Shadow Ball","https://github.com/pvpoke/pvpoke/blob/332d727a8649db56fa2ee73ee0b55feeb25127bb/src/data/rankings/all/overall/rankings-2500.json","2026-10-01T19:10:52.923Z"
"grumpig_shadow","Grumpig (Shadow)","true","","UL","","110","109","","true","Psywave","Dynamic Punch","Shadow Ball","","Matched pinned PvPoke recommendation and exact-form move pool","unchanged","Psywave; Dynamic Punch; Shadow Ball","https://github.com/pvpoke/pvpoke/blob/332d727a8649db56fa2ee73ee0b55feeb25127bb/src/data/rankings/all/overall/rankings-2500.json","2026-10-01T19:10:52.923Z"
"guzzlord","Guzzlord","false","genderless","UL","","19","19","","true","Dragon Tail","Brutal Swing","Sludge Bomb","","Matched pinned PvPoke recommendation and exact-form move pool","unchanged","Dragon Tail; Brutal Swing; Sludge Bomb","https://github.com/pvpoke/pvpoke/blob/332d727a8649db56fa2ee73ee0b55feeb25127bb/src/data/rankings/all/overall/rankings-2500.json","2026-10-01T19:10:52.923Z"
"gyarados","Gyarados","false","","UL","","75","75","","true","Dragon Breath","Aqua Tail","Twister","Aqua Tail","Matched pinned PvPoke recommendation and exact-form move pool","unchanged","Dragon Breath; Aqua Tail; Twister","https://github.com/pvpoke/pvpoke/blob/332d727a8649db56fa2ee73ee0b55feeb25127bb/src/data/rankings/all/overall/rankings-2500.json","2026-10-01T19:10:52.923Z"
"gyarados_shadow","Gyarados (Shadow)","true","","UL","","67","67","","true","Dragon Breath","Aqua Tail","Twister","Aqua Tail","Matched pinned PvPoke recommendation and exact-form move pool","unchanged","Dragon Breath; Aqua Tail; Twister","https://github.com/pvpoke/pvpoke/blob/332d727a8649db56fa2ee73ee0b55feeb25127bb/src/data/rankings/all/overall/rankings-2500.json","2026-10-01T19:10:52.923Z"
"hawlucha","Hawlucha","false","","UL","","138","141","","true","Low Kick","Flying Press","Aerial Ace","","Matched pinned PvPoke recommendation and exact-form move pool","unchanged","Low Kick; Flying Press; Aerial Ace","https://github.com/pvpoke/pvpoke/blob/332d727a8649db56fa2ee73ee0b55feeb25127bb/src/data/rankings/all/overall/rankings-2500.json","2026-10-01T19:10:52.923Z"
"hippowdon","Hippowdon","false","","UL","","99","96","","true","Sand Attack","Weather Ball (Rock)","Earth Power","","Matched pinned PvPoke recommendation and exact-form move pool","unchanged","Sand Attack; Weather Ball (Rock); Earth Power","https://github.com/pvpoke/pvpoke/blob/332d727a8649db56fa2ee73ee0b55feeb25127bb/src/data/rankings/all/overall/rankings-2500.json","2026-10-01T19:10:52.923Z"
"hippowdon_shadow","Hippowdon (Shadow)","true","","UL","","92","91","","true","Sand Attack","Weather Ball (Rock)","Earth Power","","Matched pinned PvPoke recommendation and exact-form move pool","unchanged","Sand Attack; Weather Ball (Rock); Earth Power","https://github.com/pvpoke/pvpoke/blob/332d727a8649db56fa2ee73ee0b55feeb25127bb/src/data/rankings/all/overall/rankings-2500.json","2026-10-01T19:10:52.923Z"
"houndoom_shadow","Houndoom (Shadow)","true","","UL","","179","176","","true","Incinerate","Foul Play","Trailblaze","","Matched pinned PvPoke recommendation and exact-form move pool","unchanged","Incinerate; Foul Play; Trailblaze","https://github.com/pvpoke/pvpoke/blob/332d727a8649db56fa2ee73ee0b55feeb25127bb/src/data/rankings/all/overall/rankings-2500.json","2026-10-01T19:10:52.923Z"
"hydreigon_shadow","Hydreigon (Shadow)","true","","UL","","126","126","","true","Dragon Breath","Brutal Swing","Fly","Brutal Swing","Matched pinned PvPoke recommendation and exact-form move pool","unchanged","Dragon Breath; Brutal Swing; Fly","https://github.com/pvpoke/pvpoke/blob/332d727a8649db56fa2ee73ee0b55feeb25127bb/src/data/rankings/all/overall/rankings-2500.json","2026-10-01T19:10:52.923Z"
"jellicent","Jellicent","false","","UL","","16","16","","true","Hex","Surf","Shadow Ball","","Matched pinned PvPoke recommendation and exact-form move pool","unchanged","Hex; Surf; Shadow Ball","https://github.com/pvpoke/pvpoke/blob/332d727a8649db56fa2ee73ee0b55feeb25127bb/src/data/rankings/all/overall/rankings-2500.json","2026-10-01T19:10:52.923Z"
"jirachi","Jirachi","false","genderless","UL","","171","166","","true","Confusion","Doom Desire","Aura Sphere","","Matched pinned PvPoke recommendation and exact-form move pool","unchanged","Confusion; Doom Desire; Aura Sphere","https://github.com/pvpoke/pvpoke/blob/332d727a8649db56fa2ee73ee0b55feeb25127bb/src/data/rankings/all/overall/rankings-2500.json","2026-10-01T19:10:52.923Z"
"kingambit","Kingambit","false","","UL","","157","152","","true","Low Kick","Foul Play","Iron Head","","Matched pinned PvPoke recommendation and exact-form move pool","unchanged","Low Kick; Foul Play; Iron Head","https://github.com/pvpoke/pvpoke/blob/332d727a8649db56fa2ee73ee0b55feeb25127bb/src/data/rankings/all/overall/rankings-2500.json","2026-10-01T19:10:52.923Z"
"kingdra","Kingdra","false","","UL","","68","66","","true","Dragon Breath","Surf","Swift","","Matched pinned PvPoke recommendation and exact-form move pool","unchanged","Dragon Breath; Surf; Swift","https://github.com/pvpoke/pvpoke/blob/332d727a8649db56fa2ee73ee0b55feeb25127bb/src/data/rankings/all/overall/rankings-2500.json","2026-10-01T19:10:52.923Z"
"kingdra_shadow","Kingdra (Shadow)","true","","UL","","76","73","","true","Dragon Breath","Surf","Swift","","Matched pinned PvPoke recommendation and exact-form move pool","unchanged","Dragon Breath; Surf; Swift","https://github.com/pvpoke/pvpoke/blob/332d727a8649db56fa2ee73ee0b55feeb25127bb/src/data/rankings/all/overall/rankings-2500.json","2026-10-01T19:10:52.923Z"
"kommo_o","Kommo-o","false","","UL","","121","118","","true","Dragon Tail","Clanging Scales","Upper Hand","Clanging Scales","Matched pinned PvPoke recommendation and exact-form move pool","unchanged","Dragon Tail; Clanging Scales; Upper Hand","https://github.com/pvpoke/pvpoke/blob/332d727a8649db56fa2ee73ee0b55feeb25127bb/src/data/rankings/all/overall/rankings-2500.json","2026-10-01T19:10:52.923Z"
"kyurem","Kyurem","false","genderless","UL","","107","106","","true","Dragon Breath","Glaciate","Dragon Claw","Glaciate","Matched pinned PvPoke recommendation and exact-form move pool","unchanged","Dragon Breath; Glaciate; Dragon Claw","https://github.com/pvpoke/pvpoke/blob/332d727a8649db56fa2ee73ee0b55feeb25127bb/src/data/rankings/all/overall/rankings-2500.json","2026-10-01T19:10:52.923Z"
"lapras","Lapras","false","","UL","","22","22","","true","Psywave","Sparkling Aria","Ice Beam","Ice Beam","Matched pinned PvPoke recommendation and exact-form move pool","unchanged","Psywave; Sparkling Aria; Ice Beam","https://github.com/pvpoke/pvpoke/blob/332d727a8649db56fa2ee73ee0b55feeb25127bb/src/data/rankings/all/overall/rankings-2500.json","2026-10-01T19:10:52.923Z"
"lapras_shadow","Lapras (Shadow)","true","","UL","","23","23","","true","Psywave","Sparkling Aria","Ice Beam","Ice Beam","Matched pinned PvPoke recommendation and exact-form move pool","unchanged","Psywave; Sparkling Aria; Ice Beam","https://github.com/pvpoke/pvpoke/blob/332d727a8649db56fa2ee73ee0b55feeb25127bb/src/data/rankings/all/overall/rankings-2500.json","2026-10-01T19:10:52.923Z"
"latias","Latias","false","female","UL","","127","121","","true","Dragon Breath","Mist Ball","Aura Sphere","Mist Ball","Matched pinned PvPoke recommendation and exact-form move pool","unchanged","Dragon Breath; Mist Ball; Aura Sphere","https://github.com/pvpoke/pvpoke/blob/332d727a8649db56fa2ee73ee0b55feeb25127bb/src/data/rankings/all/overall/rankings-2500.json","2026-10-01T19:10:52.923Z"
"latias_shadow","Latias (Shadow)","true","female","UL","","160","157","","true","Dragon Breath","Mist Ball","Aura Sphere","Mist Ball","Matched pinned PvPoke recommendation and exact-form move pool","unchanged","Dragon Breath; Mist Ball; Aura Sphere","https://github.com/pvpoke/pvpoke/blob/332d727a8649db56fa2ee73ee0b55feeb25127bb/src/data/rankings/all/overall/rankings-2500.json","2026-10-01T19:10:52.923Z"
"lickilicky","Lickilicky","false","","UL","","102","100","","true","Rollout","Body Slam","Shadow Ball","Body Slam","Matched pinned PvPoke recommendation and exact-form move pool","unchanged","Rollout; Body Slam; Shadow Ball","https://github.com/pvpoke/pvpoke/blob/332d727a8649db56fa2ee73ee0b55feeb25127bb/src/data/rankings/all/overall/rankings-2500.json","2026-10-01T19:10:52.923Z"
"ludicolo","Ludicolo","false","","UL","","115","112","","true","Astonish","Weather Ball (Water)","Energy Ball","","Matched pinned PvPoke recommendation and exact-form move pool","unchanged","Astonish; Weather Ball (Water); Energy Ball","https://github.com/pvpoke/pvpoke/blob/332d727a8649db56fa2ee73ee0b55feeb25127bb/src/data/rankings/all/overall/rankings-2500.json","2026-10-01T19:10:52.923Z"
"lugia","Lugia","false","genderless","UL","","146","144","","true","Dragon Tail","Aeroblast","Earth Power","Aeroblast","Matched pinned PvPoke recommendation and exact-form move pool","unchanged","Dragon Tail; Aeroblast; Earth Power","https://github.com/pvpoke/pvpoke/blob/332d727a8649db56fa2ee73ee0b55feeb25127bb/src/data/rankings/all/overall/rankings-2500.json","2026-10-01T19:10:52.923Z"
"machamp_shadow","Machamp (Shadow)","true","","UL","","175","171","","true","Karate Chop","Cross Chop","Rock Slide","Karate Chop","Matched pinned PvPoke recommendation and exact-form move pool","unchanged","Karate Chop; Cross Chop; Rock Slide","https://github.com/pvpoke/pvpoke/blob/332d727a8649db56fa2ee73ee0b55feeb25127bb/src/data/rankings/all/overall/rankings-2500.json","2026-10-01T19:10:52.923Z"
"malamar","Malamar","false","","UL","","64","62","","true","Psywave","Superpower","Foul Play","","Matched pinned PvPoke recommendation and exact-form move pool","unchanged","Psywave; Superpower; Foul Play","https://github.com/pvpoke/pvpoke/blob/332d727a8649db56fa2ee73ee0b55feeb25127bb/src/data/rankings/all/overall/rankings-2500.json","2026-10-01T19:10:52.923Z"
"malamar_shadow","Malamar (Shadow)","true","","UL","","56","54","","true","Psywave","Foul Play","Superpower","","Matched pinned PvPoke recommendation and exact-form move pool","unchanged","Psywave; Foul Play; Superpower","https://github.com/pvpoke/pvpoke/blob/332d727a8649db56fa2ee73ee0b55feeb25127bb/src/data/rankings/all/overall/rankings-2500.json","2026-10-01T19:10:52.923Z"
"mandibuzz","Mandibuzz","false","female","UL","","141","136","","true","Snarl","Dark Pulse","Shadow Ball","","Matched pinned PvPoke recommendation and exact-form move pool","unchanged","Snarl; Dark Pulse; Shadow Ball","https://github.com/pvpoke/pvpoke/blob/332d727a8649db56fa2ee73ee0b55feeb25127bb/src/data/rankings/all/overall/rankings-2500.json","2026-10-01T19:10:52.923Z"
"mantine","Mantine","false","","UL","","133","131","","true","Wing Attack","Twister","Water Pulse","","Matched pinned PvPoke recommendation and exact-form move pool","unchanged","Wing Attack; Twister; Water Pulse","https://github.com/pvpoke/pvpoke/blob/332d727a8649db56fa2ee73ee0b55feeb25127bb/src/data/rankings/all/overall/rankings-2500.json","2026-10-01T19:10:52.923Z"
"melmetal","Melmetal","false","genderless","UL","","5","5","","true","Thunder Shock","Double Iron Bash","Dynamic Punch","Double Iron Bash","Matched pinned PvPoke recommendation and exact-form move pool","unchanged","Thunder Shock; Double Iron Bash; Dynamic Punch","https://github.com/pvpoke/pvpoke/blob/332d727a8649db56fa2ee73ee0b55feeb25127bb/src/data/rankings/all/overall/rankings-2500.json","2026-10-01T19:10:52.923Z"
"mewtwo_armored","Mewtwo (Armored)","false","genderless","UL","","129","122","","true","Confusion","Psystrike","Dynamic Punch","Psystrike","Matched pinned PvPoke recommendation and exact-form move pool","unchanged","Confusion; Psystrike; Dynamic Punch","https://github.com/pvpoke/pvpoke/blob/332d727a8649db56fa2ee73ee0b55feeb25127bb/src/data/rankings/all/overall/rankings-2500.json","2026-10-01T19:10:52.923Z"
"milotic","Milotic","false","","UL","","73","71","","true","Waterfall","Aqua Tail","Wrap","","Matched pinned PvPoke recommendation and exact-form move pool","unchanged","Waterfall; Aqua Tail; Wrap","https://github.com/pvpoke/pvpoke/blob/332d727a8649db56fa2ee73ee0b55feeb25127bb/src/data/rankings/all/overall/rankings-2500.json","2026-10-01T19:10:52.923Z"
"milotic_shadow","Milotic (Shadow)","true","","UL","","53","50","","true","Waterfall","Aqua Tail","Wrap","","Matched pinned PvPoke recommendation and exact-form move pool","unchanged","Waterfall; Aqua Tail; Wrap","https://github.com/pvpoke/pvpoke/blob/332d727a8649db56fa2ee73ee0b55feeb25127bb/src/data/rankings/all/overall/rankings-2500.json","2026-10-01T19:10:52.923Z"
"miltank","Miltank","false","female","UL","","60","60","","true","Rollout","Body Slam","High Horsepower","","Matched pinned PvPoke recommendation and exact-form move pool","unchanged","Rollout; Body Slam; High Horsepower","https://github.com/pvpoke/pvpoke/blob/332d727a8649db56fa2ee73ee0b55feeb25127bb/src/data/rankings/all/overall/rankings-2500.json","2026-10-01T19:10:52.923Z"
"mimikyu","Mimikyu","false","","UL","","10","10","","true","Shadow Claw","Shadow Sneak","Play Rough","","Matched pinned PvPoke recommendation and exact-form move pool","unchanged","Shadow Claw; Shadow Sneak; Play Rough","https://github.com/pvpoke/pvpoke/blob/332d727a8649db56fa2ee73ee0b55feeb25127bb/src/data/rankings/all/overall/rankings-2500.json","2026-10-01T19:10:52.923Z"
"moltres_galarian","Moltres (Galarian)","false","genderless","UL","","13","13","","true","Sucker Punch","Fly","Brave Bird","","Matched pinned PvPoke recommendation and exact-form move pool","unchanged","Sucker Punch; Fly; Brave Bird","https://github.com/pvpoke/pvpoke/blob/332d727a8649db56fa2ee73ee0b55feeb25127bb/src/data/rankings/all/overall/rankings-2500.json","2026-10-01T19:10:52.923Z"
"muk_alolan","Muk (Alolan)","false","","UL","","36","36","","true","Poison Jab","Brutal Swing","Ice Punch","","Matched pinned PvPoke recommendation and exact-form move pool","unchanged","Poison Jab; Brutal Swing; Ice Punch","https://github.com/pvpoke/pvpoke/blob/332d727a8649db56fa2ee73ee0b55feeb25127bb/src/data/rankings/all/overall/rankings-2500.json","2026-10-01T19:10:52.923Z"
"muk_alolan_shadow","Muk (Alolan) (Shadow)","true","","UL","","69","68","","true","Poison Jab","Brutal Swing","Ice Punch","","Matched pinned PvPoke recommendation and exact-form move pool","unchanged","Poison Jab; Brutal Swing; Ice Punch","https://github.com/pvpoke/pvpoke/blob/332d727a8649db56fa2ee73ee0b55feeb25127bb/src/data/rankings/all/overall/rankings-2500.json","2026-10-01T19:10:52.923Z"
"nidoking","Nidoking","false","male","UL","","166","167","","true","Poison Sting","Avalanche","Earth Power","","Matched pinned PvPoke recommendation and exact-form move pool","unchanged","Poison Sting; Avalanche; Earth Power","https://github.com/pvpoke/pvpoke/blob/332d727a8649db56fa2ee73ee0b55feeb25127bb/src/data/rankings/all/overall/rankings-2500.json","2026-10-01T19:10:52.923Z"
"nidoqueen","Nidoqueen","false","female","UL","","122","123","","true","Mud Slap","Poison Fang","Earth Power","","Matched pinned PvPoke recommendation and exact-form move pool","unchanged","Mud Slap; Poison Fang; Earth Power","https://github.com/pvpoke/pvpoke/blob/332d727a8649db56fa2ee73ee0b55feeb25127bb/src/data/rankings/all/overall/rankings-2500.json","2026-10-01T19:10:52.923Z"
"nidoqueen_shadow","Nidoqueen (Shadow)","true","female","UL","","167","172","","true","Mud Slap","Poison Fang","Earth Power","","Matched pinned PvPoke recommendation and exact-form move pool","unchanged","Mud Slap; Poison Fang; Earth Power","https://github.com/pvpoke/pvpoke/blob/332d727a8649db56fa2ee73ee0b55feeb25127bb/src/data/rankings/all/overall/rankings-2500.json","2026-10-01T19:10:52.923Z"
"ninetales","Ninetales","false","","UL","","34","34","","true","Ember","Weather Ball (Fire)","Energy Ball","Ember; Energy Ball","Matched pinned PvPoke recommendation and exact-form move pool","unchanged","Ember; Weather Ball (Fire); Energy Ball","https://github.com/pvpoke/pvpoke/blob/332d727a8649db56fa2ee73ee0b55feeb25127bb/src/data/rankings/all/overall/rankings-2500.json","2026-10-01T19:10:52.923Z"
"ninetales_alolan","Ninetales (Alolan)","false","","UL","","24","25","","true","Powder Snow","Weather Ball (Ice)","Chilling Water","Chilling Water","Matched pinned PvPoke recommendation and exact-form move pool","unchanged","Powder Snow; Weather Ball (Ice); Chilling Water","https://github.com/pvpoke/pvpoke/blob/332d727a8649db56fa2ee73ee0b55feeb25127bb/src/data/rankings/all/overall/rankings-2500.json","2026-10-01T19:10:52.923Z"
"ninetales_alolan_shadow","Ninetales (Alolan) (Shadow)","true","","UL","","30","30","","true","Powder Snow","Weather Ball (Ice)","Chilling Water","Chilling Water","Matched pinned PvPoke recommendation and exact-form move pool","unchanged","Powder Snow; Weather Ball (Ice); Chilling Water","https://github.com/pvpoke/pvpoke/blob/332d727a8649db56fa2ee73ee0b55feeb25127bb/src/data/rankings/all/overall/rankings-2500.json","2026-10-01T19:10:52.923Z"
"ninetales_shadow","Ninetales (Shadow)","true","","UL","","65","64","","true","Ember","Weather Ball (Fire)","Energy Ball","Ember; Energy Ball","Matched pinned PvPoke recommendation and exact-form move pool","unchanged","Ember; Weather Ball (Fire); Energy Ball","https://github.com/pvpoke/pvpoke/blob/332d727a8649db56fa2ee73ee0b55feeb25127bb/src/data/rankings/all/overall/rankings-2500.json","2026-10-01T19:10:52.923Z"
"oinkologne_female","Oinkologne (Female)","false","female","UL","","78","77","","true","Take Down","Body Slam","Trailblaze","","Matched pinned PvPoke recommendation and exact-form move pool","unchanged","Take Down; Body Slam; Trailblaze","https://github.com/pvpoke/pvpoke/blob/332d727a8649db56fa2ee73ee0b55feeb25127bb/src/data/rankings/all/overall/rankings-2500.json","2026-10-01T19:10:52.923Z"
"oinkologne","Oinkologne (Male)","false","male","UL","","176","168","","true","Take Down","Body Slam","Trailblaze","","Matched pinned PvPoke recommendation and exact-form move pool","unchanged","Take Down; Body Slam; Trailblaze","https://github.com/pvpoke/pvpoke/blob/332d727a8649db56fa2ee73ee0b55feeb25127bb/src/data/rankings/all/overall/rankings-2500.json","2026-10-01T19:10:52.923Z"
"oranguru","Oranguru","false","","UL","","77","76","","true","Confusion","Brutal Swing","Trailblaze","","Matched pinned PvPoke recommendation and exact-form move pool","unchanged","Confusion; Brutal Swing; Trailblaze","https://github.com/pvpoke/pvpoke/blob/332d727a8649db56fa2ee73ee0b55feeb25127bb/src/data/rankings/all/overall/rankings-2500.json","2026-10-01T19:10:52.923Z"
"orthworm","Orthworm","false","","UL","","81","80","","true","Mud Slap","Iron Head","Rock Tomb","","Matched pinned PvPoke recommendation and exact-form move pool","unchanged","Mud Slap; Iron Head; Rock Tomb","https://github.com/pvpoke/pvpoke/blob/332d727a8649db56fa2ee73ee0b55feeb25127bb/src/data/rankings/all/overall/rankings-2500.json","2026-10-01T19:10:52.923Z"
"overqwil","Overqwil","false","","UL","","196","195","","true","Poison Jab","Aqua Tail","Dark Pulse","","Matched pinned PvPoke recommendation and exact-form move pool","unchanged","Poison Jab; Aqua Tail; Dark Pulse","https://github.com/pvpoke/pvpoke/blob/332d727a8649db56fa2ee73ee0b55feeb25127bb/src/data/rankings/all/overall/rankings-2500.json","2026-10-01T19:10:52.923Z"
"pangoro","Pangoro","false","","UL","","197","196","","true","Karate Chop","Close Combat","Night Slash","","Matched pinned PvPoke recommendation and exact-form move pool","unchanged","Karate Chop; Close Combat; Night Slash","https://github.com/pvpoke/pvpoke/blob/332d727a8649db56fa2ee73ee0b55feeb25127bb/src/data/rankings/all/overall/rankings-2500.json","2026-10-01T19:10:52.923Z"
"pangoro_shadow","Pangoro (Shadow)","true","","UL","","168","","","true","Karate Chop","Close Combat","Night Slash","","Matched pinned PvPoke recommendation and exact-form move pool","new","","https://github.com/pvpoke/pvpoke/blob/332d727a8649db56fa2ee73ee0b55feeb25127bb/src/data/rankings/all/overall/rankings-2500.json","2026-10-01T19:10:52.923Z"
"pelipper","Pelipper","false","","UL","","139","138","","true","Wing Attack","Weather Ball (Water)","Hurricane","","Matched pinned PvPoke recommendation and exact-form move pool","unchanged","Wing Attack; Weather Ball (Water); Hurricane","https://github.com/pvpoke/pvpoke/blob/332d727a8649db56fa2ee73ee0b55feeb25127bb/src/data/rankings/all/overall/rankings-2500.json","2026-10-01T19:10:52.923Z"
"piloswine","Piloswine","false","","UL","","93","92","","true","Powder Snow","Icicle Spear","High Horsepower","","Matched pinned PvPoke recommendation and exact-form move pool","unchanged","Powder Snow; Icicle Spear; High Horsepower","https://github.com/pvpoke/pvpoke/blob/332d727a8649db56fa2ee73ee0b55feeb25127bb/src/data/rankings/all/overall/rankings-2500.json","2026-10-01T19:10:52.923Z"
"piloswine_shadow","Piloswine (Shadow)","true","","UL","","84","81","","true","Powder Snow","Icicle Spear","High Horsepower","","Matched pinned PvPoke recommendation and exact-form move pool","unchanged","Powder Snow; Icicle Spear; High Horsepower","https://github.com/pvpoke/pvpoke/blob/332d727a8649db56fa2ee73ee0b55feeb25127bb/src/data/rankings/all/overall/rankings-2500.json","2026-10-01T19:10:52.923Z"
"politoed","Politoed","false","","UL","","116","113","","true","Mud Shot","Weather Ball (Water)","Earthquake","Earthquake","Matched pinned PvPoke recommendation and exact-form move pool","unchanged","Mud Shot; Weather Ball (Water); Earthquake","https://github.com/pvpoke/pvpoke/blob/332d727a8649db56fa2ee73ee0b55feeb25127bb/src/data/rankings/all/overall/rankings-2500.json","2026-10-01T19:10:52.923Z"
"politoed_shadow","Politoed (Shadow)","true","","UL","","88","86","","true","Mud Shot","Weather Ball (Water)","Earthquake","Earthquake","Matched pinned PvPoke recommendation and exact-form move pool","unchanged","Mud Shot; Weather Ball (Water); Earthquake","https://github.com/pvpoke/pvpoke/blob/332d727a8649db56fa2ee73ee0b55feeb25127bb/src/data/rankings/all/overall/rankings-2500.json","2026-10-01T19:10:52.923Z"
"primarina","Primarina","false","","UL","","50","51","","true","Waterfall","Hydro Cannon","Moonblast","Hydro Cannon","Matched pinned PvPoke recommendation and exact-form move pool","unchanged","Waterfall; Hydro Cannon; Moonblast","https://github.com/pvpoke/pvpoke/blob/332d727a8649db56fa2ee73ee0b55feeb25127bb/src/data/rankings/all/overall/rankings-2500.json","2026-10-01T19:10:52.923Z"
"quaquaval","Quaquaval","false","","UL","","199","201","","true","Low Kick","Close Combat","Hydro Cannon","Hydro Cannon","Matched pinned PvPoke recommendation and exact-form move pool","unchanged","Low Kick; Close Combat; Hydro Cannon","https://github.com/pvpoke/pvpoke/blob/332d727a8649db56fa2ee73ee0b55feeb25127bb/src/data/rankings/all/overall/rankings-2500.json","2026-10-01T19:10:52.923Z"
"raikou","Raikou","false","genderless","UL","","117","114","","true","Thunder Shock","Wild Charge","Aura Sphere","","Matched pinned PvPoke recommendation and exact-form move pool","unchanged","Thunder Shock; Wild Charge; Aura Sphere","https://github.com/pvpoke/pvpoke/blob/332d727a8649db56fa2ee73ee0b55feeb25127bb/src/data/rankings/all/overall/rankings-2500.json","2026-10-01T19:10:52.923Z"
"raikou_shadow","Raikou (Shadow)","true","genderless","UL","","94","93","","true","Thunder Shock","Wild Charge","Aura Sphere","","Matched pinned PvPoke recommendation and exact-form move pool","unchanged","Thunder Shock; Wild Charge; Aura Sphere","https://github.com/pvpoke/pvpoke/blob/332d727a8649db56fa2ee73ee0b55feeb25127bb/src/data/rankings/all/overall/rankings-2500.json","2026-10-01T19:10:52.923Z"
"rapidash","Rapidash","false","","UL","","130","130","","true","Incinerate","Wild Charge","Drill Run","Wild Charge","Matched pinned PvPoke recommendation and exact-form move pool","unchanged","Incinerate; Wild Charge; Drill Run","https://github.com/pvpoke/pvpoke/blob/332d727a8649db56fa2ee73ee0b55feeb25127bb/src/data/rankings/all/overall/rankings-2500.json","2026-10-01T19:10:52.923Z"
"rapidash_shadow","Rapidash (Shadow)","true","","UL","","118","124","","true","Incinerate","Wild Charge","Drill Run","Wild Charge","Matched pinned PvPoke recommendation and exact-form move pool","unchanged","Incinerate; Wild Charge; Drill Run","https://github.com/pvpoke/pvpoke/blob/332d727a8649db56fa2ee73ee0b55feeb25127bb/src/data/rankings/all/overall/rankings-2500.json","2026-10-01T19:10:52.923Z"
"regice","Regice","false","genderless","UL","","190","186","","true","Lock On","Thunder","Blizzard","Thunder","Matched pinned PvPoke recommendation and exact-form move pool","unchanged","Lock On; Thunder; Blizzard","https://github.com/pvpoke/pvpoke/blob/332d727a8649db56fa2ee73ee0b55feeb25127bb/src/data/rankings/all/overall/rankings-2500.json","2026-10-01T19:10:52.923Z"
"regidrago","Regidrago","false","genderless","UL","","33","33","","true","Dragon Breath","Dragon Energy","Vise Grip","Dragon Breath; Dragon Energy","Matched pinned PvPoke recommendation and exact-form move pool","unchanged","Dragon Breath; Dragon Energy; Vise Grip","https://github.com/pvpoke/pvpoke/blob/332d727a8649db56fa2ee73ee0b55feeb25127bb/src/data/rankings/all/overall/rankings-2500.json","2026-10-01T19:10:52.923Z"
"registeel","Registeel","false","genderless","UL","","28","28","","true","Lock On","Flash Cannon","Focus Blast","","Matched pinned PvPoke recommendation and exact-form move pool","unchanged","Lock On; Flash Cannon; Focus Blast","https://github.com/pvpoke/pvpoke/blob/332d727a8649db56fa2ee73ee0b55feeb25127bb/src/data/rankings/all/overall/rankings-2500.json","2026-10-01T19:10:52.923Z"
"rillaboom","Rillaboom","false","","UL","","20","21","","true","Scratch","Drum Beating","Earth Power","","Matched pinned PvPoke recommendation and exact-form move pool","unchanged","Scratch; Drum Beating; Earth Power","https://github.com/pvpoke/pvpoke/blob/332d727a8649db56fa2ee73ee0b55feeb25127bb/src/data/rankings/all/overall/rankings-2500.json","2026-10-01T19:10:52.923Z"
"runerigus","Runerigus","false","","UL","","40","43","","true","Shadow Claw","Rock Tomb","Shadow Ball","","Matched pinned PvPoke recommendation and exact-form move pool","unchanged","Shadow Claw; Rock Tomb; Shadow Ball","https://github.com/pvpoke/pvpoke/blob/332d727a8649db56fa2ee73ee0b55feeb25127bb/src/data/rankings/all/overall/rankings-2500.json","2026-10-01T19:10:52.923Z"
"samurott","Samurott","false","","UL","","66","65","","true","Fury Cutter","Hydro Cannon","Megahorn","Hydro Cannon","Matched pinned PvPoke recommendation and exact-form move pool","unchanged","Fury Cutter; Hydro Cannon; Megahorn","https://github.com/pvpoke/pvpoke/blob/332d727a8649db56fa2ee73ee0b55feeb25127bb/src/data/rankings/all/overall/rankings-2500.json","2026-10-01T19:10:52.923Z"
"samurott_shadow","Samurott (Shadow)","true","","UL","","100","99","","true","Fury Cutter","Hydro Cannon","Megahorn","Hydro Cannon","Matched pinned PvPoke recommendation and exact-form move pool","unchanged","Fury Cutter; Hydro Cannon; Megahorn","https://github.com/pvpoke/pvpoke/blob/332d727a8649db56fa2ee73ee0b55feeb25127bb/src/data/rankings/all/overall/rankings-2500.json","2026-10-01T19:10:52.923Z"
"sandslash_alolan","Sandslash (Alolan)","false","","UL","","103","101","","true","Powder Snow","Ice Punch","Drill Run","","Matched pinned PvPoke recommendation and exact-form move pool","unchanged","Powder Snow; Ice Punch; Drill Run","https://github.com/pvpoke/pvpoke/blob/332d727a8649db56fa2ee73ee0b55feeb25127bb/src/data/rankings/all/overall/rankings-2500.json","2026-10-01T19:10:52.923Z"
"sandslash_alolan_shadow","Sandslash (Alolan) (Shadow)","true","","UL","","128","127","","true","Powder Snow","Ice Punch","Drill Run","","Matched pinned PvPoke recommendation and exact-form move pool","unchanged","Powder Snow; Ice Punch; Drill Run","https://github.com/pvpoke/pvpoke/blob/332d727a8649db56fa2ee73ee0b55feeb25127bb/src/data/rankings/all/overall/rankings-2500.json","2026-10-01T19:10:52.923Z"
"scizor","Scizor","false","","UL","","184","181","","true","Fury Cutter","Night Slash","Trailblaze","","Matched pinned PvPoke recommendation and exact-form move pool","unchanged","Fury Cutter; Night Slash; Trailblaze","https://github.com/pvpoke/pvpoke/blob/332d727a8649db56fa2ee73ee0b55feeb25127bb/src/data/rankings/all/overall/rankings-2500.json","2026-10-01T19:10:52.923Z"
"scizor_shadow","Scizor (Shadow)","true","","UL","","158","158","","true","Fury Cutter","Night Slash","Trailblaze","","Matched pinned PvPoke recommendation and exact-form move pool","unchanged","Fury Cutter; Night Slash; Trailblaze","https://github.com/pvpoke/pvpoke/blob/332d727a8649db56fa2ee73ee0b55feeb25127bb/src/data/rankings/all/overall/rankings-2500.json","2026-10-01T19:10:52.923Z"
"seaking","Seaking","false","","UL","","43","45","","true","Peck","Drill Run","Icy Wind","Drill Run; Icy Wind","Matched pinned PvPoke recommendation and exact-form move pool","unchanged","Peck; Drill Run; Icy Wind","https://github.com/pvpoke/pvpoke/blob/332d727a8649db56fa2ee73ee0b55feeb25127bb/src/data/rankings/all/overall/rankings-2500.json","2026-10-01T19:10:52.923Z"
"seismitoad","Seismitoad","false","","UL","","62","58","","true","Mud Shot","Earth Power","Icy Wind","","Matched pinned PvPoke recommendation and exact-form move pool","unchanged","Mud Shot; Earth Power; Icy Wind","https://github.com/pvpoke/pvpoke/blob/332d727a8649db56fa2ee73ee0b55feeb25127bb/src/data/rankings/all/overall/rankings-2500.json","2026-10-01T19:10:52.923Z"
"skarmory","Skarmory","false","","UL","","180","179","","true","Air Slash","Brave Bird","Drill Run","","Matched pinned PvPoke recommendation and exact-form move pool","unchanged","Air Slash; Brave Bird; Drill Run","https://github.com/pvpoke/pvpoke/blob/332d727a8649db56fa2ee73ee0b55feeb25127bb/src/data/rankings/all/overall/rankings-2500.json","2026-10-01T19:10:52.923Z"
"skarmory_shadow","Skarmory (Shadow)","true","","UL","","185","184","","true","Air Slash","Brave Bird","Drill Run","","Matched pinned PvPoke recommendation and exact-form move pool","unchanged","Air Slash; Brave Bird; Drill Run","https://github.com/pvpoke/pvpoke/blob/332d727a8649db56fa2ee73ee0b55feeb25127bb/src/data/rankings/all/overall/rankings-2500.json","2026-10-01T19:10:52.923Z"
"skeledirge","Skeledirge","false","","UL","","21","20","","true","Incinerate","Torch Song","Shadow Ball","","Matched pinned PvPoke recommendation and exact-form move pool","unchanged","Incinerate; Torch Song; Shadow Ball","https://github.com/pvpoke/pvpoke/blob/332d727a8649db56fa2ee73ee0b55feeb25127bb/src/data/rankings/all/overall/rankings-2500.json","2026-10-01T19:10:52.923Z"
"slurpuff","Slurpuff","false","","UL","","119","115","","true","Fairy Wind","Draining Kiss","Energy Ball","","Matched pinned PvPoke recommendation and exact-form move pool","unchanged","Fairy Wind; Draining Kiss; Energy Ball","https://github.com/pvpoke/pvpoke/blob/332d727a8649db56fa2ee73ee0b55feeb25127bb/src/data/rankings/all/overall/rankings-2500.json","2026-10-01T19:10:52.923Z"
"snorlax","Snorlax","false","","UL","","11","11","","true","Psywave","Body Slam","Earthquake","","Matched pinned PvPoke recommendation and exact-form move pool","unchanged","Psywave; Body Slam; Earthquake","https://github.com/pvpoke/pvpoke/blob/332d727a8649db56fa2ee73ee0b55feeb25127bb/src/data/rankings/all/overall/rankings-2500.json","2026-10-01T19:10:52.923Z"
"snorlax_shadow","Snorlax (Shadow)","true","","UL","","3","3","","true","Psywave","Body Slam","Earthquake","","Matched pinned PvPoke recommendation and exact-form move pool","unchanged","Psywave; Body Slam; Earthquake","https://github.com/pvpoke/pvpoke/blob/332d727a8649db56fa2ee73ee0b55feeb25127bb/src/data/rankings/all/overall/rankings-2500.json","2026-10-01T19:10:52.923Z"
"spiritomb","Spiritomb","false","","UL","","153","153","","true","Sucker Punch","Shadow Ball","Rock Tomb","","Matched pinned PvPoke recommendation and exact-form move pool","unchanged","Sucker Punch; Shadow Ball; Rock Tomb","https://github.com/pvpoke/pvpoke/blob/332d727a8649db56fa2ee73ee0b55feeb25127bb/src/data/rankings/all/overall/rankings-2500.json","2026-10-01T19:10:52.923Z"
"starmie_shadow","Starmie (Shadow)","true","genderless","UL","","161","160","","true","Psywave","Aqua Jet","Power Gem","","Matched pinned PvPoke recommendation and exact-form move pool","unchanged","Psywave; Aqua Jet; Power Gem","https://github.com/pvpoke/pvpoke/blob/332d727a8649db56fa2ee73ee0b55feeb25127bb/src/data/rankings/all/overall/rankings-2500.json","2026-10-01T19:10:52.923Z"
"steelix","Steelix","false","","UL","","44","44","","true","Thunder Fang","Psychic Fangs","Earthquake","","Matched pinned PvPoke recommendation and exact-form move pool","unchanged","Thunder Fang; Psychic Fangs; Earthquake","https://github.com/pvpoke/pvpoke/blob/332d727a8649db56fa2ee73ee0b55feeb25127bb/src/data/rankings/all/overall/rankings-2500.json","2026-10-01T19:10:52.923Z"
"steelix_shadow","Steelix (Shadow)","true","","UL","","48","47","","true","Thunder Fang","Psychic Fangs","Crunch","","Matched pinned PvPoke recommendation and exact-form move pool","unchanged","Thunder Fang; Psychic Fangs; Crunch","https://github.com/pvpoke/pvpoke/blob/332d727a8649db56fa2ee73ee0b55feeb25127bb/src/data/rankings/all/overall/rankings-2500.json","2026-10-01T19:10:52.923Z"
"stunfisk","Stunfisk","false","","UL","","136","132","","true","Thunder Shock","Mud Bomb","Discharge","","Matched pinned PvPoke recommendation and exact-form move pool","unchanged","Thunder Shock; Mud Bomb; Discharge","https://github.com/pvpoke/pvpoke/blob/332d727a8649db56fa2ee73ee0b55feeb25127bb/src/data/rankings/all/overall/rankings-2500.json","2026-10-01T19:10:52.923Z"
"stunfisk_galarian","Stunfisk (Galarian)","false","","UL","","131","128","","true","Mud Shot","Rock Slide","Earthquake","","Matched pinned PvPoke recommendation and exact-form move pool","unchanged","Mud Shot; Rock Slide; Earthquake","https://github.com/pvpoke/pvpoke/blob/332d727a8649db56fa2ee73ee0b55feeb25127bb/src/data/rankings/all/overall/rankings-2500.json","2026-10-01T19:10:52.923Z"
"swampert","Swampert","false","","UL","","54","48","","true","Mud Shot","Hydro Cannon","Earthquake","Hydro Cannon","Matched pinned PvPoke recommendation and exact-form move pool","unchanged","Mud Shot; Hydro Cannon; Earthquake","https://github.com/pvpoke/pvpoke/blob/332d727a8649db56fa2ee73ee0b55feeb25127bb/src/data/rankings/all/overall/rankings-2500.json","2026-10-01T19:10:52.923Z"
"swampert_shadow","Swampert (Shadow)","true","","UL","","89","89","","true","Mud Shot","Hydro Cannon","Earthquake","Hydro Cannon","Matched pinned PvPoke recommendation and exact-form move pool","unchanged","Mud Shot; Hydro Cannon; Earthquake","https://github.com/pvpoke/pvpoke/blob/332d727a8649db56fa2ee73ee0b55feeb25127bb/src/data/rankings/all/overall/rankings-2500.json","2026-10-01T19:10:52.923Z"
"sylveon","Sylveon","false","","UL","","104","102","","true","Fairy Wind","Draining Kiss","Shadow Ball","","Matched pinned PvPoke recommendation and exact-form move pool","unchanged","Fairy Wind; Draining Kiss; Shadow Ball","https://github.com/pvpoke/pvpoke/blob/332d727a8649db56fa2ee73ee0b55feeb25127bb/src/data/rankings/all/overall/rankings-2500.json","2026-10-01T19:10:52.923Z"
"talonflame","Talonflame","false","","UL","","38","38","","true","Incinerate","Fly","Brave Bird","Incinerate","Matched pinned PvPoke recommendation and exact-form move pool","unchanged","Incinerate; Fly; Brave Bird","https://github.com/pvpoke/pvpoke/blob/332d727a8649db56fa2ee73ee0b55feeb25127bb/src/data/rankings/all/overall/rankings-2500.json","2026-10-01T19:10:52.923Z"
"talonflame_shadow","Talonflame (Shadow)","true","","UL","","57","56","","true","Incinerate","Fly","Brave Bird","Incinerate","Matched pinned PvPoke recommendation and exact-form move pool","unchanged","Incinerate; Fly; Brave Bird","https://github.com/pvpoke/pvpoke/blob/332d727a8649db56fa2ee73ee0b55feeb25127bb/src/data/rankings/all/overall/rankings-2500.json","2026-10-01T19:10:52.923Z"
"tapu_fini","Tapu Fini","false","genderless","UL","","181","180","","true","Water Gun","Surf","Nature's Madness","Nature's Madness","Matched pinned PvPoke recommendation and exact-form move pool","unchanged","Water Gun; Surf; Nature's Madness","https://github.com/pvpoke/pvpoke/blob/332d727a8649db56fa2ee73ee0b55feeb25127bb/src/data/rankings/all/overall/rankings-2500.json","2026-10-01T19:10:52.923Z"
"tentacruel","Tentacruel","false","","UL","","82","83","","true","Acid","Scald","Payback","","Matched pinned PvPoke recommendation and exact-form move pool","unchanged","Acid; Scald; Payback","https://github.com/pvpoke/pvpoke/blob/332d727a8649db56fa2ee73ee0b55feeb25127bb/src/data/rankings/all/overall/rankings-2500.json","2026-10-01T19:10:52.923Z"
"tentacruel_shadow","Tentacruel (Shadow)","true","","UL","","86","87","","true","Acid","Scald","Payback","","Matched pinned PvPoke recommendation and exact-form move pool","unchanged","Acid; Scald; Payback","https://github.com/pvpoke/pvpoke/blob/332d727a8649db56fa2ee73ee0b55feeb25127bb/src/data/rankings/all/overall/rankings-2500.json","2026-10-01T19:10:52.923Z"
"thievul","Thievul","false","","UL","","172","164","","true","Sucker Punch","Night Slash","Icy Wind","Icy Wind","Matched pinned PvPoke recommendation and exact-form move pool","unchanged","Sucker Punch; Night Slash; Icy Wind","https://github.com/pvpoke/pvpoke/blob/332d727a8649db56fa2ee73ee0b55feeb25127bb/src/data/rankings/all/overall/rankings-2500.json","2026-10-01T19:10:52.923Z"
"throh_shadow","Throh (Shadow)","true","male","UL","","162","165","","true","Low Kick","Brick Break","Body Slam","","Matched pinned PvPoke recommendation and exact-form move pool","unchanged","Low Kick; Brick Break; Body Slam","https://github.com/pvpoke/pvpoke/blob/332d727a8649db56fa2ee73ee0b55feeb25127bb/src/data/rankings/all/overall/rankings-2500.json","2026-10-01T19:10:52.923Z"
"tinkaton","Tinkaton","false","female","UL","","1","1","","true","Fairy Wind","Gigaton Hammer","Bulldoze","Gigaton Hammer","Matched pinned PvPoke recommendation and exact-form move pool","unchanged","Fairy Wind; Gigaton Hammer; Bulldoze","https://github.com/pvpoke/pvpoke/blob/332d727a8649db56fa2ee73ee0b55feeb25127bb/src/data/rankings/all/overall/rankings-2500.json","2026-10-01T19:10:52.923Z"
"toedscruel","Toedscruel","false","","UL","","186","185","","true","Mud Slap","Seed Bomb","Earth Power","","Matched pinned PvPoke recommendation and exact-form move pool","unchanged","Mud Slap; Seed Bomb; Earth Power","https://github.com/pvpoke/pvpoke/blob/332d727a8649db56fa2ee73ee0b55feeb25127bb/src/data/rankings/all/overall/rankings-2500.json","2026-10-01T19:10:52.923Z"
"togekiss","Togekiss","false","","UL","","58","61","","true","Peck","Psyshock","Aura Sphere","Aura Sphere","Matched pinned PvPoke recommendation and exact-form move pool","unchanged","Peck; Psyshock; Aura Sphere","https://github.com/pvpoke/pvpoke/blob/332d727a8649db56fa2ee73ee0b55feeb25127bb/src/data/rankings/all/overall/rankings-2500.json","2026-10-01T19:10:52.923Z"
"toucannon","Toucannon","false","","UL","","46","49","","true","Peck","Beak Blast","Drill Peck","Beak Blast","Matched pinned PvPoke recommendation and exact-form move pool","unchanged","Peck; Beak Blast; Drill Peck","https://github.com/pvpoke/pvpoke/blob/332d727a8649db56fa2ee73ee0b55feeb25127bb/src/data/rankings/all/overall/rankings-2500.json","2026-10-01T19:10:52.923Z"
"toucannon_shadow","Toucannon (Shadow)","true","","UL","","63","63","","true","Peck","Beak Blast","Drill Peck","Beak Blast","Matched pinned PvPoke recommendation and exact-form move pool","unchanged","Peck; Beak Blast; Drill Peck","https://github.com/pvpoke/pvpoke/blob/332d727a8649db56fa2ee73ee0b55feeb25127bb/src/data/rankings/all/overall/rankings-2500.json","2026-10-01T19:10:52.923Z"
"trevenant","Trevenant","false","","UL","","154","154","","true","Shadow Claw","Shadow Ball","Seed Bomb","","Matched pinned PvPoke recommendation and exact-form move pool","unchanged","Shadow Claw; Shadow Ball; Seed Bomb","https://github.com/pvpoke/pvpoke/blob/332d727a8649db56fa2ee73ee0b55feeb25127bb/src/data/rankings/all/overall/rankings-2500.json","2026-10-01T19:10:52.923Z"
"trevenant_shadow","Trevenant (Shadow)","true","","UL","","147","145","","true","Shadow Claw","Shadow Ball","Seed Bomb","","Matched pinned PvPoke recommendation and exact-form move pool","unchanged","Shadow Claw; Shadow Ball; Seed Bomb","https://github.com/pvpoke/pvpoke/blob/332d727a8649db56fa2ee73ee0b55feeb25127bb/src/data/rankings/all/overall/rankings-2500.json","2026-10-01T19:10:52.923Z"
"turtonator","Turtonator","false","","UL","","70","70","","true","Incinerate","Brutal Swing","Dragon Claw","","Matched pinned PvPoke recommendation and exact-form move pool","unchanged","Incinerate; Brutal Swing; Dragon Claw","https://github.com/pvpoke/pvpoke/blob/332d727a8649db56fa2ee73ee0b55feeb25127bb/src/data/rankings/all/overall/rankings-2500.json","2026-10-01T19:10:52.923Z"
"umbreon","Umbreon","false","","UL","","123","119","","true","Snarl","Dark Pulse","Last Resort","Last Resort","Matched pinned PvPoke recommendation and exact-form move pool","unchanged","Snarl; Dark Pulse; Last Resort","https://github.com/pvpoke/pvpoke/blob/332d727a8649db56fa2ee73ee0b55feeb25127bb/src/data/rankings/all/overall/rankings-2500.json","2026-10-01T19:10:52.923Z"
"ursaluna","Ursaluna","false","","UL","","144","142","","true","Scratch","Thunder Punch","High Horsepower","High Horsepower","Matched pinned PvPoke recommendation and exact-form move pool","unchanged","Scratch; Thunder Punch; High Horsepower","https://github.com/pvpoke/pvpoke/blob/332d727a8649db56fa2ee73ee0b55feeb25127bb/src/data/rankings/all/overall/rankings-2500.json","2026-10-01T19:10:52.923Z"
"ursaluna_shadow","Ursaluna (Shadow)","true","","UL","","169","169","","true","Scratch","Thunder Punch","High Horsepower","High Horsepower","Matched pinned PvPoke recommendation and exact-form move pool","unchanged","Scratch; Thunder Punch; High Horsepower","https://github.com/pvpoke/pvpoke/blob/332d727a8649db56fa2ee73ee0b55feeb25127bb/src/data/rankings/all/overall/rankings-2500.json","2026-10-01T19:10:52.923Z"
"victreebel","Victreebel","false","","UL","","149","149","","true","Sucker Punch","Leaf Blade","Sludge Bomb","","Matched pinned PvPoke recommendation and exact-form move pool","unchanged","Sucker Punch; Leaf Blade; Sludge Bomb","https://github.com/pvpoke/pvpoke/blob/332d727a8649db56fa2ee73ee0b55feeb25127bb/src/data/rankings/all/overall/rankings-2500.json","2026-10-01T19:10:52.923Z"
"victreebel_shadow","Victreebel (Shadow)","true","","UL","","177","173","","true","Sucker Punch","Leaf Blade","Acid Spray","","Matched pinned PvPoke recommendation and exact-form move pool","unchanged","Sucker Punch; Leaf Blade; Acid Spray","https://github.com/pvpoke/pvpoke/blob/332d727a8649db56fa2ee73ee0b55feeb25127bb/src/data/rankings/all/overall/rankings-2500.json","2026-10-01T19:10:52.923Z"
"virizion","Virizion","false","genderless","UL","","6","6","","true","Double Kick","Leaf Blade","Sacred Sword","Sacred Sword","Matched pinned PvPoke recommendation and exact-form move pool","unchanged","Double Kick; Leaf Blade; Sacred Sword","https://github.com/pvpoke/pvpoke/blob/332d727a8649db56fa2ee73ee0b55feeb25127bb/src/data/rankings/all/overall/rankings-2500.json","2026-10-01T19:10:52.923Z"
"walrein","Walrein","false","","UL","","45","40","","true","Powder Snow","Icicle Spear","Earthquake","Powder Snow; Icicle Spear","Matched pinned PvPoke recommendation and exact-form move pool","unchanged","Powder Snow; Icicle Spear; Earthquake","https://github.com/pvpoke/pvpoke/blob/332d727a8649db56fa2ee73ee0b55feeb25127bb/src/data/rankings/all/overall/rankings-2500.json","2026-10-01T19:10:52.923Z"
"walrein_shadow","Walrein (Shadow)","true","","UL","","41","41","","true","Powder Snow","Icicle Spear","Earthquake","Powder Snow; Icicle Spear","Matched pinned PvPoke recommendation and exact-form move pool","unchanged","Powder Snow; Icicle Spear; Earthquake","https://github.com/pvpoke/pvpoke/blob/332d727a8649db56fa2ee73ee0b55feeb25127bb/src/data/rankings/all/overall/rankings-2500.json","2026-10-01T19:10:52.923Z"
"weezing_galarian","Weezing (Galarian)","false","","UL","","120","120","","true","Fairy Wind","Brutal Swing","Sludge","","Matched pinned PvPoke recommendation and exact-form move pool","unchanged","Fairy Wind; Brutal Swing; Sludge","https://github.com/pvpoke/pvpoke/blob/332d727a8649db56fa2ee73ee0b55feeb25127bb/src/data/rankings/all/overall/rankings-2500.json","2026-10-01T19:10:52.923Z"
"weezing_galarian_shadow","Weezing (Galarian) (Shadow)","true","","UL","","113","116","","true","Fairy Wind","Brutal Swing","Sludge","","Matched pinned PvPoke recommendation and exact-form move pool","unchanged","Fairy Wind; Brutal Swing; Sludge","https://github.com/pvpoke/pvpoke/blob/332d727a8649db56fa2ee73ee0b55feeb25127bb/src/data/rankings/all/overall/rankings-2500.json","2026-10-01T19:10:52.923Z"
"yveltal","Yveltal","false","genderless","UL","","148","147","","true","Sucker Punch","Dark Pulse","Oblivion Wing","Oblivion Wing","Matched pinned PvPoke recommendation and exact-form move pool","unchanged","Sucker Punch; Dark Pulse; Oblivion Wing","https://github.com/pvpoke/pvpoke/blob/332d727a8649db56fa2ee73ee0b55feeb25127bb/src/data/rankings/all/overall/rankings-2500.json","2026-10-01T19:10:52.923Z"
"zapdos","Zapdos","false","genderless","UL","","97","97","","true","Thunder Shock","Drill Peck","Thunderbolt","Thunder Shock","Matched pinned PvPoke recommendation and exact-form move pool","unchanged","Thunder Shock; Drill Peck; Thunderbolt","https://github.com/pvpoke/pvpoke/blob/332d727a8649db56fa2ee73ee0b55feeb25127bb/src/data/rankings/all/overall/rankings-2500.json","2026-10-01T19:10:52.923Z"
"zapdos_shadow","Zapdos (Shadow)","true","genderless","UL","","114","111","","true","Thunder Shock","Drill Peck","Thunderbolt","Thunder Shock","Matched pinned PvPoke recommendation and exact-form move pool","unchanged","Thunder Shock; Drill Peck; Thunderbolt","https://github.com/pvpoke/pvpoke/blob/332d727a8649db56fa2ee73ee0b55feeb25127bb/src/data/rankings/all/overall/rankings-2500.json","2026-10-01T19:10:52.923Z"
"zekrom","Zekrom","false","genderless","UL","","173","426","","true","Dragon Breath","Fusion Bolt","Outrage","Fusion Bolt","Matched pinned PvPoke recommendation and exact-form move pool","updated","Dragon Breath; Crunch; Wild Charge","https://github.com/pvpoke/pvpoke/blob/332d727a8649db56fa2ee73ee0b55feeb25127bb/src/data/rankings/all/overall/rankings-2500.json","2026-10-01T19:10:52.923Z"
"zekrom_shadow","Zekrom (Shadow)","true","genderless","UL","","191","","","true","Dragon Breath","Fusion Bolt","Outrage","Fusion Bolt","Matched pinned PvPoke recommendation and exact-form move pool","new","","https://github.com/pvpoke/pvpoke/blob/332d727a8649db56fa2ee73ee0b55feeb25127bb/src/data/rankings/all/overall/rankings-2500.json","2026-10-01T19:10:52.923Z"
"zeraora","Zeraora","false","genderless","UL","","182","174","","true","Volt Switch","Plasma Fists","Dynamic Punch","","Matched pinned PvPoke recommendation and exact-form move pool","unchanged","Volt Switch; Plasma Fists; Dynamic Punch","https://github.com/pvpoke/pvpoke/blob/332d727a8649db56fa2ee73ee0b55feeb25127bb/src/data/rankings/all/overall/rankings-2500.json","2026-10-01T19:10:52.923Z"
"zygarde_complete","Zygarde (Complete Forme)","false","genderless","UL","","8","7","","true","Dragon Tail","Crunch","Bulldoze","","Matched pinned PvPoke recommendation and exact-form move pool","unchanged","Dragon Tail; Crunch; Bulldoze","https://github.com/pvpoke/pvpoke/blob/332d727a8649db56fa2ee73ee0b55feeb25127bb/src/data/rankings/all/overall/rankings-2500.json","2026-10-01T19:10:52.923Z"
"aggron","Aggron","false","","ML","","159","158","","true","Metal Sound","Meteor Beam","Brick Break","","Matched pinned PvPoke recommendation and exact-form move pool","unchanged","Metal Sound; Meteor Beam; Brick Break","https://github.com/pvpoke/pvpoke/blob/332d727a8649db56fa2ee73ee0b55feeb25127bb/src/data/rankings/all/overall/rankings-10000.json","2026-10-01T19:10:52.923Z"
"aggron_shadow","Aggron (Shadow)","true","","ML","","161","160","","true","Metal Sound","Meteor Beam","Brick Break","","Matched pinned PvPoke recommendation and exact-form move pool","unchanged","Metal Sound; Meteor Beam; Brick Break","https://github.com/pvpoke/pvpoke/blob/332d727a8649db56fa2ee73ee0b55feeb25127bb/src/data/rankings/all/overall/rankings-10000.json","2026-10-01T19:10:52.923Z"
"annihilape","Annihilape","false","","ML","","93","93","","true","Counter","Rage Fist","Ice Punch","Rage Fist","Matched pinned PvPoke recommendation and exact-form move pool","unchanged","Counter; Rage Fist; Ice Punch","https://github.com/pvpoke/pvpoke/blob/332d727a8649db56fa2ee73ee0b55feeb25127bb/src/data/rankings/all/overall/rankings-10000.json","2026-10-01T19:10:52.923Z"
"annihilape_shadow","Annihilape (Shadow)","true","","ML","","95","91","","true","Counter","Rage Fist","Ice Punch","Rage Fist","Matched pinned PvPoke recommendation and exact-form move pool","unchanged","Counter; Rage Fist; Ice Punch","https://github.com/pvpoke/pvpoke/blob/332d727a8649db56fa2ee73ee0b55feeb25127bb/src/data/rankings/all/overall/rankings-10000.json","2026-10-01T19:10:52.923Z"
"armarouge","Armarouge","false","","ML","","141","141","","true","Incinerate","Psyshock","Heat Wave","","Matched pinned PvPoke recommendation and exact-form move pool","unchanged","Incinerate; Psyshock; Heat Wave","https://github.com/pvpoke/pvpoke/blob/332d727a8649db56fa2ee73ee0b55feeb25127bb/src/data/rankings/all/overall/rankings-10000.json","2026-10-01T19:10:52.923Z"
"articuno","Articuno","false","genderless","ML","","128","126","","true","Powder Snow","Icy Wind","Hurricane","Hurricane","Matched pinned PvPoke recommendation and exact-form move pool","unchanged","Powder Snow; Icy Wind; Hurricane","https://github.com/pvpoke/pvpoke/blob/332d727a8649db56fa2ee73ee0b55feeb25127bb/src/data/rankings/all/overall/rankings-10000.json","2026-10-01T19:10:52.923Z"
"articuno_shadow","Articuno (Shadow)","true","genderless","ML","","151","149","","true","Powder Snow","Icy Wind","Hurricane","Hurricane","Matched pinned PvPoke recommendation and exact-form move pool","unchanged","Powder Snow; Icy Wind; Hurricane","https://github.com/pvpoke/pvpoke/blob/332d727a8649db56fa2ee73ee0b55feeb25127bb/src/data/rankings/all/overall/rankings-10000.json","2026-10-01T19:10:52.923Z"
"aurorus_shadow","Aurorus (Shadow)","true","","ML","","178","178","","true","Powder Snow","Weather Ball (Ice)","Meteor Beam","","Matched pinned PvPoke recommendation and exact-form move pool","unchanged","Powder Snow; Weather Ball (Ice); Meteor Beam","https://github.com/pvpoke/pvpoke/blob/332d727a8649db56fa2ee73ee0b55feeb25127bb/src/data/rankings/all/overall/rankings-10000.json","2026-10-01T19:10:52.923Z"
"avalugg","Avalugg","false","","ML","","116","116","","true","Bite","Icy Wind","Earthquake","","Matched pinned PvPoke recommendation and exact-form move pool","unchanged","Bite; Icy Wind; Earthquake","https://github.com/pvpoke/pvpoke/blob/332d727a8649db56fa2ee73ee0b55feeb25127bb/src/data/rankings/all/overall/rankings-10000.json","2026-10-01T19:10:52.923Z"
"avalugg_hisuian","Avalugg (Hisuian)","false","","ML","","127","124","","true","Powder Snow","Rock Slide","Icy Wind","","Matched pinned PvPoke recommendation and exact-form move pool","unchanged","Powder Snow; Rock Slide; Icy Wind","https://github.com/pvpoke/pvpoke/blob/332d727a8649db56fa2ee73ee0b55feeb25127bb/src/data/rankings/all/overall/rankings-10000.json","2026-10-01T19:10:52.923Z"
"baxcalibur","Baxcalibur","false","","ML","","75","75","","true","Dragon Breath","Glaive Rush","Avalanche","Glaive Rush","Matched pinned PvPoke recommendation and exact-form move pool","unchanged","Dragon Breath; Glaive Rush; Avalanche","https://github.com/pvpoke/pvpoke/blob/332d727a8649db56fa2ee73ee0b55feeb25127bb/src/data/rankings/all/overall/rankings-10000.json","2026-10-01T19:10:52.923Z"
"bewear_shadow","Bewear (Shadow)","true","","ML","","194","191","","true","Low Kick","Superpower","Stomp","","Matched pinned PvPoke recommendation and exact-form move pool","unchanged","Low Kick; Superpower; Stomp","https://github.com/pvpoke/pvpoke/blob/332d727a8649db56fa2ee73ee0b55feeb25127bb/src/data/rankings/all/overall/rankings-10000.json","2026-10-01T19:10:52.923Z"
"blacephalon","Blacephalon","false","genderless","ML","","130","130","","true","Incinerate","Mind Blown","Shadow Ball","Mind Blown","Matched pinned PvPoke recommendation and exact-form move pool","unchanged","Incinerate; Mind Blown; Shadow Ball","https://github.com/pvpoke/pvpoke/blob/332d727a8649db56fa2ee73ee0b55feeb25127bb/src/data/rankings/all/overall/rankings-10000.json","2026-10-01T19:10:52.923Z"
"buzzwole","Buzzwole","false","genderless","ML","","158","152","","true","Counter","Superpower","Lunge","","Matched pinned PvPoke recommendation and exact-form move pool","unchanged","Counter; Superpower; Lunge","https://github.com/pvpoke/pvpoke/blob/332d727a8649db56fa2ee73ee0b55feeb25127bb/src/data/rankings/all/overall/rankings-10000.json","2026-10-01T19:10:52.923Z"
"celebi","Celebi","false","genderless","ML","","163","159","","true","Confusion","Aura Sphere","Leaf Storm","","Matched pinned PvPoke recommendation and exact-form move pool","unchanged","Confusion; Aura Sphere; Leaf Storm","https://github.com/pvpoke/pvpoke/blob/332d727a8649db56fa2ee73ee0b55feeb25127bb/src/data/rankings/all/overall/rankings-10000.json","2026-10-01T19:10:52.923Z"
"centiskorch","Centiskorch","false","","ML","","146","145","","true","Ember","Lunge","Heat Wave","","Matched pinned PvPoke recommendation and exact-form move pool","updated","Ember; Heat Wave; Lunge","https://github.com/pvpoke/pvpoke/blob/332d727a8649db56fa2ee73ee0b55feeb25127bb/src/data/rankings/all/overall/rankings-10000.json","2026-10-01T19:10:52.923Z"
"ceruledge","Ceruledge","false","","ML","","171","172","","true","Incinerate","Shadow Ball","Heat Wave","","Matched pinned PvPoke recommendation and exact-form move pool","unchanged","Incinerate; Shadow Ball; Heat Wave","https://github.com/pvpoke/pvpoke/blob/332d727a8649db56fa2ee73ee0b55feeb25127bb/src/data/rankings/all/overall/rankings-10000.json","2026-10-01T19:10:52.923Z"
"cetitan","Cetitan","false","","ML","","149","147","","true","Powder Snow","Avalanche","Superpower","","Matched pinned PvPoke recommendation and exact-form move pool","unchanged","Powder Snow; Avalanche; Superpower","https://github.com/pvpoke/pvpoke/blob/332d727a8649db56fa2ee73ee0b55feeb25127bb/src/data/rankings/all/overall/rankings-10000.json","2026-10-01T19:10:52.923Z"
"chandelure","Chandelure","false","","ML","","186","167","","true","Incinerate","Shadow Ball","Energy Ball","","Matched pinned PvPoke recommendation and exact-form move pool","updated","Incinerate; Shadow Ball; Flame Charge","https://github.com/pvpoke/pvpoke/blob/332d727a8649db56fa2ee73ee0b55feeb25127bb/src/data/rankings/all/overall/rankings-10000.json","2026-10-01T19:10:52.923Z"
"chandelure_shadow","Chandelure (Shadow)","true","","ML","","180","183","","true","Incinerate","Shadow Ball","Energy Ball","","Matched pinned PvPoke recommendation and exact-form move pool","updated","Incinerate; Shadow Ball; Flame Charge","https://github.com/pvpoke/pvpoke/blob/332d727a8649db56fa2ee73ee0b55feeb25127bb/src/data/rankings/all/overall/rankings-10000.json","2026-10-01T19:10:52.923Z"
"charizard","Charizard","false","","ML","","184","182","","true","Dragon Breath","Blast Burn","Air Cutter","Dragon Breath; Blast Burn","Matched pinned PvPoke recommendation and exact-form move pool","unchanged","Dragon Breath; Blast Burn; Air Cutter","https://github.com/pvpoke/pvpoke/blob/332d727a8649db56fa2ee73ee0b55feeb25127bb/src/data/rankings/all/overall/rankings-10000.json","2026-10-01T19:10:52.923Z"
"chesnaught","Chesnaught","false","","ML","","175","173","","true","Low Kick","Superpower","Frenzy Plant","Frenzy Plant","Matched pinned PvPoke recommendation and exact-form move pool","unchanged","Low Kick; Superpower; Frenzy Plant","https://github.com/pvpoke/pvpoke/blob/332d727a8649db56fa2ee73ee0b55feeb25127bb/src/data/rankings/all/overall/rankings-10000.json","2026-10-01T19:10:52.923Z"
"chesnaught_shadow","Chesnaught (Shadow)","true","","ML","","125","121","","true","Low Kick","Superpower","Frenzy Plant","Frenzy Plant","Matched pinned PvPoke recommendation and exact-form move pool","unchanged","Low Kick; Superpower; Frenzy Plant","https://github.com/pvpoke/pvpoke/blob/332d727a8649db56fa2ee73ee0b55feeb25127bb/src/data/rankings/all/overall/rankings-10000.json","2026-10-01T19:10:52.923Z"
"cobalion","Cobalion","false","genderless","ML","","118","117","","true","Double Kick","Sacred Sword","Stone Edge","Sacred Sword","Matched pinned PvPoke recommendation and exact-form move pool","unchanged","Double Kick; Sacred Sword; Stone Edge","https://github.com/pvpoke/pvpoke/blob/332d727a8649db56fa2ee73ee0b55feeb25127bb/src/data/rankings/all/overall/rankings-10000.json","2026-10-01T19:10:52.923Z"
"conkeldurr","Conkeldurr","false","","ML","","112","110","","true","Force Palm","Dynamic Punch","Brutal Swing","Brutal Swing","Matched pinned PvPoke recommendation and exact-form move pool","unchanged","Force Palm; Dynamic Punch; Brutal Swing","https://github.com/pvpoke/pvpoke/blob/332d727a8649db56fa2ee73ee0b55feeb25127bb/src/data/rankings/all/overall/rankings-10000.json","2026-10-01T19:10:52.923Z"
"conkeldurr_shadow","Conkeldurr (Shadow)","true","","ML","","66","64","","true","Force Palm","Dynamic Punch","Brutal Swing","Brutal Swing","Matched pinned PvPoke recommendation and exact-form move pool","unchanged","Force Palm; Dynamic Punch; Brutal Swing","https://github.com/pvpoke/pvpoke/blob/332d727a8649db56fa2ee73ee0b55feeb25127bb/src/data/rankings/all/overall/rankings-10000.json","2026-10-01T19:10:52.923Z"
"cresselia","Cresselia","false","female","ML","","136","135","","true","Psycho Cut","Moonblast","Grass Knot","Grass Knot","Matched pinned PvPoke recommendation and exact-form move pool","unchanged","Psycho Cut; Moonblast; Grass Knot","https://github.com/pvpoke/pvpoke/blob/332d727a8649db56fa2ee73ee0b55feeb25127bb/src/data/rankings/all/overall/rankings-10000.json","2026-10-01T19:10:52.923Z"
"darkrai","Darkrai","false","genderless","ML","","134","132","","true","Sucker Punch","Foul Play","Shadow Ball","","Matched pinned PvPoke recommendation and exact-form move pool","unchanged","Sucker Punch; Foul Play; Shadow Ball","https://github.com/pvpoke/pvpoke/blob/332d727a8649db56fa2ee73ee0b55feeb25127bb/src/data/rankings/all/overall/rankings-10000.json","2026-10-01T19:10:52.923Z"
"darkrai_shadow","Darkrai (Shadow)","true","genderless","ML","","78","77","","true","Sucker Punch","Foul Play","Shadow Ball","","Matched pinned PvPoke recommendation and exact-form move pool","unchanged","Sucker Punch; Foul Play; Shadow Ball","https://github.com/pvpoke/pvpoke/blob/332d727a8649db56fa2ee73ee0b55feeb25127bb/src/data/rankings/all/overall/rankings-10000.json","2026-10-01T19:10:52.923Z"
"delphox","Delphox","false","","ML","","148","148","","true","Scratch","Psyshock","Blast Burn","Blast Burn","Matched pinned PvPoke recommendation and exact-form move pool","unchanged","Scratch; Psyshock; Blast Burn","https://github.com/pvpoke/pvpoke/blob/332d727a8649db56fa2ee73ee0b55feeb25127bb/src/data/rankings/all/overall/rankings-10000.json","2026-10-01T19:10:52.923Z"
"delphox_shadow","Delphox (Shadow)","true","","ML","","144","144","","true","Scratch","Psyshock","Blast Burn","Blast Burn","Matched pinned PvPoke recommendation and exact-form move pool","unchanged","Scratch; Psyshock; Blast Burn","https://github.com/pvpoke/pvpoke/blob/332d727a8649db56fa2ee73ee0b55feeb25127bb/src/data/rankings/all/overall/rankings-10000.json","2026-10-01T19:10:52.923Z"
"dhelmise","Dhelmise","false","genderless","ML","","185","184","","true","Shadow Claw","Brutal Swing","Shadow Ball","","Matched pinned PvPoke recommendation and exact-form move pool","updated","Shadow Claw; Shadow Ball; Brutal Swing","https://github.com/pvpoke/pvpoke/blob/332d727a8649db56fa2ee73ee0b55feeb25127bb/src/data/rankings/all/overall/rankings-10000.json","2026-10-01T19:10:52.923Z"
"dialga","Dialga","false","genderless","ML","","46","44","","true","Dragon Breath","Iron Head","Draco Meteor","","Matched pinned PvPoke recommendation and exact-form move pool","unchanged","Dragon Breath; Iron Head; Draco Meteor","https://github.com/pvpoke/pvpoke/blob/332d727a8649db56fa2ee73ee0b55feeb25127bb/src/data/rankings/all/overall/rankings-10000.json","2026-10-01T19:10:52.923Z"
"dialga_origin","Dialga (Origin)","false","genderless","ML","","9","8","","true","Dragon Breath","Roar of Time","Iron Head","Roar of Time","Matched pinned PvPoke recommendation and exact-form move pool","unchanged","Dragon Breath; Roar of Time; Iron Head","https://github.com/pvpoke/pvpoke/blob/332d727a8649db56fa2ee73ee0b55feeb25127bb/src/data/rankings/all/overall/rankings-10000.json","2026-10-01T19:10:52.923Z"
"dialga_shadow","Dialga (Shadow)","true","genderless","ML","","43","42","","true","Dragon Breath","Iron Head","Draco Meteor","","Matched pinned PvPoke recommendation and exact-form move pool","unchanged","Dragon Breath; Iron Head; Draco Meteor","https://github.com/pvpoke/pvpoke/blob/332d727a8649db56fa2ee73ee0b55feeb25127bb/src/data/rankings/all/overall/rankings-10000.json","2026-10-01T19:10:52.923Z"
"dondozo","Dondozo","false","","ML","","109","107","","true","Waterfall","Surf","Outrage","","Matched pinned PvPoke recommendation and exact-form move pool","unchanged","Waterfall; Surf; Outrage","https://github.com/pvpoke/pvpoke/blob/332d727a8649db56fa2ee73ee0b55feeb25127bb/src/data/rankings/all/overall/rankings-10000.json","2026-10-01T19:10:52.923Z"
"dragonite","Dragonite","false","","ML","","67","66","","true","Dragon Breath","Thunder Punch","Superpower","","Matched pinned PvPoke recommendation and exact-form move pool","unchanged","Dragon Breath; Thunder Punch; Superpower","https://github.com/pvpoke/pvpoke/blob/332d727a8649db56fa2ee73ee0b55feeb25127bb/src/data/rankings/all/overall/rankings-10000.json","2026-10-01T19:10:52.923Z"
"dragonite_shadow","Dragonite (Shadow)","true","","ML","","50","48","","true","Dragon Breath","Thunder Punch","Superpower","","Matched pinned PvPoke recommendation and exact-form move pool","unchanged","Dragon Breath; Thunder Punch; Superpower","https://github.com/pvpoke/pvpoke/blob/332d727a8649db56fa2ee73ee0b55feeb25127bb/src/data/rankings/all/overall/rankings-10000.json","2026-10-01T19:10:52.923Z"
"electivire_shadow","Electivire (Shadow)","true","","ML","","195","195","","true","Thunder Shock","Wild Charge","Ice Punch","","Matched pinned PvPoke recommendation and exact-form move pool","unchanged","Thunder Shock; Wild Charge; Ice Punch","https://github.com/pvpoke/pvpoke/blob/332d727a8649db56fa2ee73ee0b55feeb25127bb/src/data/rankings/all/overall/rankings-10000.json","2026-10-01T19:10:52.923Z"
"empoleon","Empoleon","false","","ML","","190","189","","true","Metal Sound","Hydro Cannon","Drill Peck","Hydro Cannon","Matched pinned PvPoke recommendation and exact-form move pool","unchanged","Metal Sound; Hydro Cannon; Drill Peck","https://github.com/pvpoke/pvpoke/blob/332d727a8649db56fa2ee73ee0b55feeb25127bb/src/data/rankings/all/overall/rankings-10000.json","2026-10-01T19:10:52.923Z"
"empoleon_shadow","Empoleon (Shadow)","true","","ML","","192","194","","true","Metal Sound","Hydro Cannon","Drill Peck","Hydro Cannon","Matched pinned PvPoke recommendation and exact-form move pool","unchanged","Metal Sound; Hydro Cannon; Drill Peck","https://github.com/pvpoke/pvpoke/blob/332d727a8649db56fa2ee73ee0b55feeb25127bb/src/data/rankings/all/overall/rankings-10000.json","2026-10-01T19:10:52.923Z"
"enamorus_incarnate","Enamorus (Incarnate)","false","female","ML","","129","127","","true","Fairy Wind","Fly","Dazzling Gleam","","Matched pinned PvPoke recommendation and exact-form move pool","unchanged","Fairy Wind; Fly; Dazzling Gleam","https://github.com/pvpoke/pvpoke/blob/332d727a8649db56fa2ee73ee0b55feeb25127bb/src/data/rankings/all/overall/rankings-10000.json","2026-10-01T19:10:52.923Z"
"enamorus_therian","Enamorus (Therian)","false","female","ML","","63","60","","true","Fairy Wind","Mystical Fire","Moonblast","","Matched pinned PvPoke recommendation and exact-form move pool","unchanged","Fairy Wind; Mystical Fire; Moonblast","https://github.com/pvpoke/pvpoke/blob/332d727a8649db56fa2ee73ee0b55feeb25127bb/src/data/rankings/all/overall/rankings-10000.json","2026-10-01T19:10:52.923Z"
"entei","Entei","false","genderless","ML","","165","161","","true","Fire Spin","Flame Charge","Scorching Sands","","Matched pinned PvPoke recommendation and exact-form move pool","unchanged","Fire Spin; Flame Charge; Scorching Sands","https://github.com/pvpoke/pvpoke/blob/332d727a8649db56fa2ee73ee0b55feeb25127bb/src/data/rankings/all/overall/rankings-10000.json","2026-10-01T19:10:52.923Z"
"entei_shadow","Entei (Shadow)","true","genderless","ML","","188","186","","true","Fire Spin","Flame Charge","Scorching Sands","","Matched pinned PvPoke recommendation and exact-form move pool","unchanged","Fire Spin; Flame Charge; Scorching Sands","https://github.com/pvpoke/pvpoke/blob/332d727a8649db56fa2ee73ee0b55feeb25127bb/src/data/rankings/all/overall/rankings-10000.json","2026-10-01T19:10:52.923Z"
"eternatus","Eternatus","false","genderless","ML","","10","11","","true","Dragon Tail","Dynamax Cannon","Flamethrower","Dynamax Cannon","Matched pinned PvPoke recommendation and exact-form move pool","unchanged","Dragon Tail; Dynamax Cannon; Flamethrower","https://github.com/pvpoke/pvpoke/blob/332d727a8649db56fa2ee73ee0b55feeb25127bb/src/data/rankings/all/overall/rankings-10000.json","2026-10-01T19:10:52.923Z"
"excadrill","Excadrill","false","","ML","","164","162","","true","Mud Shot","Drill Run","Rock Slide","","Matched pinned PvPoke recommendation and exact-form move pool","unchanged","Mud Shot; Drill Run; Rock Slide","https://github.com/pvpoke/pvpoke/blob/332d727a8649db56fa2ee73ee0b55feeb25127bb/src/data/rankings/all/overall/rankings-10000.json","2026-10-01T19:10:52.923Z"
"excadrill_shadow","Excadrill (Shadow)","true","","ML","","154","155","","true","Mud Shot","Drill Run","Rock Slide","","Matched pinned PvPoke recommendation and exact-form move pool","unchanged","Mud Shot; Drill Run; Rock Slide","https://github.com/pvpoke/pvpoke/blob/332d727a8649db56fa2ee73ee0b55feeb25127bb/src/data/rankings/all/overall/rankings-10000.json","2026-10-01T19:10:52.923Z"
"feraligatr","Feraligatr","false","","ML","","170","166","","true","Shadow Claw","Hydro Cannon","Ice Beam","Hydro Cannon","Matched pinned PvPoke recommendation and exact-form move pool","unchanged","Shadow Claw; Hydro Cannon; Ice Beam","https://github.com/pvpoke/pvpoke/blob/332d727a8649db56fa2ee73ee0b55feeb25127bb/src/data/rankings/all/overall/rankings-10000.json","2026-10-01T19:10:52.923Z"
"feraligatr_shadow","Feraligatr (Shadow)","true","","ML","","167","164","","true","Shadow Claw","Hydro Cannon","Ice Beam","Hydro Cannon","Matched pinned PvPoke recommendation and exact-form move pool","unchanged","Shadow Claw; Hydro Cannon; Ice Beam","https://github.com/pvpoke/pvpoke/blob/332d727a8649db56fa2ee73ee0b55feeb25127bb/src/data/rankings/all/overall/rankings-10000.json","2026-10-01T19:10:52.923Z"
"florges","Florges","false","female","ML","","40","39","","true","Fairy Wind","Moonblast","Chilling Water","Chilling Water","Matched pinned PvPoke recommendation and exact-form move pool","unchanged","Fairy Wind; Moonblast; Chilling Water","https://github.com/pvpoke/pvpoke/blob/332d727a8649db56fa2ee73ee0b55feeb25127bb/src/data/rankings/all/overall/rankings-10000.json","2026-10-01T19:10:52.923Z"
"gallade","Gallade","false","male","ML","","169","165","","true","Low Kick","Sacred Sword","Close Combat","","Matched pinned PvPoke recommendation and exact-form move pool","unchanged","Low Kick; Sacred Sword; Close Combat","https://github.com/pvpoke/pvpoke/blob/332d727a8649db56fa2ee73ee0b55feeb25127bb/src/data/rankings/all/overall/rankings-10000.json","2026-10-01T19:10:52.923Z"
"gallade_shadow","Gallade (Shadow)","true","male","ML","","155","153","","true","Low Kick","Sacred Sword","Close Combat","","Matched pinned PvPoke recommendation and exact-form move pool","unchanged","Low Kick; Sacred Sword; Close Combat","https://github.com/pvpoke/pvpoke/blob/332d727a8649db56fa2ee73ee0b55feeb25127bb/src/data/rankings/all/overall/rankings-10000.json","2026-10-01T19:10:52.923Z"
"garchomp","Garchomp","false","","ML","","31","30","","true","Dragon Tail","Twister","Earth Power","Earth Power","Matched pinned PvPoke recommendation and exact-form move pool","unchanged","Dragon Tail; Twister; Earth Power","https://github.com/pvpoke/pvpoke/blob/332d727a8649db56fa2ee73ee0b55feeb25127bb/src/data/rankings/all/overall/rankings-10000.json","2026-10-01T19:10:52.923Z"
"garchomp_shadow","Garchomp (Shadow)","true","","ML","","26","25","","true","Dragon Tail","Twister","Earth Power","Earth Power","Matched pinned PvPoke recommendation and exact-form move pool","unchanged","Dragon Tail; Twister; Earth Power","https://github.com/pvpoke/pvpoke/blob/332d727a8649db56fa2ee73ee0b55feeb25127bb/src/data/rankings/all/overall/rankings-10000.json","2026-10-01T19:10:52.923Z"
"genesect","Genesect","false","genderless","ML","","117","115","","true","Fury Cutter","Magnet Bomb","Techno Blast (Normal)","Techno Blast (Normal)","Matched pinned PvPoke recommendation and exact-form move pool","unchanged","Fury Cutter; Magnet Bomb; Techno Blast (Normal)","https://github.com/pvpoke/pvpoke/blob/332d727a8649db56fa2ee73ee0b55feeb25127bb/src/data/rankings/all/overall/rankings-10000.json","2026-10-01T19:10:52.923Z"
"genesect_burn","Genesect (Burn)","false","genderless","ML","","98","95","","true","Fury Cutter","Magnet Bomb","Techno Blast (Burn)","Techno Blast (Burn)","Matched pinned PvPoke recommendation and exact-form move pool","unchanged","Fury Cutter; Magnet Bomb; Techno Blast (Burn)","https://github.com/pvpoke/pvpoke/blob/332d727a8649db56fa2ee73ee0b55feeb25127bb/src/data/rankings/all/overall/rankings-10000.json","2026-10-01T19:10:52.923Z"
"genesect_chill","Genesect (Chill)","false","genderless","ML","","73","72","","true","Fury Cutter","Magnet Bomb","Techno Blast (Chill)","Techno Blast (Chill)","Matched pinned PvPoke recommendation and exact-form move pool","unchanged","Fury Cutter; Magnet Bomb; Techno Blast (Chill)","https://github.com/pvpoke/pvpoke/blob/332d727a8649db56fa2ee73ee0b55feeb25127bb/src/data/rankings/all/overall/rankings-10000.json","2026-10-01T19:10:52.923Z"
"genesect_douse","Genesect (Douse)","false","genderless","ML","","104","101","","true","Fury Cutter","Magnet Bomb","Techno Blast (Douse)","Techno Blast (Douse)","Matched pinned PvPoke recommendation and exact-form move pool","unchanged","Fury Cutter; Magnet Bomb; Techno Blast (Douse)","https://github.com/pvpoke/pvpoke/blob/332d727a8649db56fa2ee73ee0b55feeb25127bb/src/data/rankings/all/overall/rankings-10000.json","2026-10-01T19:10:52.923Z"
"genesect_shock","Genesect (Shock)","false","genderless","ML","","72","70","","true","Fury Cutter","Magnet Bomb","Techno Blast (Shock)","","Matched pinned PvPoke recommendation and exact-form move pool","unchanged","Fury Cutter; Magnet Bomb; Techno Blast (Shock)","https://github.com/pvpoke/pvpoke/blob/332d727a8649db56fa2ee73ee0b55feeb25127bb/src/data/rankings/all/overall/rankings-10000.json","2026-10-01T19:10:52.923Z"
"gholdengo","Gholdengo","false","genderless","ML","","47","47","","true","Hex","Shadow Ball","Focus Blast","","Matched pinned PvPoke recommendation and exact-form move pool","unchanged","Hex; Shadow Ball; Focus Blast","https://github.com/pvpoke/pvpoke/blob/332d727a8649db56fa2ee73ee0b55feeb25127bb/src/data/rankings/all/overall/rankings-10000.json","2026-10-01T19:10:52.923Z"
"gigalith","Gigalith","false","","ML","","172","170","","true","Lock On","Superpower","Meteor Beam","Meteor Beam","Matched pinned PvPoke recommendation and exact-form move pool","unchanged","Lock On; Superpower; Meteor Beam","https://github.com/pvpoke/pvpoke/blob/332d727a8649db56fa2ee73ee0b55feeb25127bb/src/data/rankings/all/overall/rankings-10000.json","2026-10-01T19:10:52.923Z"
"gigalith_shadow","Gigalith (Shadow)","true","","ML","","138","136","","true","Lock On","Meteor Beam","Superpower","Meteor Beam","Matched pinned PvPoke recommendation and exact-form move pool","unchanged","Lock On; Meteor Beam; Superpower","https://github.com/pvpoke/pvpoke/blob/332d727a8649db56fa2ee73ee0b55feeb25127bb/src/data/rankings/all/overall/rankings-10000.json","2026-10-01T19:10:52.923Z"
"giratina_altered","Giratina (Altered)","false","genderless","ML","","52","50","","true","Dragon Breath","Dragon Claw","Shadow Sneak","","Matched pinned PvPoke recommendation and exact-form move pool","unchanged","Dragon Breath; Dragon Claw; Shadow Sneak","https://github.com/pvpoke/pvpoke/blob/332d727a8649db56fa2ee73ee0b55feeb25127bb/src/data/rankings/all/overall/rankings-10000.json","2026-10-01T19:10:52.923Z"
"giratina_altered_shadow","Giratina (Altered) (Shadow)","true","genderless","ML","","39","38","","true","Dragon Breath","Dragon Claw","Shadow Sneak","","Matched pinned PvPoke recommendation and exact-form move pool","unchanged","Dragon Breath; Dragon Claw; Shadow Sneak","https://github.com/pvpoke/pvpoke/blob/332d727a8649db56fa2ee73ee0b55feeb25127bb/src/data/rankings/all/overall/rankings-10000.json","2026-10-01T19:10:52.923Z"
"giratina_origin","Giratina (Origin)","false","genderless","ML","","111","109","","true","Dragon Tail","Shadow Ball","Ominous Wind","","Matched pinned PvPoke recommendation and exact-form move pool","unchanged","Dragon Tail; Shadow Ball; Ominous Wind","https://github.com/pvpoke/pvpoke/blob/332d727a8649db56fa2ee73ee0b55feeb25127bb/src/data/rankings/all/overall/rankings-10000.json","2026-10-01T19:10:52.923Z"
"golisopod","Golisopod","false","","ML","","88","84","","true","Fury Cutter","Aqua Jet","X-Scissor","","Matched pinned PvPoke recommendation and exact-form move pool","unchanged","Fury Cutter; Aqua Jet; X-Scissor","https://github.com/pvpoke/pvpoke/blob/332d727a8649db56fa2ee73ee0b55feeb25127bb/src/data/rankings/all/overall/rankings-10000.json","2026-10-01T19:10:52.923Z"
"golisopod_shadow","Golisopod (Shadow)","true","","ML","","83","","","true","Fury Cutter","Aqua Jet","X-Scissor","","Matched pinned PvPoke recommendation and exact-form move pool","new","","https://github.com/pvpoke/pvpoke/blob/332d727a8649db56fa2ee73ee0b55feeb25127bb/src/data/rankings/all/overall/rankings-10000.json","2026-10-01T19:10:52.923Z"
"golurk","Golurk","false","genderless","ML","","198","175","","true","Astonish","Shadow Punch","Dynamic Punch","","Matched pinned PvPoke recommendation and exact-form move pool","updated","Astonish; Shadow Punch; Earth Power","https://github.com/pvpoke/pvpoke/blob/332d727a8649db56fa2ee73ee0b55feeb25127bb/src/data/rankings/all/overall/rankings-10000.json","2026-10-01T19:10:52.923Z"
"golurk_shadow","Golurk (Shadow)","true","genderless","ML","","166","163","","true","Astonish","Shadow Punch","Dynamic Punch","","Matched pinned PvPoke recommendation and exact-form move pool","updated","Astonish; Shadow Punch; Earth Power","https://github.com/pvpoke/pvpoke/blob/332d727a8649db56fa2ee73ee0b55feeb25127bb/src/data/rankings/all/overall/rankings-10000.json","2026-10-01T19:10:52.923Z"
"goodra","Goodra","false","","ML","","55","55","","true","Dragon Breath","Aqua Tail","Draco Meteor","","Matched pinned PvPoke recommendation and exact-form move pool","unchanged","Dragon Breath; Aqua Tail; Draco Meteor","https://github.com/pvpoke/pvpoke/blob/332d727a8649db56fa2ee73ee0b55feeb25127bb/src/data/rankings/all/overall/rankings-10000.json","2026-10-01T19:10:52.923Z"
"grimmsnarl","Grimmsnarl","false","male","ML","","153","150","","true","Sucker Punch","Foul Play","Draining Kiss","","Matched pinned PvPoke recommendation and exact-form move pool","unchanged","Sucker Punch; Foul Play; Draining Kiss","https://github.com/pvpoke/pvpoke/blob/332d727a8649db56fa2ee73ee0b55feeb25127bb/src/data/rankings/all/overall/rankings-10000.json","2026-10-01T19:10:52.923Z"
"groudon","Groudon","false","genderless","ML","","28","26","","true","Dragon Tail","Fire Punch","Precipice Blades","Fire Punch; Precipice Blades","Matched pinned PvPoke recommendation and exact-form move pool","unchanged","Dragon Tail; Fire Punch; Precipice Blades","https://github.com/pvpoke/pvpoke/blob/332d727a8649db56fa2ee73ee0b55feeb25127bb/src/data/rankings/all/overall/rankings-10000.json","2026-10-01T19:10:52.923Z"
"groudon_shadow","Groudon (Shadow)","true","genderless","ML","","53","52","","true","Dragon Tail","Fire Punch","Precipice Blades","Fire Punch; Precipice Blades","Matched pinned PvPoke recommendation and exact-form move pool","unchanged","Dragon Tail; Fire Punch; Precipice Blades","https://github.com/pvpoke/pvpoke/blob/332d727a8649db56fa2ee73ee0b55feeb25127bb/src/data/rankings/all/overall/rankings-10000.json","2026-10-01T19:10:52.923Z"
"gyarados","Gyarados","false","","ML","","58","57","","true","Dragon Breath","Aqua Tail","Crunch","Aqua Tail","Matched pinned PvPoke recommendation and exact-form move pool","unchanged","Dragon Breath; Aqua Tail; Crunch","https://github.com/pvpoke/pvpoke/blob/332d727a8649db56fa2ee73ee0b55feeb25127bb/src/data/rankings/all/overall/rankings-10000.json","2026-10-01T19:10:52.923Z"
"gyarados_shadow","Gyarados (Shadow)","true","","ML","","32","31","","true","Dragon Breath","Aqua Tail","Twister","Aqua Tail","Matched pinned PvPoke recommendation and exact-form move pool","unchanged","Dragon Breath; Aqua Tail; Twister","https://github.com/pvpoke/pvpoke/blob/332d727a8649db56fa2ee73ee0b55feeb25127bb/src/data/rankings/all/overall/rankings-10000.json","2026-10-01T19:10:52.923Z"
"haxorus","Haxorus","false","","ML","","182","181","","true","Dragon Tail","Night Slash","Dragon Claw","","Matched pinned PvPoke recommendation and exact-form move pool","unchanged","Dragon Tail; Night Slash; Dragon Claw","https://github.com/pvpoke/pvpoke/blob/332d727a8649db56fa2ee73ee0b55feeb25127bb/src/data/rankings/all/overall/rankings-10000.json","2026-10-01T19:10:52.923Z"
"haxorus_shadow","Haxorus (Shadow)","true","","ML","","157","156","","true","Dragon Tail","Night Slash","Dragon Claw","","Matched pinned PvPoke recommendation and exact-form move pool","unchanged","Dragon Tail; Night Slash; Dragon Claw","https://github.com/pvpoke/pvpoke/blob/332d727a8649db56fa2ee73ee0b55feeb25127bb/src/data/rankings/all/overall/rankings-10000.json","2026-10-01T19:10:52.923Z"
"heatran","Heatran","false","","ML","","86","86","","true","Fire Spin","Magma Storm","Earth Power","Magma Storm","Matched pinned PvPoke recommendation and exact-form move pool","unchanged","Fire Spin; Magma Storm; Earth Power","https://github.com/pvpoke/pvpoke/blob/332d727a8649db56fa2ee73ee0b55feeb25127bb/src/data/rankings/all/overall/rankings-10000.json","2026-10-01T19:10:52.923Z"
"heatran_shadow","Heatran (Shadow)","true","","ML","","71","71","","true","Fire Spin","Magma Storm","Earth Power","Magma Storm","Matched pinned PvPoke recommendation and exact-form move pool","unchanged","Fire Spin; Magma Storm; Earth Power","https://github.com/pvpoke/pvpoke/blob/332d727a8649db56fa2ee73ee0b55feeb25127bb/src/data/rankings/all/overall/rankings-10000.json","2026-10-01T19:10:52.923Z"
"heracross","Heracross","false","","ML","","179","177","","true","Fury Cutter","Upper Hand","Rock Tomb","","Matched pinned PvPoke recommendation and exact-form move pool","unchanged","Fury Cutter; Upper Hand; Rock Tomb","https://github.com/pvpoke/pvpoke/blob/332d727a8649db56fa2ee73ee0b55feeb25127bb/src/data/rankings/all/overall/rankings-10000.json","2026-10-01T19:10:52.923Z"
"hippowdon","Hippowdon","false","","ML","","107","105","","true","Sand Attack","Weather Ball (Rock)","Earth Power","","Matched pinned PvPoke recommendation and exact-form move pool","unchanged","Sand Attack; Weather Ball (Rock); Earth Power","https://github.com/pvpoke/pvpoke/blob/332d727a8649db56fa2ee73ee0b55feeb25127bb/src/data/rankings/all/overall/rankings-10000.json","2026-10-01T19:10:52.923Z"
"hippowdon_shadow","Hippowdon (Shadow)","true","","ML","","91","89","","true","Sand Attack","Weather Ball (Rock)","Earth Power","","Matched pinned PvPoke recommendation and exact-form move pool","unchanged","Sand Attack; Weather Ball (Rock); Earth Power","https://github.com/pvpoke/pvpoke/blob/332d727a8649db56fa2ee73ee0b55feeb25127bb/src/data/rankings/all/overall/rankings-10000.json","2026-10-01T19:10:52.923Z"
"ho_oh","Ho-Oh","false","genderless","ML","","25","24","","true","Incinerate","Brave Bird","Sacred Fire","Sacred Fire","Matched pinned PvPoke recommendation and exact-form move pool","unchanged","Incinerate; Brave Bird; Sacred Fire","https://github.com/pvpoke/pvpoke/blob/332d727a8649db56fa2ee73ee0b55feeb25127bb/src/data/rankings/all/overall/rankings-10000.json","2026-10-01T19:10:52.923Z"
"ho_oh_shadow","Ho-Oh (Shadow)","true","genderless","ML","","56","54","","true","Incinerate","Brave Bird","Sacred Fire","Sacred Fire","Matched pinned PvPoke recommendation and exact-form move pool","unchanged","Incinerate; Brave Bird; Sacred Fire","https://github.com/pvpoke/pvpoke/blob/332d727a8649db56fa2ee73ee0b55feeb25127bb/src/data/rankings/all/overall/rankings-10000.json","2026-10-01T19:10:52.923Z"
"hydreigon","Hydreigon","false","","ML","","81","80","","true","Dragon Breath","Brutal Swing","Fly","Brutal Swing","Matched pinned PvPoke recommendation and exact-form move pool","unchanged","Dragon Breath; Brutal Swing; Fly","https://github.com/pvpoke/pvpoke/blob/332d727a8649db56fa2ee73ee0b55feeb25127bb/src/data/rankings/all/overall/rankings-10000.json","2026-10-01T19:10:52.923Z"
"hydreigon_shadow","Hydreigon (Shadow)","true","","ML","","54","53","","true","Dragon Breath","Brutal Swing","Fly","Brutal Swing","Matched pinned PvPoke recommendation and exact-form move pool","unchanged","Dragon Breath; Brutal Swing; Fly","https://github.com/pvpoke/pvpoke/blob/332d727a8649db56fa2ee73ee0b55feeb25127bb/src/data/rankings/all/overall/rankings-10000.json","2026-10-01T19:10:52.923Z"
"jirachi","Jirachi","false","genderless","ML","","61","61","","true","Confusion","Doom Desire","Aura Sphere","","Matched pinned PvPoke recommendation and exact-form move pool","unchanged","Confusion; Doom Desire; Aura Sphere","https://github.com/pvpoke/pvpoke/blob/332d727a8649db56fa2ee73ee0b55feeb25127bb/src/data/rankings/all/overall/rankings-10000.json","2026-10-01T19:10:52.923Z"
"kartana","Kartana","false","genderless","ML","","101","99","","true","Fury Cutter","Leaf Blade","Sacred Sword","","Matched pinned PvPoke recommendation and exact-form move pool","unchanged","Fury Cutter; Leaf Blade; Sacred Sword","https://github.com/pvpoke/pvpoke/blob/332d727a8649db56fa2ee73ee0b55feeb25127bb/src/data/rankings/all/overall/rankings-10000.json","2026-10-01T19:10:52.923Z"
"keldeo_ordinary","Keldeo (Ordinary)","false","genderless","ML","","36","35","","true","Low Kick","Aqua Jet","Sacred Sword","","Matched pinned PvPoke recommendation and exact-form move pool","unchanged","Low Kick; Aqua Jet; Sacred Sword","https://github.com/pvpoke/pvpoke/blob/332d727a8649db56fa2ee73ee0b55feeb25127bb/src/data/rankings/all/overall/rankings-10000.json","2026-10-01T19:10:52.923Z"
"keldeo_resolute","Keldeo (Resolute)","false","genderless","ML","","30","29","","true","Low Kick","Secret Sword","Aqua Jet","Secret Sword","Matched pinned PvPoke recommendation and exact-form move pool","unchanged","Low Kick; Secret Sword; Aqua Jet","https://github.com/pvpoke/pvpoke/blob/332d727a8649db56fa2ee73ee0b55feeb25127bb/src/data/rankings/all/overall/rankings-10000.json","2026-10-01T19:10:52.923Z"
"kingambit","Kingambit","false","","ML","","79","78","","true","Low Kick","Foul Play","Iron Head","","Matched pinned PvPoke recommendation and exact-form move pool","unchanged","Low Kick; Foul Play; Iron Head","https://github.com/pvpoke/pvpoke/blob/332d727a8649db56fa2ee73ee0b55feeb25127bb/src/data/rankings/all/overall/rankings-10000.json","2026-10-01T19:10:52.923Z"
"kommo_o","Kommo-o","false","","ML","","100","97","","true","Dragon Tail","Clanging Scales","Upper Hand","Clanging Scales","Matched pinned PvPoke recommendation and exact-form move pool","unchanged","Dragon Tail; Clanging Scales; Upper Hand","https://github.com/pvpoke/pvpoke/blob/332d727a8649db56fa2ee73ee0b55feeb25127bb/src/data/rankings/all/overall/rankings-10000.json","2026-10-01T19:10:52.923Z"
"kyogre","Kyogre","false","genderless","ML","","8","7","","true","Waterfall","Avalanche","Origin Pulse","Origin Pulse","Matched pinned PvPoke recommendation and exact-form move pool","unchanged","Waterfall; Avalanche; Origin Pulse","https://github.com/pvpoke/pvpoke/blob/332d727a8649db56fa2ee73ee0b55feeb25127bb/src/data/rankings/all/overall/rankings-10000.json","2026-10-01T19:10:52.923Z"
"kyogre_shadow","Kyogre (Shadow)","true","genderless","ML","","33","32","","true","Waterfall","Avalanche","Origin Pulse","Origin Pulse","Matched pinned PvPoke recommendation and exact-form move pool","unchanged","Waterfall; Avalanche; Origin Pulse","https://github.com/pvpoke/pvpoke/blob/332d727a8649db56fa2ee73ee0b55feeb25127bb/src/data/rankings/all/overall/rankings-10000.json","2026-10-01T19:10:52.923Z"
"kyurem","Kyurem","false","genderless","ML","","48","46","","true","Dragon Breath","Glaciate","Dragon Claw","Glaciate","Matched pinned PvPoke recommendation and exact-form move pool","unchanged","Dragon Breath; Glaciate; Dragon Claw","https://github.com/pvpoke/pvpoke/blob/332d727a8649db56fa2ee73ee0b55feeb25127bb/src/data/rankings/all/overall/rankings-10000.json","2026-10-01T19:10:52.923Z"
"kyurem_black","Kyurem (Black)","false","genderless","ML","","12","13","","true","Dragon Tail","Freeze Shock","Fusion Bolt","Freeze Shock","Matched pinned PvPoke recommendation and exact-form move pool","unchanged","Dragon Tail; Freeze Shock; Fusion Bolt","https://github.com/pvpoke/pvpoke/blob/332d727a8649db56fa2ee73ee0b55feeb25127bb/src/data/rankings/all/overall/rankings-10000.json","2026-10-01T19:10:52.923Z"
"kyurem_white","Kyurem (White)","false","genderless","ML","","5","5","","true","Dragon Breath","Fusion Flare","Ice Burn","Ice Burn","Matched pinned PvPoke recommendation and exact-form move pool","unchanged","Dragon Breath; Fusion Flare; Ice Burn","https://github.com/pvpoke/pvpoke/blob/332d727a8649db56fa2ee73ee0b55feeb25127bb/src/data/rankings/all/overall/rankings-10000.json","2026-10-01T19:10:52.923Z"
"landorus_incarnate","Landorus (Incarnate)","false","male","ML","","99","98","","true","Mud Shot","Earth Power","Rock Slide","","Matched pinned PvPoke recommendation and exact-form move pool","unchanged","Mud Shot; Earth Power; Rock Slide","https://github.com/pvpoke/pvpoke/blob/332d727a8649db56fa2ee73ee0b55feeb25127bb/src/data/rankings/all/overall/rankings-10000.json","2026-10-01T19:10:52.923Z"
"landorus_incarnate_shadow","Landorus (Incarnate) (Shadow)","true","male","ML","","102","102","","true","Mud Shot","Earth Power","Rock Slide","","Matched pinned PvPoke recommendation and exact-form move pool","unchanged","Mud Shot; Earth Power; Rock Slide","https://github.com/pvpoke/pvpoke/blob/332d727a8649db56fa2ee73ee0b55feeb25127bb/src/data/rankings/all/overall/rankings-10000.json","2026-10-01T19:10:52.923Z"
"landorus_therian","Landorus (Therian)","false","male","ML","","41","40","","true","Mud Shot","Sandsear Storm","Stone Edge","Sandsear Storm","Matched pinned PvPoke recommendation and exact-form move pool","unchanged","Mud Shot; Sandsear Storm; Stone Edge","https://github.com/pvpoke/pvpoke/blob/332d727a8649db56fa2ee73ee0b55feeb25127bb/src/data/rankings/all/overall/rankings-10000.json","2026-10-01T19:10:52.923Z"
"latias","Latias","false","female","ML","","62","62","","true","Dragon Breath","Aura Sphere","Mist Ball","Mist Ball","Matched pinned PvPoke recommendation and exact-form move pool","unchanged","Dragon Breath; Aura Sphere; Mist Ball","https://github.com/pvpoke/pvpoke/blob/332d727a8649db56fa2ee73ee0b55feeb25127bb/src/data/rankings/all/overall/rankings-10000.json","2026-10-01T19:10:52.923Z"
"latias_shadow","Latias (Shadow)","true","female","ML","","57","56","","true","Dragon Breath","Aura Sphere","Mist Ball","Mist Ball","Matched pinned PvPoke recommendation and exact-form move pool","unchanged","Dragon Breath; Aura Sphere; Mist Ball","https://github.com/pvpoke/pvpoke/blob/332d727a8649db56fa2ee73ee0b55feeb25127bb/src/data/rankings/all/overall/rankings-10000.json","2026-10-01T19:10:52.923Z"
"latios","Latios","false","male","ML","","49","49","","true","Dragon Breath","Aura Sphere","Luster Purge","Luster Purge","Matched pinned PvPoke recommendation and exact-form move pool","unchanged","Dragon Breath; Aura Sphere; Luster Purge","https://github.com/pvpoke/pvpoke/blob/332d727a8649db56fa2ee73ee0b55feeb25127bb/src/data/rankings/all/overall/rankings-10000.json","2026-10-01T19:10:52.923Z"
"latios_shadow","Latios (Shadow)","true","male","ML","","35","36","","true","Dragon Breath","Aura Sphere","Luster Purge","Luster Purge","Matched pinned PvPoke recommendation and exact-form move pool","unchanged","Dragon Breath; Aura Sphere; Luster Purge","https://github.com/pvpoke/pvpoke/blob/332d727a8649db56fa2ee73ee0b55feeb25127bb/src/data/rankings/all/overall/rankings-10000.json","2026-10-01T19:10:52.923Z"
"lugia","Lugia","false","genderless","ML","","14","14","","true","Dragon Tail","Aeroblast","Earth Power","Aeroblast","Matched pinned PvPoke recommendation and exact-form move pool","unchanged","Dragon Tail; Aeroblast; Earth Power","https://github.com/pvpoke/pvpoke/blob/332d727a8649db56fa2ee73ee0b55feeb25127bb/src/data/rankings/all/overall/rankings-10000.json","2026-10-01T19:10:52.923Z"
"lugia_shadow","Lugia (Shadow)","true","genderless","ML","","23","22","","true","Dragon Tail","Aeroblast","Earth Power","Aeroblast","Matched pinned PvPoke recommendation and exact-form move pool","unchanged","Dragon Tail; Aeroblast; Earth Power","https://github.com/pvpoke/pvpoke/blob/332d727a8649db56fa2ee73ee0b55feeb25127bb/src/data/rankings/all/overall/rankings-10000.json","2026-10-01T19:10:52.923Z"
"lunala","Lunala","false","genderless","ML","","15","15","","true","Shadow Claw","Shadow Ball","Moonblast","","Matched pinned PvPoke recommendation and exact-form move pool","unchanged","Shadow Claw; Shadow Ball; Moonblast","https://github.com/pvpoke/pvpoke/blob/332d727a8649db56fa2ee73ee0b55feeb25127bb/src/data/rankings/all/overall/rankings-10000.json","2026-10-01T19:10:52.923Z"
"machamp","Machamp","false","","ML","","173","169","","true","Karate Chop","Cross Chop","Rock Slide","Karate Chop","Matched pinned PvPoke recommendation and exact-form move pool","unchanged","Karate Chop; Cross Chop; Rock Slide","https://github.com/pvpoke/pvpoke/blob/332d727a8649db56fa2ee73ee0b55feeb25127bb/src/data/rankings/all/overall/rankings-10000.json","2026-10-01T19:10:52.923Z"
"machamp_shadow","Machamp (Shadow)","true","","ML","","147","146","","true","Karate Chop","Cross Chop","Stone Edge","Karate Chop; Stone Edge","Matched pinned PvPoke recommendation and exact-form move pool","unchanged","Karate Chop; Cross Chop; Stone Edge","https://github.com/pvpoke/pvpoke/blob/332d727a8649db56fa2ee73ee0b55feeb25127bb/src/data/rankings/all/overall/rankings-10000.json","2026-10-01T19:10:52.923Z"
"magnezone_shadow","Magnezone (Shadow)","true","genderless","ML","","181","180","","true","Volt Switch","Wild Charge","Mirror Shot","","Matched pinned PvPoke recommendation and exact-form move pool","unchanged","Volt Switch; Wild Charge; Mirror Shot","https://github.com/pvpoke/pvpoke/blob/332d727a8649db56fa2ee73ee0b55feeb25127bb/src/data/rankings/all/overall/rankings-10000.json","2026-10-01T19:10:52.923Z"
"mamoswine","Mamoswine","false","","ML","","105","106","","true","Powder Snow","Icicle Spear","High Horsepower","","Matched pinned PvPoke recommendation and exact-form move pool","unchanged","Powder Snow; Icicle Spear; High Horsepower","https://github.com/pvpoke/pvpoke/blob/332d727a8649db56fa2ee73ee0b55feeb25127bb/src/data/rankings/all/overall/rankings-10000.json","2026-10-01T19:10:52.923Z"
"mamoswine_shadow","Mamoswine (Shadow)","true","","ML","","94","94","","true","Powder Snow","High Horsepower","Icicle Spear","","Matched pinned PvPoke recommendation and exact-form move pool","unchanged","Powder Snow; High Horsepower; Icicle Spear","https://github.com/pvpoke/pvpoke/blob/332d727a8649db56fa2ee73ee0b55feeb25127bb/src/data/rankings/all/overall/rankings-10000.json","2026-10-01T19:10:52.923Z"
"marshadow","Marshadow","false","genderless","ML","","19","19","","true","Shadow Claw","Close Combat","Ice Punch","","Matched pinned PvPoke recommendation and exact-form move pool","unchanged","Shadow Claw; Close Combat; Ice Punch","https://github.com/pvpoke/pvpoke/blob/332d727a8649db56fa2ee73ee0b55feeb25127bb/src/data/rankings/all/overall/rankings-10000.json","2026-10-01T19:10:52.923Z"
"melmetal","Melmetal","false","genderless","ML","","29","28","","true","Thunder Shock","Double Iron Bash","Dynamic Punch","Double Iron Bash","Matched pinned PvPoke recommendation and exact-form move pool","unchanged","Thunder Shock; Double Iron Bash; Dynamic Punch","https://github.com/pvpoke/pvpoke/blob/332d727a8649db56fa2ee73ee0b55feeb25127bb/src/data/rankings/all/overall/rankings-10000.json","2026-10-01T19:10:52.923Z"
"meloetta_aria","Meloetta (Aria)","false","genderless","ML","","44","43","","true","Confusion","Psyshock","Dazzling Gleam","","Matched pinned PvPoke recommendation and exact-form move pool","unchanged","Confusion; Psyshock; Dazzling Gleam","https://github.com/pvpoke/pvpoke/blob/332d727a8649db56fa2ee73ee0b55feeb25127bb/src/data/rankings/all/overall/rankings-10000.json","2026-10-01T19:10:52.923Z"
"metagross","Metagross","false","genderless","ML","","4","4","","true","Shadow Claw","Meteor Mash","Earthquake","Shadow Claw; Meteor Mash","Matched pinned PvPoke recommendation and exact-form move pool","unchanged","Shadow Claw; Meteor Mash; Earthquake","https://github.com/pvpoke/pvpoke/blob/332d727a8649db56fa2ee73ee0b55feeb25127bb/src/data/rankings/all/overall/rankings-10000.json","2026-10-01T19:10:52.923Z"
"metagross_shadow","Metagross (Shadow)","true","genderless","ML","","27","27","","true","Shadow Claw","Meteor Mash","Earthquake","Shadow Claw; Meteor Mash","Matched pinned PvPoke recommendation and exact-form move pool","unchanged","Shadow Claw; Meteor Mash; Earthquake","https://github.com/pvpoke/pvpoke/blob/332d727a8649db56fa2ee73ee0b55feeb25127bb/src/data/rankings/all/overall/rankings-10000.json","2026-10-01T19:10:52.923Z"
"mew","Mew","false","genderless","ML","","135","131","","true","Shadow Claw","Psyshock","Wild Charge","","Matched pinned PvPoke recommendation and exact-form move pool","unchanged","Shadow Claw; Psyshock; Wild Charge","https://github.com/pvpoke/pvpoke/blob/332d727a8649db56fa2ee73ee0b55feeb25127bb/src/data/rankings/all/overall/rankings-10000.json","2026-10-01T19:10:52.923Z"
"mewtwo","Mewtwo","false","genderless","ML","","65","65","","true","Psycho Cut","Psystrike","Shadow Ball","Psystrike; Shadow Ball","Matched pinned PvPoke recommendation and exact-form move pool","unchanged","Psycho Cut; Psystrike; Shadow Ball","https://github.com/pvpoke/pvpoke/blob/332d727a8649db56fa2ee73ee0b55feeb25127bb/src/data/rankings/all/overall/rankings-10000.json","2026-10-01T19:10:52.923Z"
"mewtwo_armored","Mewtwo (Armored)","false","genderless","ML","","113","111","","true","Confusion","Psystrike","Dynamic Punch","Psystrike","Matched pinned PvPoke recommendation and exact-form move pool","unchanged","Confusion; Psystrike; Dynamic Punch","https://github.com/pvpoke/pvpoke/blob/332d727a8649db56fa2ee73ee0b55feeb25127bb/src/data/rankings/all/overall/rankings-10000.json","2026-10-01T19:10:52.923Z"
"mewtwo_shadow","Mewtwo (Shadow)","true","genderless","ML","","51","51","","true","Psycho Cut","Psystrike","Shadow Ball","Psystrike; Shadow Ball","Matched pinned PvPoke recommendation and exact-form move pool","unchanged","Psycho Cut; Psystrike; Shadow Ball","https://github.com/pvpoke/pvpoke/blob/332d727a8649db56fa2ee73ee0b55feeb25127bb/src/data/rankings/all/overall/rankings-10000.json","2026-10-01T19:10:52.923Z"
"milotic","Milotic","false","","ML","","145","143","","true","Waterfall","Aqua Tail","Wrap","","Matched pinned PvPoke recommendation and exact-form move pool","unchanged","Waterfall; Aqua Tail; Wrap","https://github.com/pvpoke/pvpoke/blob/332d727a8649db56fa2ee73ee0b55feeb25127bb/src/data/rankings/all/overall/rankings-10000.json","2026-10-01T19:10:52.923Z"
"milotic_shadow","Milotic (Shadow)","true","","ML","","160","157","","true","Waterfall","Aqua Tail","Wrap","","Matched pinned PvPoke recommendation and exact-form move pool","unchanged","Waterfall; Aqua Tail; Wrap","https://github.com/pvpoke/pvpoke/blob/332d727a8649db56fa2ee73ee0b55feeb25127bb/src/data/rankings/all/overall/rankings-10000.json","2026-10-01T19:10:52.923Z"
"moltres","Moltres","false","genderless","ML","","137","133","","true","Wing Attack","Fly","Heat Wave","","Matched pinned PvPoke recommendation and exact-form move pool","unchanged","Wing Attack; Fly; Heat Wave","https://github.com/pvpoke/pvpoke/blob/332d727a8649db56fa2ee73ee0b55feeb25127bb/src/data/rankings/all/overall/rankings-10000.json","2026-10-01T19:10:52.923Z"
"moltres_galarian","Moltres (Galarian)","false","genderless","ML","","156","154","","true","Sucker Punch","Ancient Power","Payback","","Matched pinned PvPoke recommendation and exact-form move pool","unchanged","Sucker Punch; Ancient Power; Payback","https://github.com/pvpoke/pvpoke/blob/332d727a8649db56fa2ee73ee0b55feeb25127bb/src/data/rankings/all/overall/rankings-10000.json","2026-10-01T19:10:52.923Z"
"moltres_shadow","Moltres (Shadow)","true","genderless","ML","","152","151","","true","Wing Attack","Fly","Heat Wave","","Matched pinned PvPoke recommendation and exact-form move pool","unchanged","Wing Attack; Fly; Heat Wave","https://github.com/pvpoke/pvpoke/blob/332d727a8649db56fa2ee73ee0b55feeb25127bb/src/data/rankings/all/overall/rankings-10000.json","2026-10-01T19:10:52.923Z"
"necrozma","Necrozma","false","genderless","ML","","150","139","","true","Psycho Cut","Dark Pulse","Iron Head","","Matched pinned PvPoke recommendation and exact-form move pool","updated","Shadow Claw; Dark Pulse; Iron Head","https://github.com/pvpoke/pvpoke/blob/332d727a8649db56fa2ee73ee0b55feeb25127bb/src/data/rankings/all/overall/rankings-10000.json","2026-10-01T19:10:52.923Z"
"necrozma_dawn_wings","Necrozma (Dawn Wings)","false","genderless","ML","","18","18","","true","Shadow Claw","Dark Pulse","Moongeist Beam","","Matched pinned PvPoke recommendation and exact-form move pool","unchanged","Shadow Claw; Dark Pulse; Moongeist Beam","https://github.com/pvpoke/pvpoke/blob/332d727a8649db56fa2ee73ee0b55feeb25127bb/src/data/rankings/all/overall/rankings-10000.json","2026-10-01T19:10:52.923Z"
"necrozma_dusk_mane","Necrozma (Dusk Mane)","false","genderless","ML","","22","21","","true","Shadow Claw","Dark Pulse","Sunsteel Strike","","Matched pinned PvPoke recommendation and exact-form move pool","unchanged","Shadow Claw; Dark Pulse; Sunsteel Strike","https://github.com/pvpoke/pvpoke/blob/332d727a8649db56fa2ee73ee0b55feeb25127bb/src/data/rankings/all/overall/rankings-10000.json","2026-10-01T19:10:52.923Z"
"nihilego","Nihilego","false","genderless","ML","","197","196","","true","Poison Jab","Power Gem","Sludge Bomb","","Matched pinned PvPoke recommendation and exact-form move pool","unchanged","Poison Jab; Power Gem; Sludge Bomb","https://github.com/pvpoke/pvpoke/blob/332d727a8649db56fa2ee73ee0b55feeb25127bb/src/data/rankings/all/overall/rankings-10000.json","2026-10-01T19:10:52.923Z"
"palkia","Palkia","false","genderless","ML","","34","33","","true","Dragon Breath","Aqua Tail","Fire Blast","","Matched pinned PvPoke recommendation and exact-form move pool","unchanged","Dragon Breath; Aqua Tail; Fire Blast","https://github.com/pvpoke/pvpoke/blob/332d727a8649db56fa2ee73ee0b55feeb25127bb/src/data/rankings/all/overall/rankings-10000.json","2026-10-01T19:10:52.923Z"
"palkia_origin","Palkia (Origin)","false","genderless","ML","","1","1","","true","Dragon Breath","Aqua Tail","Spacial Rend","Spacial Rend","Matched pinned PvPoke recommendation and exact-form move pool","unchanged","Dragon Breath; Aqua Tail; Spacial Rend","https://github.com/pvpoke/pvpoke/blob/332d727a8649db56fa2ee73ee0b55feeb25127bb/src/data/rankings/all/overall/rankings-10000.json","2026-10-01T19:10:52.923Z"
"palkia_shadow","Palkia (Shadow)","true","genderless","ML","","24","23","","true","Dragon Breath","Aqua Tail","Draco Meteor","","Matched pinned PvPoke recommendation and exact-form move pool","unchanged","Dragon Breath; Aqua Tail; Draco Meteor","https://github.com/pvpoke/pvpoke/blob/332d727a8649db56fa2ee73ee0b55feeb25127bb/src/data/rankings/all/overall/rankings-10000.json","2026-10-01T19:10:52.923Z"
"pangoro","Pangoro","false","","ML","","183","179","","true","Karate Chop","Close Combat","Night Slash","","Matched pinned PvPoke recommendation and exact-form move pool","unchanged","Karate Chop; Close Combat; Night Slash","https://github.com/pvpoke/pvpoke/blob/332d727a8649db56fa2ee73ee0b55feeb25127bb/src/data/rankings/all/overall/rankings-10000.json","2026-10-01T19:10:52.923Z"
"pangoro_shadow","Pangoro (Shadow)","true","","ML","","162","","","true","Karate Chop","Close Combat","Night Slash","","Matched pinned PvPoke recommendation and exact-form move pool","new","","https://github.com/pvpoke/pvpoke/blob/332d727a8649db56fa2ee73ee0b55feeb25127bb/src/data/rankings/all/overall/rankings-10000.json","2026-10-01T19:10:52.923Z"
"primarina","Primarina","false","","ML","","45","45","","true","Waterfall","Moonblast","Hydro Cannon","Hydro Cannon","Matched pinned PvPoke recommendation and exact-form move pool","unchanged","Waterfall; Moonblast; Hydro Cannon","https://github.com/pvpoke/pvpoke/blob/332d727a8649db56fa2ee73ee0b55feeb25127bb/src/data/rankings/all/overall/rankings-10000.json","2026-10-01T19:10:52.923Z"
"quaquaval","Quaquaval","false","","ML","","140","138","","true","Low Kick","Close Combat","Hydro Cannon","Hydro Cannon","Matched pinned PvPoke recommendation and exact-form move pool","unchanged","Low Kick; Close Combat; Hydro Cannon","https://github.com/pvpoke/pvpoke/blob/332d727a8649db56fa2ee73ee0b55feeb25127bb/src/data/rankings/all/overall/rankings-10000.json","2026-10-01T19:10:52.923Z"
"raikou","Raikou","false","genderless","ML","","87","85","","true","Thunder Shock","Aura Sphere","Wild Charge","","Matched pinned PvPoke recommendation and exact-form move pool","unchanged","Thunder Shock; Aura Sphere; Wild Charge","https://github.com/pvpoke/pvpoke/blob/332d727a8649db56fa2ee73ee0b55feeb25127bb/src/data/rankings/all/overall/rankings-10000.json","2026-10-01T19:10:52.923Z"
"raikou_shadow","Raikou (Shadow)","true","genderless","ML","","74","73","","true","Thunder Shock","Wild Charge","Aura Sphere","","Matched pinned PvPoke recommendation and exact-form move pool","unchanged","Thunder Shock; Wild Charge; Aura Sphere","https://github.com/pvpoke/pvpoke/blob/332d727a8649db56fa2ee73ee0b55feeb25127bb/src/data/rankings/all/overall/rankings-10000.json","2026-10-01T19:10:52.923Z"
"rayquaza","Rayquaza","false","genderless","ML","","106","103","","true","Dragon Tail","Breaking Swipe","Dragon Ascent","Breaking Swipe; Dragon Ascent","Matched pinned PvPoke recommendation and exact-form move pool","unchanged","Dragon Tail; Breaking Swipe; Dragon Ascent","https://github.com/pvpoke/pvpoke/blob/332d727a8649db56fa2ee73ee0b55feeb25127bb/src/data/rankings/all/overall/rankings-10000.json","2026-10-01T19:10:52.923Z"
"regidrago","Regidrago","false","genderless","ML","","139","137","","true","Dragon Breath","Dragon Energy","Vise Grip","Dragon Breath; Dragon Energy","Matched pinned PvPoke recommendation and exact-form move pool","unchanged","Dragon Breath; Dragon Energy; Vise Grip","https://github.com/pvpoke/pvpoke/blob/332d727a8649db56fa2ee73ee0b55feeb25127bb/src/data/rankings/all/overall/rankings-10000.json","2026-10-01T19:10:52.923Z"
"regirock","Regirock","false","genderless","ML","","187","185","","true","Lock On","Stone Edge","Focus Blast","","Matched pinned PvPoke recommendation and exact-form move pool","unchanged","Lock On; Stone Edge; Focus Blast","https://github.com/pvpoke/pvpoke/blob/332d727a8649db56fa2ee73ee0b55feeb25127bb/src/data/rankings/all/overall/rankings-10000.json","2026-10-01T19:10:52.923Z"
"regirock_shadow","Regirock (Shadow)","true","genderless","ML","","193","192","","true","Lock On","Stone Edge","Focus Blast","","Matched pinned PvPoke recommendation and exact-form move pool","unchanged","Lock On; Stone Edge; Focus Blast","https://github.com/pvpoke/pvpoke/blob/332d727a8649db56fa2ee73ee0b55feeb25127bb/src/data/rankings/all/overall/rankings-10000.json","2026-10-01T19:10:52.923Z"
"reshiram","Reshiram","false","genderless","ML","","6","9","","true","Dragon Breath","Fusion Flare","Draco Meteor","Fusion Flare","Matched pinned PvPoke recommendation and exact-form move pool","unchanged","Dragon Breath; Fusion Flare; Draco Meteor","https://github.com/pvpoke/pvpoke/blob/332d727a8649db56fa2ee73ee0b55feeb25127bb/src/data/rankings/all/overall/rankings-10000.json","2026-10-01T19:10:52.923Z"
"reshiram_shadow","Reshiram (Shadow)","true","genderless","ML","","13","12","","true","Dragon Breath","Fusion Flare","Draco Meteor","Fusion Flare","Matched pinned PvPoke recommendation and exact-form move pool","unchanged","Dragon Breath; Fusion Flare; Draco Meteor","https://github.com/pvpoke/pvpoke/blob/332d727a8649db56fa2ee73ee0b55feeb25127bb/src/data/rankings/all/overall/rankings-10000.json","2026-10-01T19:10:52.923Z"
"rhyperior","Rhyperior","false","","ML","","69","69","","true","Mud Slap","Drill Run","Rock Wrecker","Rock Wrecker","Matched pinned PvPoke recommendation and exact-form move pool","unchanged","Mud Slap; Drill Run; Rock Wrecker","https://github.com/pvpoke/pvpoke/blob/332d727a8649db56fa2ee73ee0b55feeb25127bb/src/data/rankings/all/overall/rankings-10000.json","2026-10-01T19:10:52.923Z"
"rhyperior_shadow","Rhyperior (Shadow)","true","","ML","","68","68","","true","Mud Slap","Drill Run","Rock Wrecker","Rock Wrecker","Matched pinned PvPoke recommendation and exact-form move pool","unchanged","Mud Slap; Drill Run; Rock Wrecker","https://github.com/pvpoke/pvpoke/blob/332d727a8649db56fa2ee73ee0b55feeb25127bb/src/data/rankings/all/overall/rankings-10000.json","2026-10-01T19:10:52.923Z"
"rillaboom","Rillaboom","false","","ML","","37","34","","true","Scratch","Drum Beating","Earth Power","","Matched pinned PvPoke recommendation and exact-form move pool","unchanged","Scratch; Drum Beating; Earth Power","https://github.com/pvpoke/pvpoke/blob/332d727a8649db56fa2ee73ee0b55feeb25127bb/src/data/rankings/all/overall/rankings-10000.json","2026-10-01T19:10:52.923Z"
"salamence","Salamence","false","","ML","","114","114","","true","Dragon Tail","Fly","Brutal Swing","","Matched pinned PvPoke recommendation and exact-form move pool","updated","Dragon Tail; Brutal Swing; Fly","https://github.com/pvpoke/pvpoke/blob/332d727a8649db56fa2ee73ee0b55feeb25127bb/src/data/rankings/all/overall/rankings-10000.json","2026-10-01T19:10:52.923Z"
"salamence_shadow","Salamence (Shadow)","true","","ML","","76","76","","true","Dragon Tail","Fly","Brutal Swing","","Matched pinned PvPoke recommendation and exact-form move pool","updated","Dragon Tail; Brutal Swing; Fly","https://github.com/pvpoke/pvpoke/blob/332d727a8649db56fa2ee73ee0b55feeb25127bb/src/data/rankings/all/overall/rankings-10000.json","2026-10-01T19:10:52.923Z"
"scizor_shadow","Scizor (Shadow)","true","","ML","","199","197","","true","Bullet Punch","Night Slash","Trailblaze","","Matched pinned PvPoke recommendation and exact-form move pool","unchanged","Bullet Punch; Night Slash; Trailblaze","https://github.com/pvpoke/pvpoke/blob/332d727a8649db56fa2ee73ee0b55feeb25127bb/src/data/rankings/all/overall/rankings-10000.json","2026-10-01T19:10:52.923Z"
"skeledirge","Skeledirge","false","","ML","","132","134","","true","Incinerate","Torch Song","Shadow Ball","","Matched pinned PvPoke recommendation and exact-form move pool","unchanged","Incinerate; Torch Song; Shadow Ball","https://github.com/pvpoke/pvpoke/blob/332d727a8649db56fa2ee73ee0b55feeb25127bb/src/data/rankings/all/overall/rankings-10000.json","2026-10-01T19:10:52.923Z"
"sneasler_shadow","Sneasler (Shadow)","true","","ML","","126","125","","true","Shadow Claw","Close Combat","X-Scissor","","Matched pinned PvPoke recommendation and exact-form move pool","unchanged","Shadow Claw; Close Combat; X-Scissor","https://github.com/pvpoke/pvpoke/blob/332d727a8649db56fa2ee73ee0b55feeb25127bb/src/data/rankings/all/overall/rankings-10000.json","2026-10-01T19:10:52.923Z"
"snorlax","Snorlax","false","","ML","","92","90","","true","Psywave","Body Slam","Earthquake","","Matched pinned PvPoke recommendation and exact-form move pool","unchanged","Psywave; Body Slam; Earthquake","https://github.com/pvpoke/pvpoke/blob/332d727a8649db56fa2ee73ee0b55feeb25127bb/src/data/rankings/all/overall/rankings-10000.json","2026-10-01T19:10:52.923Z"
"snorlax_shadow","Snorlax (Shadow)","true","","ML","","80","79","","true","Psywave","Body Slam","Earthquake","","Matched pinned PvPoke recommendation and exact-form move pool","unchanged","Psywave; Body Slam; Earthquake","https://github.com/pvpoke/pvpoke/blob/332d727a8649db56fa2ee73ee0b55feeb25127bb/src/data/rankings/all/overall/rankings-10000.json","2026-10-01T19:10:52.923Z"
"solgaleo","Solgaleo","false","genderless","ML","","42","41","","true","Fire Spin","Psychic Fangs","Iron Head","","Matched pinned PvPoke recommendation and exact-form move pool","unchanged","Fire Spin; Psychic Fangs; Iron Head","https://github.com/pvpoke/pvpoke/blob/332d727a8649db56fa2ee73ee0b55feeb25127bb/src/data/rankings/all/overall/rankings-10000.json","2026-10-01T19:10:52.923Z"
"suicune","Suicune","false","genderless","ML","","196","193","","true","Ice Fang","Scald","Ice Beam","","Matched pinned PvPoke recommendation and exact-form move pool","unchanged","Ice Fang; Scald; Ice Beam","https://github.com/pvpoke/pvpoke/blob/332d727a8649db56fa2ee73ee0b55feeb25127bb/src/data/rankings/all/overall/rankings-10000.json","2026-10-01T19:10:52.923Z"
"swampert","Swampert","false","","ML","","108","104","","true","Mud Shot","Hydro Cannon","Earthquake","Hydro Cannon","Matched pinned PvPoke recommendation and exact-form move pool","unchanged","Mud Shot; Hydro Cannon; Earthquake","https://github.com/pvpoke/pvpoke/blob/332d727a8649db56fa2ee73ee0b55feeb25127bb/src/data/rankings/all/overall/rankings-10000.json","2026-10-01T19:10:52.923Z"
"swampert_shadow","Swampert (Shadow)","true","","ML","","120","118","","true","Mud Shot","Hydro Cannon","Earthquake","Hydro Cannon","Matched pinned PvPoke recommendation and exact-form move pool","unchanged","Mud Shot; Hydro Cannon; Earthquake","https://github.com/pvpoke/pvpoke/blob/332d727a8649db56fa2ee73ee0b55feeb25127bb/src/data/rankings/all/overall/rankings-10000.json","2026-10-01T19:10:52.923Z"
"sylveon","Sylveon","false","","ML","","70","67","","true","Fairy Wind","Draining Kiss","Shadow Ball","","Matched pinned PvPoke recommendation and exact-form move pool","unchanged","Fairy Wind; Draining Kiss; Shadow Ball","https://github.com/pvpoke/pvpoke/blob/332d727a8649db56fa2ee73ee0b55feeb25127bb/src/data/rankings/all/overall/rankings-10000.json","2026-10-01T19:10:52.923Z"
"tapu_bulu","Tapu Bulu","false","genderless","ML","","119","112","","true","Bullet Seed","Grass Knot","Nature's Madness","Nature's Madness","Matched pinned PvPoke recommendation and exact-form move pool","unchanged","Bullet Seed; Grass Knot; Nature's Madness","https://github.com/pvpoke/pvpoke/blob/332d727a8649db56fa2ee73ee0b55feeb25127bb/src/data/rankings/all/overall/rankings-10000.json","2026-10-01T19:10:52.923Z"
"tapu_fini","Tapu Fini","false","genderless","ML","","122","120","","true","Water Gun","Surf","Nature's Madness","Nature's Madness","Matched pinned PvPoke recommendation and exact-form move pool","unchanged","Water Gun; Surf; Nature's Madness","https://github.com/pvpoke/pvpoke/blob/332d727a8649db56fa2ee73ee0b55feeb25127bb/src/data/rankings/all/overall/rankings-10000.json","2026-10-01T19:10:52.923Z"
"tapu_koko","Tapu Koko","false","genderless","ML","","168","168","","true","Volt Switch","Thunderbolt","Nature's Madness","Nature's Madness","Matched pinned PvPoke recommendation and exact-form move pool","unchanged","Volt Switch; Thunderbolt; Nature's Madness","https://github.com/pvpoke/pvpoke/blob/332d727a8649db56fa2ee73ee0b55feeb25127bb/src/data/rankings/all/overall/rankings-10000.json","2026-10-01T19:10:52.923Z"
"tapu_lele","Tapu Lele","false","genderless","ML","","60","59","","true","Astonish","Psyshock","Nature's Madness","Nature's Madness","Matched pinned PvPoke recommendation and exact-form move pool","unchanged","Astonish; Psyshock; Nature's Madness","https://github.com/pvpoke/pvpoke/blob/332d727a8649db56fa2ee73ee0b55feeb25127bb/src/data/rankings/all/overall/rankings-10000.json","2026-10-01T19:10:52.923Z"
"terrakion","Terrakion","false","genderless","ML","","142","140","","true","Double Kick","Sacred Sword","Rock Slide","Sacred Sword","Matched pinned PvPoke recommendation and exact-form move pool","unchanged","Double Kick; Sacred Sword; Rock Slide","https://github.com/pvpoke/pvpoke/blob/332d727a8649db56fa2ee73ee0b55feeb25127bb/src/data/rankings/all/overall/rankings-10000.json","2026-10-01T19:10:52.923Z"
"thundurus_incarnate","Thundurus (Incarnate)","false","male","ML","","189","187","","true","Thunder Shock","Crunch","Thunder","","Matched pinned PvPoke recommendation and exact-form move pool","unchanged","Thunder Shock; Crunch; Thunder","https://github.com/pvpoke/pvpoke/blob/332d727a8649db56fa2ee73ee0b55feeb25127bb/src/data/rankings/all/overall/rankings-10000.json","2026-10-01T19:10:52.923Z"
"thundurus_incarnate_shadow","Thundurus (Incarnate) (Shadow)","true","male","ML","","133","129","","true","Thunder Shock","Thunder Punch","Brick Break","","Matched pinned PvPoke recommendation and exact-form move pool","unchanged","Thunder Shock; Thunder Punch; Brick Break","https://github.com/pvpoke/pvpoke/blob/332d727a8649db56fa2ee73ee0b55feeb25127bb/src/data/rankings/all/overall/rankings-10000.json","2026-10-01T19:10:52.923Z"
"thundurus_therian","Thundurus (Therian)","false","male","ML","","131","128","","true","Volt Switch","Wildbolt Storm","Focus Blast","Wildbolt Storm","Matched pinned PvPoke recommendation and exact-form move pool","unchanged","Volt Switch; Wildbolt Storm; Focus Blast","https://github.com/pvpoke/pvpoke/blob/332d727a8649db56fa2ee73ee0b55feeb25127bb/src/data/rankings/all/overall/rankings-10000.json","2026-10-01T19:10:52.923Z"
"togekiss","Togekiss","false","","ML","","59","58","","true","Peck","Dazzling Gleam","Aura Sphere","Aura Sphere","Matched pinned PvPoke recommendation and exact-form move pool","unchanged","Peck; Dazzling Gleam; Aura Sphere","https://github.com/pvpoke/pvpoke/blob/332d727a8649db56fa2ee73ee0b55feeb25127bb/src/data/rankings/all/overall/rankings-10000.json","2026-10-01T19:10:52.923Z"
"torterra","Torterra","false","","ML","","174","171","","true","Mud Slap","Frenzy Plant","Sand Tomb","Frenzy Plant","Matched pinned PvPoke recommendation and exact-form move pool","unchanged","Mud Slap; Frenzy Plant; Sand Tomb","https://github.com/pvpoke/pvpoke/blob/332d727a8649db56fa2ee73ee0b55feeb25127bb/src/data/rankings/all/overall/rankings-10000.json","2026-10-01T19:10:52.923Z"
"torterra_shadow","Torterra (Shadow)","true","","ML","","177","176","","true","Mud Slap","Frenzy Plant","Sand Tomb","Frenzy Plant","Matched pinned PvPoke recommendation and exact-form move pool","unchanged","Mud Slap; Frenzy Plant; Sand Tomb","https://github.com/pvpoke/pvpoke/blob/332d727a8649db56fa2ee73ee0b55feeb25127bb/src/data/rankings/all/overall/rankings-10000.json","2026-10-01T19:10:52.923Z"
"tyranitar","Tyranitar","false","","ML","","85","83","","true","Dragon Breath","Brutal Swing","Stone Edge","","Matched pinned PvPoke recommendation and exact-form move pool","unchanged","Dragon Breath; Brutal Swing; Stone Edge","https://github.com/pvpoke/pvpoke/blob/332d727a8649db56fa2ee73ee0b55feeb25127bb/src/data/rankings/all/overall/rankings-10000.json","2026-10-01T19:10:52.923Z"
"tyranitar_shadow","Tyranitar (Shadow)","true","","ML","","64","63","","true","Dragon Breath","Brutal Swing","Stone Edge","","Matched pinned PvPoke recommendation and exact-form move pool","unchanged","Dragon Breath; Brutal Swing; Stone Edge","https://github.com/pvpoke/pvpoke/blob/332d727a8649db56fa2ee73ee0b55feeb25127bb/src/data/rankings/all/overall/rankings-10000.json","2026-10-01T19:10:52.923Z"
"ursaluna","Ursaluna","false","","ML","","11","10","","true","Scratch","Ice Punch","High Horsepower","High Horsepower","Matched pinned PvPoke recommendation and exact-form move pool","unchanged","Scratch; Ice Punch; High Horsepower","https://github.com/pvpoke/pvpoke/blob/332d727a8649db56fa2ee73ee0b55feeb25127bb/src/data/rankings/all/overall/rankings-10000.json","2026-10-01T19:10:52.923Z"
"ursaluna_shadow","Ursaluna (Shadow)","true","","ML","","17","17","","true","Scratch","Ice Punch","High Horsepower","High Horsepower","Matched pinned PvPoke recommendation and exact-form move pool","unchanged","Scratch; Ice Punch; High Horsepower","https://github.com/pvpoke/pvpoke/blob/332d727a8649db56fa2ee73ee0b55feeb25127bb/src/data/rankings/all/overall/rankings-10000.json","2026-10-01T19:10:52.923Z"
"urshifu_rapid_strike","Urshifu (Rapid Strike)","false","","ML","","84","82","","true","Waterfall","Aqua Jet","Dynamic Punch","","Matched pinned PvPoke recommendation and exact-form move pool","unchanged","Waterfall; Aqua Jet; Dynamic Punch","https://github.com/pvpoke/pvpoke/blob/332d727a8649db56fa2ee73ee0b55feeb25127bb/src/data/rankings/all/overall/rankings-10000.json","2026-10-01T19:10:52.923Z"
"urshifu_single_strike","Urshifu (Single Strike)","false","","ML","","77","74","","true","Sucker Punch","Dynamic Punch","Payback","","Matched pinned PvPoke recommendation and exact-form move pool","unchanged","Sucker Punch; Dynamic Punch; Payback","https://github.com/pvpoke/pvpoke/blob/332d727a8649db56fa2ee73ee0b55feeb25127bb/src/data/rankings/all/overall/rankings-10000.json","2026-10-01T19:10:52.923Z"
"victini","Victini","false","genderless","ML","","103","100","","true","Confusion","V-Create","Psyshock","","Matched pinned PvPoke recommendation and exact-form move pool","unchanged","Confusion; V-Create; Psyshock","https://github.com/pvpoke/pvpoke/blob/332d727a8649db56fa2ee73ee0b55feeb25127bb/src/data/rankings/all/overall/rankings-10000.json","2026-10-01T19:10:52.923Z"
"virizion","Virizion","false","genderless","ML","","121","119","","true","Double Kick","Leaf Blade","Sacred Sword","Sacred Sword","Matched pinned PvPoke recommendation and exact-form move pool","unchanged","Double Kick; Leaf Blade; Sacred Sword","https://github.com/pvpoke/pvpoke/blob/332d727a8649db56fa2ee73ee0b55feeb25127bb/src/data/rankings/all/overall/rankings-10000.json","2026-10-01T19:10:52.923Z"
"volcanion","Volcanion","false","genderless","ML","","82","81","","true","Incinerate","Scald","Earth Power","","Matched pinned PvPoke recommendation and exact-form move pool","unchanged","Incinerate; Scald; Earth Power","https://github.com/pvpoke/pvpoke/blob/332d727a8649db56fa2ee73ee0b55feeb25127bb/src/data/rankings/all/overall/rankings-10000.json","2026-10-01T19:10:52.923Z"
"walrein","Walrein","false","","ML","","176","174","","true","Powder Snow","Icicle Spear","Earthquake","Powder Snow; Icicle Spear","Matched pinned PvPoke recommendation and exact-form move pool","unchanged","Powder Snow; Icicle Spear; Earthquake","https://github.com/pvpoke/pvpoke/blob/332d727a8649db56fa2ee73ee0b55feeb25127bb/src/data/rankings/all/overall/rankings-10000.json","2026-10-01T19:10:52.923Z"
"walrein_shadow","Walrein (Shadow)","true","","ML","","191","190","","true","Powder Snow","Icicle Spear","Earthquake","Powder Snow; Icicle Spear","Matched pinned PvPoke recommendation and exact-form move pool","unchanged","Powder Snow; Icicle Spear; Earthquake","https://github.com/pvpoke/pvpoke/blob/332d727a8649db56fa2ee73ee0b55feeb25127bb/src/data/rankings/all/overall/rankings-10000.json","2026-10-01T19:10:52.923Z"
"xerneas","Xerneas","false","genderless","ML","","7","6","","true","Geomancy","Close Combat","Moonblast","Geomancy","Matched pinned PvPoke recommendation and exact-form move pool","unchanged","Geomancy; Close Combat; Moonblast","https://github.com/pvpoke/pvpoke/blob/332d727a8649db56fa2ee73ee0b55feeb25127bb/src/data/rankings/all/overall/rankings-10000.json","2026-10-01T19:10:52.923Z"
"xurkitree","Xurkitree","false","genderless","ML","","143","142","","true","Thunder Shock","Discharge","Dazzling Gleam","","Matched pinned PvPoke recommendation and exact-form move pool","unchanged","Thunder Shock; Discharge; Dazzling Gleam","https://github.com/pvpoke/pvpoke/blob/332d727a8649db56fa2ee73ee0b55feeb25127bb/src/data/rankings/all/overall/rankings-10000.json","2026-10-01T19:10:52.923Z"
"yveltal","Yveltal","false","genderless","ML","","38","37","","true","Sucker Punch","Dark Pulse","Oblivion Wing","Oblivion Wing","Matched pinned PvPoke recommendation and exact-form move pool","unchanged","Sucker Punch; Dark Pulse; Oblivion Wing","https://github.com/pvpoke/pvpoke/blob/332d727a8649db56fa2ee73ee0b55feeb25127bb/src/data/rankings/all/overall/rankings-10000.json","2026-10-01T19:10:52.923Z"
"zacian_crowned_sword","Zacian (Crowned Sword)","false","genderless","ML","","2","2","","true","Metal Claw","Close Combat","Behemoth Blade","Behemoth Blade","Matched pinned PvPoke recommendation and exact-form move pool","unchanged","Metal Claw; Close Combat; Behemoth Blade","https://github.com/pvpoke/pvpoke/blob/332d727a8649db56fa2ee73ee0b55feeb25127bb/src/data/rankings/all/overall/rankings-10000.json","2026-10-01T19:10:52.923Z"
"zacian_hero","Zacian (Hero)","false","genderless","ML","","96","96","","true","Quick Attack","Wild Charge","Play Rough","","Matched pinned PvPoke recommendation and exact-form move pool","unchanged","Quick Attack; Wild Charge; Play Rough","https://github.com/pvpoke/pvpoke/blob/332d727a8649db56fa2ee73ee0b55feeb25127bb/src/data/rankings/all/overall/rankings-10000.json","2026-10-01T19:10:52.923Z"
"zamazenta_crowned_shield","Zamazenta (Crowned Shield)","false","genderless","ML","","16","16","","true","Ice Fang","Close Combat","Behemoth Bash","Behemoth Bash","Matched pinned PvPoke recommendation and exact-form move pool","unchanged","Ice Fang; Close Combat; Behemoth Bash","https://github.com/pvpoke/pvpoke/blob/332d727a8649db56fa2ee73ee0b55feeb25127bb/src/data/rankings/all/overall/rankings-10000.json","2026-10-01T19:10:52.923Z"
"zamazenta_hero","Zamazenta (Hero)","false","genderless","ML","","97","92","","true","Ice Fang","Close Combat","Crunch","","Matched pinned PvPoke recommendation and exact-form move pool","unchanged","Ice Fang; Close Combat; Crunch","https://github.com/pvpoke/pvpoke/blob/332d727a8649db56fa2ee73ee0b55feeb25127bb/src/data/rankings/all/overall/rankings-10000.json","2026-10-01T19:10:52.923Z"
"zapdos","Zapdos","false","genderless","ML","","89","87","","true","Thunder Shock","Drill Peck","Thunderbolt","Thunder Shock","Matched pinned PvPoke recommendation and exact-form move pool","unchanged","Thunder Shock; Drill Peck; Thunderbolt","https://github.com/pvpoke/pvpoke/blob/332d727a8649db56fa2ee73ee0b55feeb25127bb/src/data/rankings/all/overall/rankings-10000.json","2026-10-01T19:10:52.923Z"
"zapdos_galarian","Zapdos (Galarian)","false","genderless","ML","","123","122","","true","Low Kick","Fly","Brave Bird","","Matched pinned PvPoke recommendation and exact-form move pool","unchanged","Low Kick; Fly; Brave Bird","https://github.com/pvpoke/pvpoke/blob/332d727a8649db56fa2ee73ee0b55feeb25127bb/src/data/rankings/all/overall/rankings-10000.json","2026-10-01T19:10:52.923Z"
"zapdos_shadow","Zapdos (Shadow)","true","genderless","ML","","90","88","","true","Thunder Shock","Drill Peck","Heat Wave","Thunder Shock","Matched pinned PvPoke recommendation and exact-form move pool","unchanged","Thunder Shock; Drill Peck; Heat Wave","https://github.com/pvpoke/pvpoke/blob/332d727a8649db56fa2ee73ee0b55feeb25127bb/src/data/rankings/all/overall/rankings-10000.json","2026-10-01T19:10:52.923Z"
"zarude","Zarude","false","genderless","ML","","115","113","","true","Bite","Dark Pulse","Energy Ball","","Matched pinned PvPoke recommendation and exact-form move pool","unchanged","Bite; Dark Pulse; Energy Ball","https://github.com/pvpoke/pvpoke/blob/332d727a8649db56fa2ee73ee0b55feeb25127bb/src/data/rankings/all/overall/rankings-10000.json","2026-10-01T19:10:52.923Z"
"zekrom","Zekrom","false","genderless","ML","","20","20","","true","Dragon Breath","Outrage","Fusion Bolt","Fusion Bolt","Matched pinned PvPoke recommendation and exact-form move pool","unchanged","Dragon Breath; Outrage; Fusion Bolt","https://github.com/pvpoke/pvpoke/blob/332d727a8649db56fa2ee73ee0b55feeb25127bb/src/data/rankings/all/overall/rankings-10000.json","2026-10-01T19:10:52.923Z"
"zekrom_shadow","Zekrom (Shadow)","true","genderless","ML","","21","","","true","Dragon Breath","Outrage","Fusion Bolt","Fusion Bolt","Matched pinned PvPoke recommendation and exact-form move pool","new","","https://github.com/pvpoke/pvpoke/blob/332d727a8649db56fa2ee73ee0b55feeb25127bb/src/data/rankings/all/overall/rankings-10000.json","2026-10-01T19:10:52.923Z"
"zeraora","Zeraora","false","genderless","ML","","110","108","","true","Volt Switch","Plasma Fists","Dynamic Punch","","Matched pinned PvPoke recommendation and exact-form move pool","unchanged","Volt Switch; Plasma Fists; Dynamic Punch","https://github.com/pvpoke/pvpoke/blob/332d727a8649db56fa2ee73ee0b55feeb25127bb/src/data/rankings/all/overall/rankings-10000.json","2026-10-01T19:10:52.923Z"
"zygarde","Zygarde (50% Forme)","false","genderless","ML","","124","123","","true","Dragon Tail","Crunch","Earthquake","","Matched pinned PvPoke recommendation and exact-form move pool","unchanged","Dragon Tail; Crunch; Earthquake","https://github.com/pvpoke/pvpoke/blob/332d727a8649db56fa2ee73ee0b55feeb25127bb/src/data/rankings/all/overall/rankings-10000.json","2026-10-01T19:10:52.923Z"
"zygarde_complete","Zygarde (Complete Forme)","false","genderless","ML","","3","3","","true","Dragon Tail","Crunch","Bulldoze","","Matched pinned PvPoke recommendation and exact-form move pool","unchanged","Dragon Tail; Crunch; Bulldoze","https://github.com/pvpoke/pvpoke/blob/332d727a8649db56fa2ee73ee0b55feeb25127bb/src/data/rankings/all/overall/rankings-10000.json","2026-10-01T19:10:52.923Z"
"bellossom","Bellossom","false","","UL","","201","198","","false","Acid","Leaf Blade","Dazzling Gleam","","No longer meets current top-199 eligibility","no longer qualifying","Acid; Leaf Blade; Dazzling Gleam","https://github.com/pvpoke/pvpoke/blob/332d727a8649db56fa2ee73ee0b55feeb25127bb/src/data/rankings/all/overall/rankings-2500.json","2026-10-01T19:10:52.923Z"
"bellossom_shadow","Bellossom (Shadow)","true","","UL","","202","191","","false","Acid","Leaf Blade","Dazzling Gleam","","No longer meets current top-199 eligibility","no longer qualifying","Acid; Leaf Blade; Dazzling Gleam","https://github.com/pvpoke/pvpoke/blob/332d727a8649db56fa2ee73ee0b55feeb25127bb/src/data/rankings/all/overall/rankings-2500.json","2026-10-01T19:10:52.923Z"
"gliscor_shadow","Gliscor (Shadow)","true","","ML","","269","188","","false","Wing Attack","Sand Tomb","Acrobatics","","No longer meets current top-199 eligibility","no longer qualifying","Sand Attack; Sand Tomb; Night Slash","https://github.com/pvpoke/pvpoke/blob/332d727a8649db56fa2ee73ee0b55feeb25127bb/src/data/rankings/all/overall/rankings-10000.json","2026-10-01T19:10:52.923Z"
"hydreigon","Hydreigon","false","","UL","","203","199","","false","Dragon Breath","Brutal Swing","Dragon Pulse","Brutal Swing","No longer meets current top-199 eligibility","no longer qualifying","Dragon Breath; Brutal Swing; Dragon Pulse","https://github.com/pvpoke/pvpoke/blob/332d727a8649db56fa2ee73ee0b55feeb25127bb/src/data/rankings/all/overall/rankings-2500.json","2026-10-01T19:10:52.923Z"
"kecleon","Kecleon","false","","GL","","200","197","","false","Sucker Punch","Thunder Punch","Dynamic Punch","","No longer meets current top-199 eligibility","no longer qualifying","Sucker Punch; Thunder Punch; Dynamic Punch","https://github.com/pvpoke/pvpoke/blob/332d727a8649db56fa2ee73ee0b55feeb25127bb/src/data/rankings/all/overall/rankings-1500.json","2026-10-01T19:10:52.923Z"
"lanturn","Lanturn","false","","GL","","279","163","","false","Spark","Surf","Thunderbolt","","No longer meets current top-199 eligibility","no longer qualifying","Water Gun; Surf; Thunderbolt","https://github.com/pvpoke/pvpoke/blob/332d727a8649db56fa2ee73ee0b55feeb25127bb/src/data/rankings/all/overall/rankings-1500.json","2026-10-01T19:10:52.923Z"
"mew","Mew","false","genderless","UL","","204","194","","false","Shadow Claw","Psyshock","Wild Charge","","No longer meets current top-199 eligibility","no longer qualifying","Shadow Claw; Psyshock; Wild Charge","https://github.com/pvpoke/pvpoke/blob/332d727a8649db56fa2ee73ee0b55feeb25127bb/src/data/rankings/all/overall/rankings-2500.json","2026-10-01T19:10:52.923Z"
"sneasler","Sneasler","false","","ML","","201","198","","false","Shadow Claw","Close Combat","Aerial Ace","","No longer meets current top-199 eligibility","no longer qualifying","Shadow Claw; Close Combat; Aerial Ace","https://github.com/pvpoke/pvpoke/blob/332d727a8649db56fa2ee73ee0b55feeb25127bb/src/data/rankings/all/overall/rankings-10000.json","2026-10-01T19:10:52.923Z"
"typhlosion_hisuian","Typhlosion (Hisuian)","false","","ML","","200","199","","false","Hex","Shadow Ball","Fire Punch","","No longer meets current top-199 eligibility","no longer qualifying","Hex; Shadow Ball; Fire Punch","https://github.com/pvpoke/pvpoke/blob/332d727a8649db56fa2ee73ee0b55feeb25127bb/src/data/rankings/all/overall/rankings-10000.json","2026-10-01T19:10:52.923Z"
"typhlosion_shadow","Typhlosion (Shadow)","true","","UL","","200","197","","false","Incinerate","Blast Burn","Thunder Punch","Blast Burn","No longer meets current top-199 eligibility","no longer qualifying","Incinerate; Blast Burn; Thunder Punch","https://github.com/pvpoke/pvpoke/blob/332d727a8649db56fa2ee73ee0b55feeb25127bb/src/data/rankings/all/overall/rankings-2500.json","2026-10-01T19:10:52.923Z"
"absol_mega","Absol (Mega)","false","","Raid","dark","5","","S","true","Snarl","Brutal Swing","","Brutal Swing","Exact-form GO Hub role recommendation","sourced","dark: Snarl + Brutal Swing *","https://db.pokemongohub.net/pokemon/359-Mega","2026-10-01T19:09:10.189Z"
"absol_shadow","Absol (Shadow)","true","","Raid","dark","9","","S","true","Snarl","Brutal Swing","","Brutal Swing","Exact-form GO Hub role recommendation","sourced","dark: Snarl + Brutal Swing *","https://db.pokemongohub.net/pokemon/359-Shadow","2026-10-01T19:09:10.223Z"
"aerodactyl_mega","Aerodactyl (Mega)","false","","Raid","rock","6","","S","true","Rock Throw","Rock Slide","","","Exact-form GO Hub role recommendation","sourced","rock: Rock Throw + Rock Slide","https://db.pokemongohub.net/pokemon/142-Mega","2026-10-01T19:09:10.218Z"
"alakazam_mega","Alakazam (Mega)","false","","Raid","psychic","4","","S","true","Confusion","Psychic","","Psychic","Exact-form GO Hub role recommendation","sourced","ghost: Psycho Cut + Shadow Ball; psychic: Confusion + Psychic *; fairy: Psycho Cut + Dazzling Gleam *","https://db.pokemongohub.net/pokemon/65-Mega","2026-10-01T19:09:26.283Z"
"arcanine","Arcanine","false","","Raid","fire","64","","F","false","Fire Fang","Flamethrower","","","Exact-form GO Hub role recommendation","Below B-tier expansion cutoff","","https://db.pokemongohub.net/pokemon/59","2026-10-01T19:09:02.878Z"
"arcanine","Arcanine","false","","Raid","","","","budget","true","","","","","No qualifying sourced raid role","unverified","","input-csv",""
"arcanine_shadow","Arcanine (Shadow)","true","","Raid","fire","36","","B","true","Fire Fang","Flamethrower","","","Exact-form GO Hub role recommendation","sourced","","https://db.pokemongohub.net/pokemon/59-Shadow","2026-10-01T19:09:26.312Z"
"banette_mega","Banette (Mega)","false","","Raid","ghost","6","","S","true","Shadow Claw","Shadow Ball","","","Exact-form GO Hub role recommendation","sourced","ghost: Shadow Claw + Shadow Ball","https://db.pokemongohub.net/pokemon/354-Mega","2026-10-01T19:09:26.583Z"
"baxcalibur","Baxcalibur","false","","Raid","ice","10","","S","true","Ice Fang","Avalanche","","","Exact-form GO Hub role recommendation","sourced","ice: Ice Fang + Avalanche","https://db.pokemongohub.net/pokemon/998","2026-10-01T19:09:26.886Z"
"baxcalibur","Baxcalibur","false","","Raid","dragon","14","","A+","true","Ice Fang","Glaive Rush","","Glaive Rush","Exact-form GO Hub role recommendation","sourced","ice: Ice Fang + Avalanche","https://db.pokemongohub.net/pokemon/998","2026-10-01T19:09:26.886Z"
"beedrill_mega","Beedrill (Mega)","false","","Raid","bug","1","","S","true","Bug Bite","Fell Stinger+","","Bug Bite","Exact-form GO Hub role recommendation","sourced","poison: Poison Jab + Sludge Bomb; bug: Bug Bite * + Fell Stinger+","https://db.pokemongohub.net/pokemon/15-Mega","2026-10-01T19:09:26.907Z"
"beedrill_mega","Beedrill (Mega)","false","","Raid","poison","3","","S","true","Poison Jab","Sludge Bomb","","","Exact-form GO Hub role recommendation","sourced","poison: Poison Jab + Sludge Bomb; bug: Bug Bite * + Fell Stinger+","https://db.pokemongohub.net/pokemon/15-Mega","2026-10-01T19:09:26.907Z"
"blacephalon","Blacephalon","false","genderless","Raid","fire","5","","S","true","Incinerate","Mind Blown","","Mind Blown","Exact-form GO Hub role recommendation","sourced","fire: Incinerate + Mind Blown *","https://db.pokemongohub.net/pokemon/806","2026-10-01T19:09:27.321Z"
"blacephalon","Blacephalon","false","genderless","Raid","ghost","13","","A+","true","Astonish","Shadow Ball","","","Exact-form GO Hub role recommendation","sourced","fire: Incinerate + Mind Blown *","https://db.pokemongohub.net/pokemon/806","2026-10-01T19:09:27.321Z"
"blastoise_mega","Blastoise (Mega)","false","","Raid","water","6","","S","true","Water Gun","Hydro Cannon","","Hydro Cannon","Exact-form GO Hub role recommendation","sourced","water: Water Gun + Hydro Cannon *","https://db.pokemongohub.net/pokemon/9-Mega","2026-10-01T19:09:27.489Z"
"blaziken_mega","Blaziken (Mega)","false","","Raid","fire","2","","S","true","Fire Spin","Blast Burn","","Blast Burn","Exact-form GO Hub role recommendation","sourced","fighting: Counter + Aura Sphere; fire: Fire Spin + Blast Burn *","https://db.pokemongohub.net/pokemon/257-Mega","2026-10-01T19:09:27.185Z"
"blaziken_mega","Blaziken (Mega)","false","","Raid","fighting","3","","S","true","Counter","Aura Sphere","","","Exact-form GO Hub role recommendation","sourced","fighting: Counter + Aura Sphere; fire: Fire Spin + Blast Burn *","https://db.pokemongohub.net/pokemon/257-Mega","2026-10-01T19:09:27.185Z"
"blaziken_shadow","Blaziken (Shadow)","true","","Raid","fighting","8","","S","true","Counter","Aura Sphere","","","Exact-form GO Hub role recommendation","sourced","fighting: Counter + Aura Sphere","https://db.pokemongohub.net/pokemon/257-Shadow","2026-10-01T19:09:27.890Z"
"blaziken_shadow","Blaziken (Shadow)","true","","Raid","fire","11","","A+","true","Fire Spin","Blast Burn","","Blast Burn","Exact-form GO Hub role recommendation","sourced","fighting: Counter + Aura Sphere","https://db.pokemongohub.net/pokemon/257-Shadow","2026-10-01T19:09:27.890Z"
"chandelure","Chandelure","false","","Raid","ghost","17","","A+","true","Hex","Shadow Ball","","","Exact-form GO Hub role recommendation","sourced","","https://db.pokemongohub.net/pokemon/609","2026-10-01T19:09:03.224Z"
"chandelure","Chandelure","false","","Raid","fire","29","","A","true","Fire Spin","Overheat","","","Exact-form GO Hub role recommendation","sourced","","https://db.pokemongohub.net/pokemon/609","2026-10-01T19:09:03.224Z"
"chandelure_shadow","Chandelure (Shadow)","true","","Raid","ghost","7","","S","true","Hex","Shadow Ball","","","Exact-form GO Hub role recommendation","sourced","ghost: Hex + Shadow Ball; fire: Fire Spin + Overheat","https://db.pokemongohub.net/pokemon/609-Shadow","2026-10-01T19:09:28.049Z"
"chandelure_shadow","Chandelure (Shadow)","true","","Raid","fire","7","","S","true","Fire Spin","Overheat","","","Exact-form GO Hub role recommendation","sourced","ghost: Hex + Shadow Ball; fire: Fire Spin + Overheat","https://db.pokemongohub.net/pokemon/609-Shadow","2026-10-01T19:09:28.049Z"
"charizard_mega_x","Charizard (Mega X)","false","","Raid","fire","8","","S","true","Fire Spin","Blast Burn","","Blast Burn","Exact-form GO Hub role recommendation","sourced","fire: Fire Spin + Blast Burn *","https://db.pokemongohub.net/pokemon/6-Mega_X","2026-10-01T19:09:28.451Z"
"charizard_mega_y","Charizard (Mega Y)","false","","Raid","fire","3","","S","true","Fire Spin","Blast Burn","","Blast Burn","Exact-form GO Hub role recommendation","sourced","fire: Fire Spin + Blast Burn *","https://db.pokemongohub.net/pokemon/6-Mega_Y","2026-10-01T19:09:28.631Z"
"charizard_mega_y","Charizard (Mega Y)","false","","Raid","flying","12","","A+","true","Air Slash","Blast Burn","","Blast Burn","Exact-form GO Hub role recommendation","sourced","fire: Fire Spin + Blast Burn *","https://db.pokemongohub.net/pokemon/6-Mega_Y","2026-10-01T19:09:28.631Z"
"charizard_shadow","Charizard (Shadow)","true","","Raid","fire","15","","A+","true","Fire Spin","Blast Burn","","Blast Burn","Exact-form GO Hub role recommendation","sourced","","https://db.pokemongohub.net/pokemon/6-Shadow","2026-10-01T19:09:28.602Z"
"chesnaught_mega","Chesnaught (Mega)","false","","Raid","grass","1","","S","true","Vine Whip","Seed Bomb+","","","Exact-form GO Hub role recommendation","sourced","grass: Vine Whip + Seed Bomb+","https://db.pokemongohub.net/pokemon/652-Mega","2026-10-01T19:09:29.187Z"
"chesnaught_shadow","Chesnaught (Shadow)","true","","Raid","grass","5","","S","true","Vine Whip","Frenzy Plant","","Frenzy Plant","Exact-form GO Hub role recommendation","sourced","grass: Vine Whip + Frenzy Plant *","https://db.pokemongohub.net/pokemon/652-Shadow","2026-10-01T19:09:28.884Z"
"cinderace","Cinderace","false","","Raid","fire","30","","A","true","Fire Spin","Pyro Ball","","","Exact-form GO Hub role recommendation","sourced","","https://db.pokemongohub.net/pokemon/815","2026-10-01T19:09:03.818Z"
"conkeldurr","Conkeldurr","false","","Raid","fighting","24","","A","true","Force Palm","Dynamic Punch","","","Exact-form GO Hub role recommendation","sourced","","https://db.pokemongohub.net/pokemon/534","2026-10-01T19:09:04.166Z"
"conkeldurr_shadow","Conkeldurr (Shadow)","true","","Raid","fighting","9","","S","true","Force Palm","Dynamic Punch","","","Exact-form GO Hub role recommendation","sourced","fighting: Force Palm + Dynamic Punch","https://db.pokemongohub.net/pokemon/534-Shadow","2026-10-01T19:09:29.626Z"
"darkrai","Darkrai","false","genderless","Raid","dark","10","","S","true","Snarl","Foul Play","","","Exact-form GO Hub role recommendation","sourced","dark: Snarl + Foul Play","https://db.pokemongohub.net/pokemon/491","2026-10-01T19:09:29.481Z"
"darkrai_shadow","Darkrai (Shadow)","true","genderless","Raid","dark","2","","S","true","Snarl","Foul Play","","","Exact-form GO Hub role recommendation","sourced","poison: Snarl + Sludge Bomb *; ghost: Snarl + Shadow Ball; dark: Snarl + Foul Play","https://db.pokemongohub.net/pokemon/491-Shadow","2026-10-01T19:09:30.008Z"
"decidueye","Decidueye","false","","Raid","grass","22","","A","true","Magical Leaf","Frenzy Plant","","Frenzy Plant","Exact-form GO Hub role recommendation","sourced","","https://db.pokemongohub.net/pokemon/724","2026-10-01T19:09:04.194Z"
"delphox_mega","Delphox (Mega)","false","","Raid","fire","1","","S","true","Fire Spin","Mystical Fire+","","","Exact-form GO Hub role recommendation","sourced","fire: Fire Spin + Mystical Fire+; psychic: Zen Headbutt + Psychic","https://db.pokemongohub.net/pokemon/655-Mega","2026-10-01T19:09:30.037Z"
"delphox_mega","Delphox (Mega)","false","","Raid","psychic","9","","S","true","Zen Headbutt","Psychic","","","Exact-form GO Hub role recommendation","sourced","fire: Fire Spin + Mystical Fire+; psychic: Zen Headbutt + Psychic","https://db.pokemongohub.net/pokemon/655-Mega","2026-10-01T19:09:30.037Z"
"deoxys","Deoxys","false","genderless","Raid","psychic","10","","S","true","Zen Headbutt","Psycho Boost","","","Exact-form GO Hub role recommendation","sourced","psychic: Zen Headbutt + Psycho Boost","https://db.pokemongohub.net/pokemon/386-Normal","2026-10-01T19:10:55.456Z"
"dialga_shadow","Dialga (Shadow)","true","genderless","Raid","steel","7","","S","true","Metal Claw","Iron Head","","","Exact-form GO Hub role recommendation","sourced","steel: Metal Claw + Iron Head","https://db.pokemongohub.net/pokemon/483-Shadow","2026-10-01T19:09:30.292Z"
"dialga_shadow","Dialga (Shadow)","true","genderless","Raid","dragon","11","","A+","true","Dragon Breath","Draco Meteor","","","Exact-form GO Hub role recommendation","sourced","steel: Metal Claw + Iron Head","https://db.pokemongohub.net/pokemon/483-Shadow","2026-10-01T19:09:30.292Z"
"diancie_mega","Diancie (Mega)","false","genderless","Raid","rock","1","","S","true","Rock Throw","Rock Slide","","","Exact-form GO Hub role recommendation","sourced","rock: Rock Throw + Rock Slide","https://db.pokemongohub.net/pokemon/719-Mega","2026-10-01T19:09:30.444Z"
"diancie_mega","Diancie (Mega)","false","genderless","Raid","fairy","18","","A+","true","Rock Throw","Moonblast","","","Exact-form GO Hub role recommendation","sourced","rock: Rock Throw + Rock Slide","https://db.pokemongohub.net/pokemon/719-Mega","2026-10-01T19:09:30.444Z"
"dragonite_mega","Dragonite (Mega)","false","","Raid","dragon","3","","S","true","Dragon Tail","Outrage+","","","Exact-form GO Hub role recommendation","sourced","dragon: Dragon Tail + Outrage+","https://db.pokemongohub.net/pokemon/149-Mega","2026-10-01T19:09:30.845Z"
"dragonite_shadow","Dragonite (Shadow)","true","","Raid","dragon","16","","A+","true","Dragon Tail","Outrage","","","Exact-form GO Hub role recommendation","sourced","","https://db.pokemongohub.net/pokemon/149-Shadow","2026-10-01T19:09:30.866Z"
"electivire","Electivire","false","","Raid","electric","22","","A","true","Thunder Shock","Wild Charge","","","Exact-form GO Hub role recommendation","sourced","","https://db.pokemongohub.net/pokemon/466","2026-10-01T19:09:04.624Z"
"electivire_shadow","Electivire (Shadow)","true","","Raid","electric","11","","A+","true","Thunder Shock","Wild Charge","","","Exact-form GO Hub role recommendation","sourced","","https://db.pokemongohub.net/pokemon/466-Shadow","2026-10-01T19:09:31.136Z"
"empoleon","Empoleon","false","","Raid","water","32","","B","true","Waterfall","Hydro Cannon","","Hydro Cannon","Exact-form GO Hub role recommendation","sourced","","https://db.pokemongohub.net/pokemon/395","2026-10-01T19:09:04.930Z"
"empoleon","Empoleon","false","","Raid","steel","50","","C","false","Steel Wing","Hydro Cannon","","Hydro Cannon","Exact-form GO Hub role recommendation","Below B-tier expansion cutoff","","https://db.pokemongohub.net/pokemon/395","2026-10-01T19:09:04.930Z"
"empoleon_shadow","Empoleon (Shadow)","true","","Raid","water","17","","A+","true","Waterfall","Hydro Cannon","","Hydro Cannon","Exact-form GO Hub role recommendation","sourced","","https://db.pokemongohub.net/pokemon/395-Shadow","2026-10-01T19:09:31.278Z"
"empoleon_shadow","Empoleon (Shadow)","true","","Raid","steel","24","","A","true","Steel Wing","Hydro Cannon","","Hydro Cannon","Exact-form GO Hub role recommendation","sourced","","https://db.pokemongohub.net/pokemon/395-Shadow","2026-10-01T19:09:31.278Z"
"enamorus_incarnate","Enamorus (Incarnate)","false","female","Raid","fairy","4","","S","true","Fairy Wind","Dazzling Gleam","","","Exact-form GO Hub role recommendation","sourced","flying: Fairy Wind + Fly; fairy: Fairy Wind + Dazzling Gleam","https://db.pokemongohub.net/pokemon/905-Incarnate","2026-10-01T19:09:31.662Z"
"enamorus_incarnate","Enamorus (Incarnate)","false","female","Raid","flying","10","","S","true","Fairy Wind","Fly","","","Exact-form GO Hub role recommendation","sourced","flying: Fairy Wind + Fly; fairy: Fairy Wind + Dazzling Gleam","https://db.pokemongohub.net/pokemon/905-Incarnate","2026-10-01T19:09:31.662Z"
"escavalier_shadow","Escavalier (Shadow)","true","","Raid","bug","9","","S","true","Bug Bite","Megahorn","","","Exact-form GO Hub role recommendation","sourced","bug: Bug Bite + Megahorn","https://db.pokemongohub.net/pokemon/589-Shadow","2026-10-01T19:09:31.524Z"
"espeon","Espeon","false","","Raid","psychic","38","","B","true","Confusion","Psychic","","","Exact-form GO Hub role recommendation","sourced","","https://db.pokemongohub.net/pokemon/196","2026-10-01T19:09:05.238Z"
"eternatus","Eternatus","false","genderless","Raid","dragon","2","","S","true","Dragon Tail","Dynamax Cannon","","Dynamax Cannon","Exact-form GO Hub role recommendation","sourced","poison: Poison Jab + Sludge Bomb; dragon: Dragon Tail + Dynamax Cannon *","https://db.pokemongohub.net/pokemon/890","2026-10-01T19:09:31.915Z"
"eternatus","Eternatus","false","genderless","Raid","poison","4","","S","true","Poison Jab","Sludge Bomb","","","Exact-form GO Hub role recommendation","sourced","poison: Poison Jab + Sludge Bomb; dragon: Dragon Tail + Dynamax Cannon *","https://db.pokemongohub.net/pokemon/890","2026-10-01T19:09:31.915Z"
"excadrill","Excadrill","false","","Raid","ground","15","","A+","true","Mud-Slap","Scorching Sands","","","Exact-form GO Hub role recommendation","sourced","","https://db.pokemongohub.net/pokemon/530","2026-10-01T19:09:05.069Z"
"excadrill","Excadrill","false","","Raid","steel","25","","A","true","Metal Claw","Iron Head","","","Exact-form GO Hub role recommendation","sourced","","https://db.pokemongohub.net/pokemon/530","2026-10-01T19:09:05.069Z"
"excadrill_shadow","Excadrill (Shadow)","true","","Raid","ground","6","","S","true","Mud-Slap","Scorching Sands","","","Exact-form GO Hub role recommendation","sourced","ground: Mud-Slap + Scorching Sands; steel: Metal Claw + Iron Head","https://db.pokemongohub.net/pokemon/530-Shadow","2026-10-01T19:09:32.072Z"
"excadrill_shadow","Excadrill (Shadow)","true","","Raid","steel","10","","S","true","Metal Claw","Iron Head","","","Exact-form GO Hub role recommendation","sourced","ground: Mud-Slap + Scorching Sands; steel: Metal Claw + Iron Head","https://db.pokemongohub.net/pokemon/530-Shadow","2026-10-01T19:09:32.072Z"
"falinks_mega","Falinks (Mega)","false","genderless","Raid","fighting","4","","S","true","Counter","Brick Break+","","","Exact-form GO Hub role recommendation","sourced","fighting: Counter + Brick Break+","https://db.pokemongohub.net/pokemon/870-Mega","2026-10-01T19:09:32.329Z"
"feraligatr","Feraligatr","false","","Raid","water","28","","A","true","Water Gun","Hydro Cannon","","Water Gun; Hydro Cannon","Exact-form GO Hub role recommendation","sourced","","https://db.pokemongohub.net/pokemon/160","2026-10-01T19:09:05.529Z"
"feraligatr_shadow","Feraligatr (Shadow)","true","","Raid","water","13","","A+","true","Water Gun","Hydro Cannon","","Water Gun; Hydro Cannon","Exact-form GO Hub role recommendation","sourced","","https://db.pokemongohub.net/pokemon/160-Shadow","2026-10-01T19:09:32.462Z"
"frosmoth","Frosmoth","false","","Raid","bug","30","","A","true","Bug Bite","Bug Buzz","","","Exact-form GO Hub role recommendation","sourced","","https://db.pokemongohub.net/pokemon/873","2026-10-01T19:09:05.814Z"
"gallade_mega","Gallade (Mega)","false","male","Raid","psychic","6","","S","true","Confusion","Psychic","","","Exact-form GO Hub role recommendation","sourced","fighting: Low Kick + Sacred Sword; psychic: Confusion + Psychic; fairy: Charm + Sacred Sword","https://db.pokemongohub.net/pokemon/475-Mega","2026-10-01T19:09:32.891Z"
"gallade_mega","Gallade (Mega)","false","male","Raid","fighting","7","","S","true","Low Kick","Sacred Sword","","","Exact-form GO Hub role recommendation","sourced","fighting: Low Kick + Sacred Sword; psychic: Confusion + Psychic; fairy: Charm + Sacred Sword","https://db.pokemongohub.net/pokemon/475-Mega","2026-10-01T19:09:32.891Z"
"garchomp_mega","Garchomp (Mega)","false","","Raid","ground","2","","S","true","Mud Shot","Earth Power","","Earth Power","Exact-form GO Hub role recommendation","sourced","ground: Mud Shot + Earth Power *; dragon: Dragon Tail + Breaking Swipe","https://db.pokemongohub.net/pokemon/445-Mega","2026-10-01T19:09:32.866Z"
"garchomp_mega","Garchomp (Mega)","false","","Raid","dragon","5","","S","true","Dragon Tail","Breaking Swipe","","","Exact-form GO Hub role recommendation","sourced","ground: Mud Shot + Earth Power *; dragon: Dragon Tail + Breaking Swipe","https://db.pokemongohub.net/pokemon/445-Mega","2026-10-01T19:09:32.866Z"
"garchomp_shadow","Garchomp (Shadow)","true","","Raid","ground","4","","S","true","Mud Shot","Earth Power","","Earth Power","Exact-form GO Hub role recommendation","sourced","ground: Mud Shot + Earth Power *; dragon: Dragon Tail + Breaking Swipe","https://db.pokemongohub.net/pokemon/445-Shadow","2026-10-01T19:09:33.171Z"
"garchomp_shadow","Garchomp (Shadow)","true","","Raid","dragon","7","","S","true","Dragon Tail","Breaking Swipe","","","Exact-form GO Hub role recommendation","sourced","ground: Mud Shot + Earth Power *; dragon: Dragon Tail + Breaking Swipe","https://db.pokemongohub.net/pokemon/445-Shadow","2026-10-01T19:09:33.171Z"
"gardevoir_mega","Gardevoir (Mega)","false","","Raid","fairy","1","","S","true","Charm","Dazzling Gleam","","","Exact-form GO Hub role recommendation","sourced","psychic: Confusion + Psychic; ice: Charm + Triple Axel; fairy: Charm + Dazzling Gleam","https://db.pokemongohub.net/pokemon/282-Mega","2026-10-01T19:09:33.279Z"
"gardevoir_mega","Gardevoir (Mega)","false","","Raid","psychic","5","","S","true","Confusion","Psychic","","","Exact-form GO Hub role recommendation","sourced","psychic: Confusion + Psychic; ice: Charm + Triple Axel; fairy: Charm + Dazzling Gleam","https://db.pokemongohub.net/pokemon/282-Mega","2026-10-01T19:09:33.279Z"
"gardevoir_shadow","Gardevoir (Shadow)","true","","Raid","fairy","3","","S","true","Charm","Dazzling Gleam","","","Exact-form GO Hub role recommendation","sourced","fairy: Charm + Dazzling Gleam","https://db.pokemongohub.net/pokemon/282-Shadow","2026-10-01T19:09:33.506Z"
"gengar_mega","Gengar (Mega)","false","","Raid","ghost","2","","S","true","Lick","Shadow Ball","","Lick","Exact-form GO Hub role recommendation","sourced","poison: Lick * + Sludge Bomb; ghost: Lick * + Shadow Ball; dark: Sucker Punch + Shadow Ball","https://db.pokemongohub.net/pokemon/94-Mega","2026-10-01T19:09:33.768Z"
"gengar_mega","Gengar (Mega)","false","","Raid","poison","2","","S","true","Lick","Sludge Bomb","","Lick","Exact-form GO Hub role recommendation","sourced","poison: Lick * + Sludge Bomb; ghost: Lick * + Shadow Ball; dark: Sucker Punch + Shadow Ball","https://db.pokemongohub.net/pokemon/94-Mega","2026-10-01T19:09:33.768Z"
"gengar_shadow","Gengar (Shadow)","true","","Raid","poison","8","","S","true","Lick","Sludge Bomb","","Lick","Exact-form GO Hub role recommendation","sourced","poison: Lick * + Sludge Bomb","https://db.pokemongohub.net/pokemon/94-Shadow","2026-10-01T19:09:33.907Z"
"gengar_shadow","Gengar (Shadow)","true","","Raid","ghost","14","","A+","true","Lick","Shadow Ball","","Lick","Exact-form GO Hub role recommendation","sourced","poison: Lick * + Sludge Bomb","https://db.pokemongohub.net/pokemon/94-Shadow","2026-10-01T19:09:33.907Z"
"gigalith","Gigalith","false","","Raid","rock","13","","A+","true","Lock-On","Meteor Beam","","Meteor Beam","Exact-form GO Hub role recommendation","sourced","","https://db.pokemongohub.net/pokemon/526","2026-10-01T19:09:05.646Z"
"gigalith_shadow","Gigalith (Shadow)","true","","Raid","rock","5","","S","true","Lock-On","Meteor Beam","","Meteor Beam","Exact-form GO Hub role recommendation","sourced","rock: Lock-On + Meteor Beam *","https://db.pokemongohub.net/pokemon/526-Shadow","2026-10-01T19:09:34.166Z"
"glaceon","Glaceon","false","","Raid","ice","20","","A+","true","Frost Breath","Avalanche","","","Exact-form GO Hub role recommendation","sourced","","https://db.pokemongohub.net/pokemon/471","2026-10-01T19:09:06.117Z"
"glimmora","Glimmora","false","","Raid","rock","10","","S","true","Rock Throw","Meteor Beam","","","Exact-form GO Hub role recommendation","sourced","rock: Rock Throw + Meteor Beam","https://db.pokemongohub.net/pokemon/970","2026-10-01T19:09:34.305Z"
"golisopodsh","Golisopod","false","","Raid","","","","budget","true","","","","","No qualifying sourced raid role","unverified","","input-csv",""
"golisopod_shadow","Golisopod (Shadow)","true","","Raid","bug","","","strong","true","Fury Cutter","X-Scissor","","","GO Hub type shortlist","sourced","","https://db.pokemongohub.net/best/attackers-per-type","2026-10-01"
"greninja_mega","Greninja (Mega)","false","","Raid","water","1","","S","true","Water Shuriken","Surf+","","","Exact-form GO Hub role recommendation","sourced","water: Water Shuriken + Surf+; dark: Feint Attack + Brutal Swing","https://db.pokemongohub.net/pokemon/658-Mega","2026-10-01T19:09:34.582Z"
"greninja_mega","Greninja (Mega)","false","","Raid","dark","8","","S","true","Feint Attack","Brutal Swing","","","Exact-form GO Hub role recommendation","sourced","water: Water Shuriken + Surf+; dark: Feint Attack + Brutal Swing","https://db.pokemongohub.net/pokemon/658-Mega","2026-10-01T19:09:34.582Z"
"greninja_shadow","Greninja (Shadow)","true","","Raid","water","8","","S","true","Water Shuriken","Hydro Cannon","","Hydro Cannon","Exact-form GO Hub role recommendation","sourced","water: Water Shuriken + Hydro Cannon *","https://db.pokemongohub.net/pokemon/658-Shadow","2026-10-01T19:09:34.721Z"
"greninja_shadow","Greninja (Shadow)","true","","Raid","dark","16","","A+","true","Feint Attack","Brutal Swing","","","Exact-form GO Hub role recommendation","sourced","water: Water Shuriken + Hydro Cannon *","https://db.pokemongohub.net/pokemon/658-Shadow","2026-10-01T19:09:34.721Z"
"groudon","Groudon","false","genderless","Raid","ground","9","","S","true","Mud Shot","Precipice Blades","","Precipice Blades","Exact-form GO Hub role recommendation","sourced","ground: Mud Shot + Precipice Blades *","https://db.pokemongohub.net/pokemon/383","2026-10-01T19:09:34.967Z"
"groudon_primal","Groudon (Primal)","false","genderless","Raid","ground","1","","S","true","Mud Shot","Precipice Blades","","Precipice Blades","Exact-form GO Hub role recommendation","sourced","ground: Mud Shot + Precipice Blades *","https://db.pokemongohub.net/pokemon/383-Primal","2026-10-01T19:09:35.305Z"
"groudon_shadow","Groudon (Shadow)","true","genderless","Raid","ground","3","","S","true","Mud Shot","Precipice Blades","","Precipice Blades","Exact-form GO Hub role recommendation","sourced","ground: Mud Shot + Precipice Blades *","https://db.pokemongohub.net/pokemon/383-Shadow","2026-10-01T19:09:35.112Z"
"gyarados_mega","Gyarados (Mega)","false","","Raid","water","7","","S","true","Waterfall","Hydro Pump","","","Exact-form GO Hub role recommendation","sourced","water: Waterfall + Hydro Pump","https://db.pokemongohub.net/pokemon/130-Mega","2026-10-01T19:09:35.712Z"
"gyarados_mega","Gyarados (Mega)","false","","Raid","dark","17","","A+","true","Bite","Crunch","","","Exact-form GO Hub role recommendation","sourced","water: Waterfall + Hydro Pump","https://db.pokemongohub.net/pokemon/130-Mega","2026-10-01T19:09:35.712Z"
"gyarados_shadow","Gyarados (Shadow)","true","","Raid","water","15","","A+","true","Waterfall","Hydro Pump","","","Exact-form GO Hub role recommendation","sourced","","https://db.pokemongohub.net/pokemon/130-Shadow","2026-10-01T19:09:35.739Z"
"hariyama","Hariyama","false","","Raid","fighting","41","","C","false","Force Palm","Dynamic Punch","","","Exact-form GO Hub role recommendation","Below B-tier expansion cutoff","","https://db.pokemongohub.net/pokemon/297","2026-10-01T19:09:06.782Z"
"hariyama","Hariyama","false","","Raid","","","","budget","true","","","","","No qualifying sourced raid role","unverified","","input-csv",""
"hariyama_shadow","Hariyama (Shadow)","true","","Raid","fighting","21","","A","true","Force Palm","Dynamic Punch","","","Exact-form GO Hub role recommendation","sourced","","https://db.pokemongohub.net/pokemon/297-Shadow","2026-10-01T19:09:36.009Z"
"hatterene","Hatterene","false","female","Raid","fairy","20","","A+","true","Charm","Dazzling Gleam","","","Exact-form GO Hub role recommendation","sourced","","https://db.pokemongohub.net/pokemon/858","2026-10-01T19:09:06.801Z"
"haxorus","Haxorus","false","","Raid","dragon","23","","A","true","Dragon Tail","Breaking Swipe","","Breaking Swipe","Exact-form GO Hub role recommendation","sourced","","https://db.pokemongohub.net/pokemon/612","2026-10-01T19:09:06.756Z"
"haxorus_shadow","Haxorus (Shadow)","true","","Raid","dragon","8","","S","true","Dragon Tail","Breaking Swipe","","Breaking Swipe","Exact-form GO Hub role recommendation","sourced","dragon: Dragon Tail + Breaking Swipe *","https://db.pokemongohub.net/pokemon/612-Shadow","2026-10-01T19:09:36.277Z"
"heatran_shadow","Heatran (Shadow)","true","","Raid","fire","6","","S","true","Fire Spin","Magma Storm","","Magma Storm","Exact-form GO Hub role recommendation","sourced","fire: Fire Spin + Magma Storm *","https://db.pokemongohub.net/pokemon/485-Shadow","2026-10-01T19:09:36.592Z"
"heracross_mega","Heracross (Mega)","false","","Raid","bug","2","","S","true","Fury Cutter","Megahorn","","","Exact-form GO Hub role recommendation","sourced","fighting: Counter + Close Combat; bug: Fury Cutter + Megahorn","https://db.pokemongohub.net/pokemon/214-Mega","2026-10-01T19:09:36.563Z"
"heracross_mega","Heracross (Mega)","false","","Raid","fighting","10","","S","true","Counter","Close Combat","","","Exact-form GO Hub role recommendation","sourced","fighting: Counter + Close Combat; bug: Fury Cutter + Megahorn","https://db.pokemongohub.net/pokemon/214-Mega","2026-10-01T19:09:36.563Z"
"honchkrow","Honchkrow","false","","Raid","flying","38","","B","true","Peck","Sky Attack","","","Exact-form GO Hub role recommendation","sourced","","https://db.pokemongohub.net/pokemon/430","2026-10-01T19:09:07.097Z"
"honchkrow_shadow","Honchkrow (Shadow)","true","","Raid","dark","19","","A+","true","Snarl","Dark Pulse","","","Exact-form GO Hub role recommendation","sourced","","https://db.pokemongohub.net/pokemon/430-Shadow","2026-10-01T19:09:37.180Z"
"honchkrow_shadow","Honchkrow (Shadow)","true","","Raid","flying","22","","A","true","Peck","Sky Attack","","","Exact-form GO Hub role recommendation","sourced","","https://db.pokemongohub.net/pokemon/430-Shadow","2026-10-01T19:09:37.180Z"
"houndoom_mega","Houndoom (Mega)","false","","Raid","dark","1","","S","true","Snarl","Dark Pulse+","","","Exact-form GO Hub role recommendation","sourced","dark: Snarl + Dark Pulse+","https://db.pokemongohub.net/pokemon/229-Mega","2026-10-01T19:09:36.856Z"
"houndoom_shadow","Houndoom (Shadow)","true","","Raid","dark","18","","A+","true","Snarl","Foul Play","","","Exact-form GO Hub role recommendation","sourced","","https://db.pokemongohub.net/pokemon/229-Shadow","2026-10-01T19:09:37.437Z"
"hydreigon","Hydreigon","false","","Raid","dark","14","","A+","true","Bite","Brutal Swing","","Brutal Swing","Exact-form GO Hub role recommendation","sourced","","https://db.pokemongohub.net/pokemon/635","2026-10-01T19:09:07.071Z"
"hydreigon_shadow","Hydreigon (Shadow)","true","","Raid","dark","6","","S","true","Bite","Brutal Swing","","Brutal Swing","Exact-form GO Hub role recommendation","sourced","dark: Bite + Brutal Swing *","https://db.pokemongohub.net/pokemon/635-Shadow","2026-10-01T19:09:37.725Z"
"inteleon","Inteleon","false","","Raid","water","14","","A+","true","Water Gun","Hydro Cannon","","Hydro Cannon","Exact-form GO Hub role recommendation","sourced","","https://db.pokemongohub.net/pokemon/818","2026-10-01T19:09:07.751Z"
"kartana","Kartana","false","genderless","Raid","grass","3","","S","true","Razor Leaf","Leaf Blade","","","Exact-form GO Hub role recommendation","sourced","grass: Razor Leaf + Leaf Blade","https://db.pokemongohub.net/pokemon/798","2026-10-01T19:09:37.999Z"
"keldeo_resolute","Keldeo (Resolute)","false","genderless","Raid","fighting","5","","S","true","Low Kick","Secret Sword","","","Exact-form GO Hub role recommendation","sourced","fighting: Low Kick + Secret Sword","https://db.pokemongohub.net/pokemon/647-Resolute","2026-10-01T19:09:38.286Z"
"kingler_shadow","Kingler (Shadow)","true","","Raid","water","9","","S","true","Bubble","Crabhammer","","","Exact-form GO Hub role recommendation","sourced","water: Bubble + Crabhammer","https://db.pokemongohub.net/pokemon/99-Shadow","2026-10-01T19:09:38.562Z"
"kleavor","Kleavor","false","","Raid","bug","19","","A+","true","Fury Cutter","X-Scissor","","","Exact-form GO Hub role recommendation","sourced","","https://db.pokemongohub.net/pokemon/900","2026-10-01T19:09:07.610Z"
"kyogre_primal","Kyogre (Primal)","false","genderless","Raid","water","2","","S","true","Waterfall","Origin Pulse","","Origin Pulse","Exact-form GO Hub role recommendation","sourced","water: Waterfall + Origin Pulse *","https://db.pokemongohub.net/pokemon/382-Primal","2026-10-01T19:09:38.697Z"
"kyogre_shadow","Kyogre (Shadow)","true","genderless","Raid","water","5","","S","true","Waterfall","Origin Pulse","","Origin Pulse","Exact-form GO Hub role recommendation","sourced","water: Waterfall + Origin Pulse *","https://db.pokemongohub.net/pokemon/382-Shadow","2026-10-01T19:09:39.141Z"
"kyurem_black","Kyurem (Black)","false","genderless","Raid","ice","2","","S","true","Dragon Tail","Freeze Shock","","","Exact-form GO Hub role recommendation","sourced","ghost: Shadow Claw + Freeze Shock; ice: Dragon Tail + Freeze Shock; dragon: Dragon Tail + Freeze Shock","https://db.pokemongohub.net/pokemon/646-Black","2026-10-01T19:09:39.113Z"
"kyurem_white","Kyurem (White)","false","genderless","Raid","ice","1","","S","true","Ice Fang","Ice Burn","","","Exact-form GO Hub role recommendation","sourced","ice: Ice Fang + Ice Burn; dragon: Dragon Breath + Ice Burn","https://db.pokemongohub.net/pokemon/646-White","2026-10-01T19:09:39.288Z"
"kyurem_white","Kyurem (White)","false","genderless","Raid","dragon","6","","S","true","Dragon Breath","Ice Burn","","","Exact-form GO Hub role recommendation","sourced","ice: Ice Fang + Ice Burn; dragon: Dragon Breath + Ice Burn","https://db.pokemongohub.net/pokemon/646-White","2026-10-01T19:09:39.288Z"
"landorus_incarnate_shadow","Landorus (Incarnate) (Shadow)","true","male","Raid","ground","7","","S","true","Mud Shot","Earth Power","","","Exact-form GO Hub role recommendation","sourced","ground: Mud Shot + Earth Power","https://db.pokemongohub.net/pokemon/645-Incarnate_Shadow","2026-10-01T19:09:39.551Z"
"landorus_therian","Landorus (Therian)","false","male","Raid","ground","5","","S","true","Mud Shot","Sandsear Storm","","Sandsear Storm","Exact-form GO Hub role recommendation","sourced","ground: Mud Shot + Sandsear Storm *","https://db.pokemongohub.net/pokemon/645-Therian","2026-10-01T19:09:39.842Z"
"latios_mega","Latios (Mega)","false","male","Raid","psychic","7","","S","true","Zen Headbutt","Psychic","","","Exact-form GO Hub role recommendation","sourced","psychic: Zen Headbutt + Psychic","https://db.pokemongohub.net/pokemon/381-Mega","2026-10-01T19:09:39.884Z"
"latios_mega","Latios (Mega)","false","male","Raid","dragon","17","","A+","true","Dragon Breath","Dragon Claw","","","Exact-form GO Hub role recommendation","sourced","psychic: Zen Headbutt + Psychic","https://db.pokemongohub.net/pokemon/381-Mega","2026-10-01T19:09:39.884Z"
"leafeon","Leafeon","false","","Raid","grass","53","","D","false","Razor Leaf","Leaf Blade","","","Exact-form GO Hub role recommendation","Below B-tier expansion cutoff","","https://db.pokemongohub.net/pokemon/470","2026-10-01T19:09:07.723Z"
"leafeon","Leafeon","false","","Raid","","","","budget","true","","","","","No qualifying sourced raid role","unverified","","input-csv",""
"lucario_mega","Lucario (Mega)","false","","Raid","fighting","2","","S","true","Force Palm","Aura Sphere","","Force Palm","Exact-form GO Hub role recommendation","sourced","fighting: Force Palm * + Aura Sphere; steel: Force Palm * + Meteor Mash","https://db.pokemongohub.net/pokemon/448-Mega","2026-10-01T19:09:40.303Z"
"lucario_mega","Lucario (Mega)","false","","Raid","steel","4","","S","true","Force Palm","Meteor Mash","","Force Palm","Exact-form GO Hub role recommendation","sourced","fighting: Force Palm * + Aura Sphere; steel: Force Palm * + Meteor Mash","https://db.pokemongohub.net/pokemon/448-Mega","2026-10-01T19:09:40.303Z"
"machamp","Machamp","false","","Raid","fighting","37","","B","true","Counter","Dynamic Punch","","","Exact-form GO Hub role recommendation","sourced","","https://db.pokemongohub.net/pokemon/68","2026-10-01T19:09:08.177Z"
"machamp_shadow","Machamp (Shadow)","true","","Raid","fighting","18","","A+","true","Counter","Dynamic Punch","","","Exact-form GO Hub role recommendation","sourced","","https://db.pokemongohub.net/pokemon/68-Shadow","2026-10-01T19:09:40.565Z"
"magmortar","Magmortar","false","","Raid","fire","55","","D","false","Fire Spin","Fire Blast","","","Exact-form GO Hub role recommendation","Below B-tier expansion cutoff","","https://db.pokemongohub.net/pokemon/467","2026-10-01T19:09:08.005Z"
"magmortar","Magmortar","false","","Raid","","","","budget","true","","","","","No qualifying sourced raid role","unverified","","input-csv",""
"magmortar_shadow","Magmortar (Shadow)","true","","Raid","fire","28","","A","true","Fire Spin","Fire Blast","","","Exact-form GO Hub role recommendation","sourced","","https://db.pokemongohub.net/pokemon/467-Shadow","2026-10-01T19:09:40.870Z"
"magnezone","Magnezone","false","genderless","Raid","electric","25","","A","true","Volt Switch","Wild Charge","","","Exact-form GO Hub role recommendation","sourced","","https://db.pokemongohub.net/pokemon/462","2026-10-01T19:09:08.081Z"
"magnezone_shadow","Magnezone (Shadow)","true","genderless","Raid","electric","15","","A+","true","Volt Switch","Wild Charge","","","Exact-form GO Hub role recommendation","sourced","","https://db.pokemongohub.net/pokemon/462-Shadow","2026-10-01T19:09:41.125Z"
"mamoswine_shadow","Mamoswine (Shadow)","true","","Raid","ice","5","","S","true","Powder Snow","Avalanche","","","Exact-form GO Hub role recommendation","sourced","ice: Powder Snow + Avalanche","https://db.pokemongohub.net/pokemon/473-Shadow","2026-10-01T19:09:41.436Z"
"mamoswine_shadow","Mamoswine (Shadow)","true","","Raid","ground","11","","A+","true","Mud-Slap","High Horsepower","","","Exact-form GO Hub role recommendation","sourced","ice: Powder Snow + Avalanche","https://db.pokemongohub.net/pokemon/473-Shadow","2026-10-01T19:09:41.436Z"
"manectric_mega","Manectric (Mega)","false","","Raid","electric","9","","S","true","Thunder Fang","Wild Charge","","","Exact-form GO Hub role recommendation","sourced","electric: Thunder Fang + Wild Charge","https://db.pokemongohub.net/pokemon/310-Mega","2026-10-01T19:09:41.834Z"
"meowscarada","Meowscarada","false","","Raid","grass","18","","A+","true","Leafage","Frenzy Plant","","Frenzy Plant","Exact-form GO Hub role recommendation","sourced","","https://db.pokemongohub.net/pokemon/908","2026-10-01T19:09:08.459Z"
"metagross","Metagross","false","genderless","Raid","steel","8","","S","true","Bullet Punch","Meteor Mash","","Meteor Mash","Exact-form GO Hub role recommendation","sourced","steel: Bullet Punch + Meteor Mash *","https://db.pokemongohub.net/pokemon/376","2026-10-01T19:09:42.019Z"
"metagross_mega","Metagross (Mega)","false","genderless","Raid","steel","6","","S","true","Bullet Punch","Meteor Mash","","Meteor Mash","Exact-form GO Hub role recommendation","sourced","bug: Fury Cutter + Meteor Mash *; steel: Bullet Punch + Meteor Mash *","https://db.pokemongohub.net/pokemon/376-Mega","2026-10-01T19:09:42.421Z"
"metagross_mega","Metagross (Mega)","false","genderless","Raid","psychic","12","","A+","true","Zen Headbutt","Psychic","","","Exact-form GO Hub role recommendation","sourced","bug: Fury Cutter + Meteor Mash *; steel: Bullet Punch + Meteor Mash *","https://db.pokemongohub.net/pokemon/376-Mega","2026-10-01T19:09:42.421Z"
"metagross_shadow","Metagross (Shadow)","true","genderless","Raid","steel","5","","S","true","Bullet Punch","Meteor Mash","","Meteor Mash","Exact-form GO Hub role recommendation","sourced","steel: Bullet Punch + Meteor Mash *","https://db.pokemongohub.net/pokemon/376-Shadow","2026-10-01T19:09:42.614Z"
"metagross_shadow","Metagross (Shadow)","true","genderless","Raid","psychic","13","","A+","true","Zen Headbutt","Psychic","","","Exact-form GO Hub role recommendation","sourced","steel: Bullet Punch + Meteor Mash *","https://db.pokemongohub.net/pokemon/376-Shadow","2026-10-01T19:09:42.614Z"
"mewtwo","Mewtwo","false","genderless","Raid","psychic","8","","S","true","Psycho Cut","Psystrike","","Psystrike","Exact-form GO Hub role recommendation","sourced","psychic: Psycho Cut + Psystrike *","https://db.pokemongohub.net/pokemon/150","2026-10-01T19:09:42.557Z"
"mewtwo_mega_x","Mewtwo (Mega X)","false","genderless","Raid","fighting","1","","S","true","Counter","Dynamic Punch+","","Counter","Exact-form GO Hub role recommendation","sourced","fighting: Counter * + Dynamic Punch+; ghost: Psycho Cut + Shadow Ball *; electric: Psycho Cut + Thunderbolt; psychic: Confusion + Psystrike *; ice: Psycho Cut + Ice Beam","https://db.pokemongohub.net/pokemon/150-Mega_X","2026-10-01T19:09:43.053Z"
"mewtwo_mega_x","Mewtwo (Mega X)","false","genderless","Raid","psychic","2","","S","true","Confusion","Psystrike","","Psystrike","Exact-form GO Hub role recommendation","sourced","fighting: Counter * + Dynamic Punch+; ghost: Psycho Cut + Shadow Ball *; electric: Psycho Cut + Thunderbolt; psychic: Confusion + Psystrike *; ice: Psycho Cut + Ice Beam","https://db.pokemongohub.net/pokemon/150-Mega_X","2026-10-01T19:09:43.053Z"
"mewtwo_mega_y","Mewtwo (Mega Y)","false","genderless","Raid","psychic","1","","S","true","Psycho Cut","Future Sight+","","","Exact-form GO Hub role recommendation","sourced","fighting: Counter * + Focus Blast; ghost: Psycho Cut + Shadow Ball *; electric: Psycho Cut + Thunderbolt; psychic: Psycho Cut + Future Sight+; ice: Psycho Cut + Ice Beam","https://db.pokemongohub.net/pokemon/150-Mega_Y","2026-10-01T19:09:43.354Z"
"mewtwo_shadow","Mewtwo (Shadow)","true","genderless","Raid","psychic","3","","S","true","Psycho Cut","Psystrike","","Psystrike","Exact-form GO Hub role recommendation","sourced","ghost: Psycho Cut + Shadow Ball *; psychic: Psycho Cut + Psystrike *; ice: Psycho Cut + Ice Beam","https://db.pokemongohub.net/pokemon/150-Shadow","2026-10-01T19:09:42.952Z"
"moltres_shadow","Moltres (Shadow)","true","genderless","Raid","flying","5","","S","true","Wing Attack","Fly","","","Exact-form GO Hub role recommendation","sourced","flying: Wing Attack + Fly; fire: Fire Spin + Overheat","https://db.pokemongohub.net/pokemon/146-Shadow","2026-10-01T19:09:43.621Z"
"moltres_shadow","Moltres (Shadow)","true","genderless","Raid","fire","9","","S","true","Fire Spin","Overheat","","","Exact-form GO Hub role recommendation","sourced","flying: Wing Attack + Fly; fire: Fire Spin + Overheat","https://db.pokemongohub.net/pokemon/146-Shadow","2026-10-01T19:09:43.621Z"
"naganadel","Naganadel","false","genderless","Raid","poison","7","","S","true","Poison Jab","Sludge Bomb","","","Exact-form GO Hub role recommendation","sourced","poison: Poison Jab + Sludge Bomb","https://db.pokemongohub.net/pokemon/804","2026-10-01T19:09:43.946Z"
"necrozma_dawn_wings","Necrozma (Dawn Wings)","false","genderless","Raid","ghost","1","","S","true","Psycho Cut","Moongeist Beam","","","Exact-form GO Hub role recommendation","sourced","ghost: Psycho Cut + Moongeist Beam","https://db.pokemongohub.net/pokemon/800-Dawn_Wings","2026-10-01T19:09:43.910Z"
"necrozma_dusk_mane","Necrozma (Dusk Mane)","false","genderless","Raid","steel","3","","S","true","Metal Claw","Sunsteel Strike","","","Exact-form GO Hub role recommendation","sourced","steel: Metal Claw + Sunsteel Strike","https://db.pokemongohub.net/pokemon/800-Dusk_Mane","2026-10-01T19:09:44.369Z"
"necrozma_dusk_mane","Necrozma (Dusk Mane)","false","genderless","Raid","psychic","16","","A+","true","Psycho Cut","Sunsteel Strike","","","Exact-form GO Hub role recommendation","sourced","steel: Metal Claw + Sunsteel Strike","https://db.pokemongohub.net/pokemon/800-Dusk_Mane","2026-10-01T19:09:44.369Z"
"nihilego","Nihilego","false","genderless","Raid","poison","6","","S","true","Poison Jab","Sludge Bomb","","","Exact-form GO Hub role recommendation","sourced","poison: Poison Jab + Sludge Bomb","https://db.pokemongohub.net/pokemon/793","2026-10-01T19:09:44.394Z"
"palkia_shadow","Palkia (Shadow)","true","genderless","Raid","dragon","10","","S","true","Dragon Tail","Draco Meteor","","","Exact-form GO Hub role recommendation","sourced","dragon: Dragon Tail + Draco Meteor","https://db.pokemongohub.net/pokemon/484-Shadow","2026-10-01T19:09:44.389Z"
"palkia_shadow","Palkia (Shadow)","true","genderless","Raid","water","20","","A+","true","Dragon Tail","Aqua Tail","","","Exact-form GO Hub role recommendation","sourced","dragon: Dragon Tail + Draco Meteor","https://db.pokemongohub.net/pokemon/484-Shadow","2026-10-01T19:09:44.389Z"
"pinsir_mega","Pinsir (Mega)","false","","Raid","bug","3","","S","true","Fury Cutter","X-Scissor","","","Exact-form GO Hub role recommendation","sourced","bug: Fury Cutter + X-Scissor","https://db.pokemongohub.net/pokemon/127-Mega","2026-10-01T19:09:44.655Z"
"pinsir_shadow","Pinsir (Shadow)","true","","Raid","bug","8","","S","true","Fury Cutter","X-Scissor","","","Exact-form GO Hub role recommendation","sourced","bug: Fury Cutter + X-Scissor","https://db.pokemongohub.net/pokemon/127-Shadow","2026-10-01T19:09:44.970Z"
"polteageist","Polteageist","false","genderless","Raid","ghost","30","","A","true","Hex","Shadow Ball","","","Exact-form GO Hub role recommendation","sourced","","https://db.pokemongohub.net/pokemon/855","2026-10-01T19:09:08.455Z"
"primarina","Primarina","false","","Raid","water","19","","A+","true","Waterfall","Hydro Cannon","","Hydro Cannon","Exact-form GO Hub role recommendation","sourced","","https://db.pokemongohub.net/pokemon/730","2026-10-01T19:09:08.427Z"
"primarina","Primarina","false","","Raid","fairy","25","","A","true","Charm","Moonblast","","","Exact-form GO Hub role recommendation","sourced","","https://db.pokemongohub.net/pokemon/730","2026-10-01T19:09:08.427Z"
"raichu_mega_x","Raichu (Mega X)","false","","Raid","electric","2","","S","true","Thunder Shock","Volt Tackle+","","","Exact-form GO Hub role recommendation","sourced","electric: Thunder Shock + Volt Tackle+","https://db.pokemongohub.net/pokemon/26-Mega_X","2026-10-01T19:09:45.237Z"
"raichu_mega_y","Raichu (Mega Y)","false","","Raid","electric","1","","S","true","Thunder Shock","Zap Cannon+","","","Exact-form GO Hub role recommendation","sourced","electric: Thunder Shock + Zap Cannon+","https://db.pokemongohub.net/pokemon/26-Mega_Y","2026-10-01T19:09:45.545Z"
"raikou_shadow","Raikou (Shadow)","true","genderless","Raid","electric","7","","S","true","Thunder Shock","Wild Charge","","","Exact-form GO Hub role recommendation","sourced","electric: Thunder Shock + Wild Charge","https://db.pokemongohub.net/pokemon/243-Shadow","2026-10-01T19:09:45.830Z"
"rampardos","Rampardos","false","","Raid","rock","11","","A+","true","Smack Down","Rock Slide","","","Exact-form GO Hub role recommendation","sourced","","https://db.pokemongohub.net/pokemon/409","2026-10-01T19:09:08.764Z"
"rampardos_shadow","Rampardos (Shadow)","true","","Raid","rock","3","","S","true","Smack Down","Rock Slide","","","Exact-form GO Hub role recommendation","sourced","rock: Smack Down + Rock Slide","https://db.pokemongohub.net/pokemon/409-Shadow","2026-10-01T19:09:45.983Z"
"rayquaza","Rayquaza","false","genderless","Raid","flying","4","","S","true","Air Slash","Dragon Ascent","","","Exact-form GO Hub role recommendation","sourced","flying: Air Slash + Dragon Ascent","https://db.pokemongohub.net/pokemon/384","2026-10-01T19:09:46.437Z"
"rayquaza_mega","Rayquaza (Mega)","false","genderless","Raid","dragon","1","","S","true","Dragon Tail","Breaking Swipe","","Breaking Swipe","Exact-form GO Hub role recommendation","sourced","flying: Air Slash + Dragon Ascent; dragon: Dragon Tail + Breaking Swipe *","https://db.pokemongohub.net/pokemon/384-Mega","2026-10-01T19:09:46.463Z"
"rayquaza_mega","Rayquaza (Mega)","false","genderless","Raid","flying","1","","S","true","Air Slash","Dragon Ascent","","","Exact-form GO Hub role recommendation","sourced","flying: Air Slash + Dragon Ascent; dragon: Dragon Tail + Breaking Swipe *","https://db.pokemongohub.net/pokemon/384-Mega","2026-10-01T19:09:46.463Z"
"regieleki","Regieleki","false","genderless","Raid","electric","6","","S","true","Lock-On","Thunder Cage","","Thunder Cage","Exact-form GO Hub role recommendation","sourced","electric: Lock-On + Thunder Cage *","https://db.pokemongohub.net/pokemon/894","2026-10-01T19:09:46.561Z"
"regigigas","Regigigas","false","genderless","Raid","normal","7","","S","false","Zen Headbutt","Crush Grip","","Crush Grip","Exact-form GO Hub role recommendation","Normal role excluded by app policy","","https://db.pokemongohub.net/pokemon/486","2026-10-01T19:09:46.832Z"
"regigigas","Regigigas","false","genderless","Raid","","","","unverified","true","","","","","No qualifying sourced raid role","unverified","","input-csv",""
"regigigas_shadow","Regigigas (Shadow)","true","genderless","Raid","normal","1","","S","false","Zen Headbutt","Crush Grip","","Crush Grip","Exact-form GO Hub role recommendation","Normal role excluded by app policy","","https://db.pokemongohub.net/pokemon/486-Shadow","2026-10-01T19:09:46.807Z"
"regigigas_shadow","Regigigas (Shadow)","true","genderless","Raid","","","","unverified","true","","","","","No qualifying sourced raid role","unverified","","input-csv",""
"reshiram","Reshiram","false","genderless","Raid","fire","10","","S","true","Fire Fang","Fusion Flare","","Fusion Flare","Exact-form GO Hub role recommendation","sourced","fire: Fire Fang + Fusion Flare *","https://db.pokemongohub.net/pokemon/643","2026-10-01T19:09:47.153Z"
"reshiram_shadow","Reshiram (Shadow)","true","genderless","Raid","fire","4","","S","true","Fire Fang","Fusion Flare","","Fusion Flare","Exact-form GO Hub role recommendation","sourced","fire: Fire Fang + Fusion Flare *","https://db.pokemongohub.net/pokemon/643-Shadow","2026-10-01T19:09:47.721Z"
"reshiram_shadow","Reshiram (Shadow)","true","genderless","Raid","dragon","20","","A+","true","Dragon Breath","Draco Meteor","","","Exact-form GO Hub role recommendation","sourced","fire: Fire Fang + Fusion Flare *","https://db.pokemongohub.net/pokemon/643-Shadow","2026-10-01T19:09:47.721Z"
"rhyperior","Rhyperior","false","","Raid","rock","9","","S","true","Smack Down","Rock Wrecker","","Rock Wrecker","Exact-form GO Hub role recommendation","sourced","rock: Smack Down + Rock Wrecker *","https://db.pokemongohub.net/pokemon/464","2026-10-01T19:09:47.579Z"
"rhyperior","Rhyperior","false","","Raid","ground","20","","A+","true","Mud-Slap","Earthquake","","","Exact-form GO Hub role recommendation","sourced","rock: Smack Down + Rock Wrecker *","https://db.pokemongohub.net/pokemon/464","2026-10-01T19:09:47.579Z"
"rhyperior_shadow","Rhyperior (Shadow)","true","","Raid","rock","2","","S","true","Smack Down","Rock Wrecker","","Rock Wrecker","Exact-form GO Hub role recommendation","sourced","ground: Mud-Slap + Earthquake; rock: Smack Down + Rock Wrecker *","https://db.pokemongohub.net/pokemon/464-Shadow","2026-10-01T19:09:47.757Z"
"rhyperior_shadow","Rhyperior (Shadow)","true","","Raid","ground","8","","S","true","Mud-Slap","Earthquake","","","Exact-form GO Hub role recommendation","sourced","ground: Mud-Slap + Earthquake; rock: Smack Down + Rock Wrecker *","https://db.pokemongohub.net/pokemon/464-Shadow","2026-10-01T19:09:47.757Z"
"roserade","Roserade","false","","Raid","poison","9","","S","true","Poison Jab","Sludge Bomb","","","Exact-form GO Hub role recommendation","sourced","poison: Poison Jab + Sludge Bomb","https://db.pokemongohub.net/pokemon/407","2026-10-01T19:09:48.166Z"
"roserade","Roserade","false","","Raid","grass","17","","A+","true","Magical Leaf","Grass Knot","","","Exact-form GO Hub role recommendation","sourced","poison: Poison Jab + Sludge Bomb","https://db.pokemongohub.net/pokemon/407","2026-10-01T19:09:48.166Z"
"salamence_mega","Salamence (Mega)","false","","Raid","flying","8","","S","true","Fire Fang","Fly","","","Exact-form GO Hub role recommendation","sourced","flying: Fire Fang + Fly; dragon: Dragon Tail + Draco Meteor","https://db.pokemongohub.net/pokemon/373-Mega","2026-10-01T19:09:48.128Z"
"salamence_mega","Salamence (Mega)","false","","Raid","dragon","9","","S","true","Dragon Tail","Draco Meteor","","","Exact-form GO Hub role recommendation","sourced","flying: Fire Fang + Fly; dragon: Dragon Tail + Draco Meteor","https://db.pokemongohub.net/pokemon/373-Mega","2026-10-01T19:09:48.128Z"
"salamence_shadow","Salamence (Shadow)","true","","Raid","flying","6","","S","true","Fire Fang","Fly","","","Exact-form GO Hub role recommendation","sourced","flying: Fire Fang + Fly","https://db.pokemongohub.net/pokemon/373-Shadow","2026-10-01T19:09:48.346Z"
"salamence_shadow","Salamence (Shadow)","true","","Raid","dragon","12","","A+","true","Dragon Tail","Outrage","","Outrage","Exact-form GO Hub role recommendation","sourced","flying: Fire Fang + Fly","https://db.pokemongohub.net/pokemon/373-Shadow","2026-10-01T19:09:48.346Z"
"samurott","Samurott","false","","Raid","water","27","","A","true","Waterfall","Hydro Cannon","","Hydro Cannon","Exact-form GO Hub role recommendation","sourced","","https://db.pokemongohub.net/pokemon/503","2026-10-01T19:09:08.737Z"
"samurott_shadow","Samurott (Shadow)","true","","Raid","water","12","","A+","true","Waterfall","Hydro Cannon","","Hydro Cannon","Exact-form GO Hub role recommendation","sourced","","https://db.pokemongohub.net/pokemon/503-Shadow","2026-10-01T19:09:48.627Z"
"sceptile_mega","Sceptile (Mega)","false","","Raid","grass","2","","S","true","Fury Cutter","Frenzy Plant","","Frenzy Plant","Exact-form GO Hub role recommendation","sourced","grass: Fury Cutter + Frenzy Plant *","https://db.pokemongohub.net/pokemon/254-Mega","2026-10-01T19:09:48.746Z"
"sceptile_shadow","Sceptile (Shadow)","true","","Raid","grass","7","","S","true","Fury Cutter","Frenzy Plant","","Frenzy Plant","Exact-form GO Hub role recommendation","sourced","grass: Fury Cutter + Frenzy Plant *","https://db.pokemongohub.net/pokemon/254-Shadow","2026-10-01T19:09:48.993Z"
"scizor_mega","Scizor (Mega)","false","","Raid","bug","5","","S","true","Fury Cutter","X-Scissor","","","Exact-form GO Hub role recommendation","sourced","bug: Fury Cutter + X-Scissor","https://db.pokemongohub.net/pokemon/212-Mega","2026-10-01T19:09:49.155Z"
"scizor_shadow","Scizor (Shadow)","true","","Raid","bug","6","","S","true","Fury Cutter","X-Scissor","","","Exact-form GO Hub role recommendation","sourced","bug: Fury Cutter + X-Scissor","https://db.pokemongohub.net/pokemon/212-Shadow","2026-10-01T19:09:49.336Z"
"shaymin_sky","Shaymin (Sky)","false","genderless","Raid","grass","6","","S","true","Magical Leaf","Grass Knot","","","Exact-form GO Hub role recommendation","sourced","grass: Magical Leaf + Grass Knot","https://db.pokemongohub.net/pokemon/492-Sky","2026-10-01T19:09:49.934Z"
"skarmory_mega","Skarmory (Mega)","false","","Raid","flying","3","","S","true","Air Slash","Drill Peck+","","","Exact-form GO Hub role recommendation","sourced","flying: Air Slash + Drill Peck+; steel: Steel Wing + Drill Peck+","https://db.pokemongohub.net/pokemon/227-Mega","2026-10-01T19:09:49.604Z"
"skarmory_mega","Skarmory (Mega)","false","","Raid","steel","9","","S","true","Steel Wing","Drill Peck+","","","Exact-form GO Hub role recommendation","sourced","flying: Air Slash + Drill Peck+; steel: Steel Wing + Drill Peck+","https://db.pokemongohub.net/pokemon/227-Mega","2026-10-01T19:09:49.604Z"
"staraptor_mega","Staraptor (Mega)","false","","Raid","flying","2","","S","true","Gust","Brave Bird+","","Gust","Exact-form GO Hub role recommendation","sourced","flying: Gust * + Brave Bird+","https://db.pokemongohub.net/pokemon/398-Mega","2026-10-01T19:09:49.631Z"
"staraptor_shadow","Staraptor (Shadow)","true","","Raid","flying","9","","S","true","Gust","Fly","","Gust","Exact-form GO Hub role recommendation","sourced","flying: Gust * + Fly","https://db.pokemongohub.net/pokemon/398-Shadow","2026-10-01T19:09:50.206Z"
"staraptor_shadow","Staraptor (Shadow)","true","","Raid","normal","11","","A+","false","Quick Attack","Fly","","","Exact-form GO Hub role recommendation","Normal role excluded by app policy","flying: Gust * + Fly","https://db.pokemongohub.net/pokemon/398-Shadow","2026-10-01T19:09:50.206Z"
"starmie_mega","Starmie (Mega)","false","genderless","Raid","water","3","","S","true","Psywave","Liquidation+","","","Exact-form GO Hub role recommendation","sourced","water: Psywave + Liquidation+","https://db.pokemongohub.net/pokemon/121-Mega","2026-10-01T19:09:50.513Z"
"swampert_mega","Swampert (Mega)","false","","Raid","water","4","","S","true","Water Gun","Hydro Cannon","","Hydro Cannon","Exact-form GO Hub role recommendation","sourced","ground: Mud Shot + Earthquake; water: Water Gun + Hydro Cannon *","https://db.pokemongohub.net/pokemon/260-Mega","2026-10-01T19:09:50.237Z"
"swampert_mega","Swampert (Mega)","false","","Raid","ground","10","","S","true","Mud Shot","Earthquake","","","Exact-form GO Hub role recommendation","sourced","ground: Mud Shot + Earthquake; water: Water Gun + Hydro Cannon *","https://db.pokemongohub.net/pokemon/260-Mega","2026-10-01T19:09:50.237Z"
"swampert_shadow","Swampert (Shadow)","true","","Raid","water","10","","S","true","Water Gun","Hydro Cannon","","Hydro Cannon","Exact-form GO Hub role recommendation","sourced","water: Water Gun + Hydro Cannon *","https://db.pokemongohub.net/pokemon/260-Shadow","2026-10-01T19:09:50.793Z"
"sylveon","Sylveon","false","","Raid","fairy","26","","A","true","Charm","Dazzling Gleam","","","Exact-form GO Hub role recommendation","sourced","","https://db.pokemongohub.net/pokemon/700","2026-10-01T19:09:08.768Z"
"tangrowth_shadow","Tangrowth (Shadow)","true","","Raid","grass","8","","S","true","Vine Whip","Power Whip","","","Exact-form GO Hub role recommendation","sourced","grass: Vine Whip + Power Whip","https://db.pokemongohub.net/pokemon/465-Shadow","2026-10-01T19:09:50.767Z"
"tapu_bulu","Tapu Bulu","false","genderless","Raid","fairy","10","","S","true","Bullet Seed","Nature's Madness","","Nature's Madness","Exact-form GO Hub role recommendation","sourced","fairy: Bullet Seed + Nature's Madness *","https://db.pokemongohub.net/pokemon/787","2026-10-01T19:09:51.044Z"
"tapu_koko","Tapu Koko","false","genderless","Raid","fairy","8","","S","true","Quick Attack","Nature's Madness","","Nature's Madness","Exact-form GO Hub role recommendation","sourced","fairy: Quick Attack + Nature's Madness *","https://db.pokemongohub.net/pokemon/785","2026-10-01T19:09:51.343Z"
"tapu_lele","Tapu Lele","false","genderless","Raid","fairy","7","","S","true","Astonish","Nature's Madness","","Nature's Madness","Exact-form GO Hub role recommendation","sourced","fairy: Astonish + Nature's Madness *","https://db.pokemongohub.net/pokemon/786","2026-10-01T19:09:51.375Z"
"togekiss","Togekiss","false","","Raid","fairy","16","","A+","true","Charm","Dazzling Gleam","","","Exact-form GO Hub role recommendation","sourced","","https://db.pokemongohub.net/pokemon/468","2026-10-01T19:09:09.318Z"
"toucannon_shadow","Toucannon (Shadow)","true","","Raid","flying","7","","S","true","Peck","Beak Blast","","Beak Blast","Exact-form GO Hub role recommendation","sourced","flying: Peck + Beak Blast *","https://db.pokemongohub.net/pokemon/733-Shadow","2026-10-01T19:09:51.672Z"
"tsareena","Tsareena","false","female","Raid","grass","30","","A","true","Magical Leaf","Grass Knot","","","Exact-form GO Hub role recommendation","sourced","","https://db.pokemongohub.net/pokemon/763","2026-10-01T19:09:09.488Z"
"typhlosion","Typhlosion","false","","Raid","fire","45","","C","false","Incinerate","Blast Burn","","Blast Burn","Exact-form GO Hub role recommendation","Below B-tier expansion cutoff","","https://db.pokemongohub.net/pokemon/157","2026-10-01T19:09:09.055Z"
"typhlosion","Typhlosion","false","","Raid","","","","budget","true","","","","","No qualifying sourced raid role","unverified","","input-csv",""
"typhlosion_shadow","Typhlosion (Shadow)","true","","Raid","fire","20","","A+","true","Incinerate","Blast Burn","","Blast Burn","Exact-form GO Hub role recommendation","sourced","","https://db.pokemongohub.net/pokemon/157-Shadow","2026-10-01T19:09:52.247Z"
"tyranitar_mega","Tyranitar (Mega)","false","","Raid","dark","3","","S","true","Bite","Brutal Swing","","","Exact-form GO Hub role recommendation","sourced","rock: Smack Down * + Stone Edge; dark: Bite + Brutal Swing","https://db.pokemongohub.net/pokemon/248-Mega","2026-10-01T19:09:51.939Z"
"tyranitar_mega","Tyranitar (Mega)","false","","Raid","rock","4","","S","true","Smack Down","Stone Edge","","Smack Down","Exact-form GO Hub role recommendation","sourced","rock: Smack Down * + Stone Edge; dark: Bite + Brutal Swing","https://db.pokemongohub.net/pokemon/248-Mega","2026-10-01T19:09:51.939Z"
"tyranitar_shadow","Tyranitar (Shadow)","true","","Raid","dark","7","","S","true","Bite","Brutal Swing","","","Exact-form GO Hub role recommendation","sourced","rock: Smack Down * + Stone Edge; dark: Bite + Brutal Swing","https://db.pokemongohub.net/pokemon/248-Shadow","2026-10-01T19:09:52.515Z"
"tyranitar_shadow","Tyranitar (Shadow)","true","","Raid","rock","8","","S","true","Smack Down","Stone Edge","","Smack Down","Exact-form GO Hub role recommendation","sourced","rock: Smack Down * + Stone Edge; dark: Bite + Brutal Swing","https://db.pokemongohub.net/pokemon/248-Shadow","2026-10-01T19:09:52.515Z"
"tyrantrum","Tyrantrum","false","","Raid","rock","17","","A+","true","Rock Throw","Meteor Beam","","","Exact-form GO Hub role recommendation","sourced","","https://db.pokemongohub.net/pokemon/697","2026-10-01T19:09:09.750Z"
"tyrantrum_shadow","Tyrantrum (Shadow)","true","","Raid","rock","7","","S","true","Rock Throw","Meteor Beam","","","Exact-form GO Hub role recommendation","sourced","rock: Rock Throw + Meteor Beam","https://db.pokemongohub.net/pokemon/697-Shadow","2026-10-01T19:09:52.808Z"
"unfezant","Unfezant","false","","Raid","flying","44","","C","false","Air Slash","Sky Attack","","","Exact-form GO Hub role recommendation","Below B-tier expansion cutoff","","https://db.pokemongohub.net/pokemon/521","2026-10-01T19:09:09.928Z"
"unfezant","Unfezant","false","","Raid","","","","budget","true","","","","","No qualifying sourced raid role","unverified","","input-csv",""
"unfezant_shadow","Unfezant (Shadow)","true","","Raid","flying","27","","A","true","Air Slash","Sky Attack","","","Exact-form GO Hub role recommendation","sourced","","https://db.pokemongohub.net/pokemon/521-Shadow","2026-10-01T19:09:53.099Z"
"venusaur_mega","Venusaur (Mega)","false","","Raid","grass","4","","S","true","Vine Whip","Frenzy Plant","","Frenzy Plant","Exact-form GO Hub role recommendation","sourced","grass: Vine Whip + Frenzy Plant *","https://db.pokemongohub.net/pokemon/3-Mega","2026-10-01T19:09:53.406Z"
"venusaur_shadow","Venusaur (Shadow)","true","","Raid","grass","9","","S","true","Vine Whip","Frenzy Plant","","Frenzy Plant","Exact-form GO Hub role recommendation","sourced","grass: Vine Whip + Frenzy Plant *","https://db.pokemongohub.net/pokemon/3-Shadow","2026-10-01T19:09:53.816Z"
"victreebel_mega","Victreebel (Mega)","false","","Raid","poison","1","","S","true","Acid","Acid Spray+","","","Exact-form GO Hub role recommendation","sourced","poison: Acid + Acid Spray+","https://db.pokemongohub.net/pokemon/71-Mega","2026-10-01T19:09:53.965Z"
"victreebel_mega","Victreebel (Mega)","false","","Raid","grass","12","","A+","true","Magical Leaf","Leaf Blade","","Magical Leaf","Exact-form GO Hub role recommendation","sourced","poison: Acid + Acid Spray+","https://db.pokemongohub.net/pokemon/71-Mega","2026-10-01T19:09:53.965Z"
"vikavolt_shadow","Vikavolt (Shadow)","true","","Raid","bug","4","","S","true","Bug Bite","X-Scissor","","","Exact-form GO Hub role recommendation","sourced","bug: Bug Bite + X-Scissor","https://db.pokemongohub.net/pokemon/738-Shadow","2026-10-01T19:09:53.991Z"
"volcarona","Volcarona","false","","Raid","bug","7","","S","true","Bug Bite","Bug Buzz","","","Exact-form GO Hub role recommendation","sourced","bug: Bug Bite + Bug Buzz","https://db.pokemongohub.net/pokemon/637","2026-10-01T19:09:54.319Z"
"weavile_shadow","Weavile (Shadow)","true","","Raid","ice","9","","S","true","Ice Shard","Triple Axel","","","Exact-form GO Hub role recommendation","sourced","ice: Ice Shard + Triple Axel","https://db.pokemongohub.net/pokemon/461-Shadow","2026-10-01T19:09:54.624Z"
"weavile_shadow","Weavile (Shadow)","true","","Raid","dark","12","","A+","true","Snarl","Foul Play","","","Exact-form GO Hub role recommendation","sourced","ice: Ice Shard + Triple Axel","https://db.pokemongohub.net/pokemon/461-Shadow","2026-10-01T19:09:54.624Z"
"xerneas","Xerneas","false","genderless","Raid","fairy","9","","S","true","Geomancy","Moonblast","","Geomancy","Exact-form GO Hub role recommendation","sourced","fairy: Geomancy * + Moonblast","https://db.pokemongohub.net/pokemon/716","2026-10-01T19:09:54.660Z"
"xurkitree","Xurkitree","false","genderless","Raid","electric","","","strong","true","Thunder Shock","Discharge","","","GO Hub type shortlist","sourced","","https://db.pokemongohub.net/best/attackers-per-type","2026-10-01"
"zacian_crowned_sword","Zacian (Crowned Sword)","false","genderless","Raid","steel","1","","S","true","Metal Claw","Behemoth Blade","","","Exact-form GO Hub role recommendation","sourced","steel: Metal Claw + Behemoth Blade; fairy: Metal Claw + Play Rough","https://db.pokemongohub.net/pokemon/888-Crowned_Sword","2026-10-01T19:09:54.918Z"
"zacian_crowned_sword","Zacian (Crowned Sword)","false","genderless","Raid","fairy","2","","S","true","Metal Claw","Play Rough","","","Exact-form GO Hub role recommendation","sourced","steel: Metal Claw + Behemoth Blade; fairy: Metal Claw + Play Rough","https://db.pokemongohub.net/pokemon/888-Crowned_Sword","2026-10-01T19:09:54.918Z"
"zamazenta_crowned_shield","Zamazenta (Crowned Shield)","false","genderless","Raid","steel","2","","S","true","Metal Claw","Behemoth Bash","","","Exact-form GO Hub role recommendation","sourced","steel: Metal Claw + Behemoth Bash; ice: Ice Fang + Behemoth Bash","https://db.pokemongohub.net/pokemon/889-Crowned_Shield","2026-10-01T19:09:55.215Z"
"zarude","Zarude","false","genderless","Raid","grass","10","","S","true","Vine Whip","Power Whip","","","Exact-form GO Hub role recommendation","sourced","grass: Vine Whip + Power Whip","https://db.pokemongohub.net/pokemon/893","2026-10-01T19:09:55.238Z"
"zeraora","Zeraora","false","genderless","Raid","electric","5","","S","true","Volt Switch","Plasma Fists","","","Exact-form GO Hub role recommendation","sourced","electric: Volt Switch + Plasma Fists","https://db.pokemongohub.net/pokemon/807","2026-10-01T19:09:55.493Z"
