Pokémon / form,Pokédex #,Form ID,Status,Best uses,Great League target (<200),Best GL IV,Ultra League target (<200),Best UL IV,Master League target (<200),Best ML IV,Raid target,Best raid IV,Best collection IV,General guidance,Notes
Abomasnow,460,abomasnow,Available in GO,UL,,,Abomasnow #143,3/15/14,,,,,15/15/15,Keep strong PvP IVs or raid IV >90%; trade suboptimal tradable copies,
Abomasnow (Mega),460,abomasnow_mega,Available in GO,Collection,,,,,,,,,15/15/15,Keep for collection; transfer ordinary extras,Mega form uses the base Pokémon’s IVs
Abomasnow (Shadow),460,abomasnow_shadow,Available in GO,"GL, UL",Abomasnow (Shadow) #196,0/15/15,Abomasnow (Shadow) #134,3/15/14,,,,,15/15/15,Keep strong PvP IVs or raid IV >90%; trade suboptimal tradable copies,Shadow cannot be traded
Abra,63,abra,Available in GO,Raids,,,,,,,Alakazam (Mega) (raid top-10 listing),15/15/15,15/15/15,Keep strong PvP IVs or raid IV >90%; trade suboptimal tradable copies,
Abra (Shadow),63,abra_shadow,Available in GO,Collection,,,,,,,,,15/15/15,Keep for collection; transfer ordinary extras,Shadow cannot be traded
Absol,359,absol,Available in GO,Raids,,,,,,,Absol (Mega) (raid top-10 listing),15/15/15,15/15/15,Keep strong PvP IVs or raid IV >90%; trade suboptimal tradable copies,
Absol (Mega),359,absol_mega,Available in GO,Raids,,,,,,,Absol (Mega) (raid top-10 listing),15/15/15,15/15/15,Keep strong PvP IVs or raid IV >90%; trade suboptimal tradable copies,Mega form uses the base Pokémon’s IVs
Absol (Shadow),359,absol_shadow,Available in GO,Raids,,,,,,,Absol (Shadow) (raid top-10 listing),15/15/15,15/15/15,Keep strong PvP IVs or raid IV >90%; trade suboptimal tradable copies,Shadow cannot be traded
Accelgor,617,accelgor,Available in GO,Collection,,,,,,,,,15/15/15,Keep for collection; transfer ordinary extras,
Accelgor (Shadow),617,accelgor_shadow,Available in GO,Collection,,,,,,,,,15/15/15,Keep for collection; transfer ordinary extras,Shadow cannot be traded
Aegislash (Shield),681,aegislash_shield,Available in GO,GL,Aegislash (Shield) #80,0/12/14,,,,,,,15/15/15,Keep strong PvP IVs or raid IV >90%; trade suboptimal tradable copies,
Aerodactyl,142,aerodactyl,Available in GO,Raids,,,,,,,Aerodactyl (Mega) (raid top-10 listing),15/15/15,15/15/15,Keep strong PvP IVs or raid IV >90%; trade suboptimal tradable copies,
Aerodactyl (Mega),142,aerodactyl_mega,Available in GO,Raids,,,,,,,Aerodactyl (Mega) (raid top-10 listing),15/15/15,15/15/15,Keep strong PvP IVs or raid IV >90%; trade suboptimal tradable copies,Mega form uses the base Pokémon’s IVs
Aerodactyl (Shadow),142,aerodactyl_shadow,Available in GO,Collection,,,,,,,,,15/15/15,Keep for collection; transfer ordinary extras,Shadow cannot be traded
Aggron,306,aggron,Available in GO,ML,,,,,Aggron #158,15/15/15,,,15/15/15,Keep strong PvP IVs or raid IV >90%; trade suboptimal tradable copies,
Aggron (Mega),306,aggron_mega,Available in GO,Collection,,,,,,,,,15/15/15,Keep for collection; transfer ordinary extras,Mega form uses the base Pokémon’s IVs
Aggron (Shadow),306,aggron_shadow,Available in GO,ML,,,,,Aggron (Shadow) #160,15/15/15,,,15/15/15,Keep strong PvP IVs or raid IV >90%; trade suboptimal tradable copies,Shadow cannot be traded
Aipom,190,aipom,Available in GO,Collection,,,,,,,,,15/15/15,Keep for collection; transfer ordinary extras,
Aipom (Shadow),190,aipom_shadow,Available in GO,Collection,,,,,,,,,15/15/15,Keep for collection; transfer ordinary extras,Shadow cannot be traded
Alakazam,65,alakazam,Available in GO,Raids,,,,,,,Alakazam (Mega) (raid top-10 listing),15/15/15,15/15/15,Keep strong PvP IVs or raid IV >90%; trade suboptimal tradable copies,
Alakazam (Mega),65,alakazam_mega,Available in GO,Raids,,,,,,,Alakazam (Mega) (raid top-10 listing),15/15/15,15/15/15,Keep strong PvP IVs or raid IV >90%; trade suboptimal tradable copies,Mega form uses the base Pokémon’s IVs
Alakazam (Shadow),65,alakazam_shadow,Available in GO,Collection,,,,,,,,,15/15/15,Keep for collection; transfer ordinary extras,Shadow cannot be traded
Alomomola,594,alomomola,Available in GO,Collection,,,,,,,,,15/15/15,Keep for collection; transfer ordinary extras,
Altaria,334,altaria,Available in GO,GL,Altaria #2,0/14/15,,,,,,,15/15/15,Keep strong PvP IVs or raid IV >90%; trade suboptimal tradable copies,
Altaria (Mega),334,altaria_mega,Available in GO,Collection,,,,,,,,,15/15/15,Keep for collection; transfer ordinary extras,Mega form uses the base Pokémon’s IVs
Altaria (Shadow),334,altaria_shadow,Available in GO,GL,Altaria (Shadow) #9,0/14/15,,,,,,,15/15/15,Keep strong PvP IVs or raid IV >90%; trade suboptimal tradable copies,Shadow cannot be traded
Amaura,698,amaura,Available in GO,"GL, UL",Aurorus #157,0/12/13,Aurorus #110,0/15/15,,,,,15/15/15,Keep strong PvP IVs or raid IV >90%; trade suboptimal tradable copies,
Amaura (Shadow),698,amaura_shadow,Available in GO,"UL, ML",,,Aurorus (Shadow) #162,0/15/15,Aurorus (Shadow) #178,15/15/15,,,15/15/15,Keep strong PvP IVs or raid IV >90%; trade suboptimal tradable copies,Shadow cannot be traded
Ambipom,424,ambipom,Available in GO,Collection,,,,,,,,,15/15/15,Keep for collection; transfer ordinary extras,
Ambipom (Shadow),424,ambipom_shadow,Available in GO,Collection,,,,,,,,,15/15/15,Keep for collection; transfer ordinary extras,Shadow cannot be traded
Amoonguss,591,amoonguss,Available in GO,Collection,,,,,,,,,15/15/15,Keep for collection; transfer ordinary extras,
Amoonguss (Shadow),591,amoonguss_shadow,Available in GO,UL,,,Amoonguss (Shadow) #177,15/15/15,,,,,15/15/15,Keep strong PvP IVs or raid IV >90%; trade suboptimal tradable copies,Shadow cannot be traded
Ampharos,181,ampharos,Available in GO,UL,,,Ampharos #52,0/13/15,,,,,15/15/15,Keep strong PvP IVs or raid IV >90%; trade suboptimal tradable copies,
Ampharos (Mega),181,ampharos_mega,Available in GO,Collection,,,,,,,,,15/15/15,Keep for collection; transfer ordinary extras,Mega form uses the base Pokémon’s IVs
Ampharos (Shadow),181,ampharos_shadow,Available in GO,UL,,,Ampharos (Shadow) #55,0/13/15,,,,,15/15/15,Keep strong PvP IVs or raid IV >90%; trade suboptimal tradable copies,Shadow cannot be traded
Annihilape,979,annihilape,Available in GO,"GL, UL, ML",Annihilape #31,2/15/14,Annihilape #59,0/15/15,Annihilape #93,15/15/15,,,15/15/15,Keep strong PvP IVs or raid IV >90%; trade suboptimal tradable copies,
Annihilape (Shadow),979,annihilape_shadow,Available in GO,"GL, UL, ML",Annihilape (Shadow) #38,2/15/14,Annihilape (Shadow) #74,0/15/15,Annihilape (Shadow) #91,15/15/15,,,15/15/15,Keep strong PvP IVs or raid IV >90%; trade suboptimal tradable copies,Shadow cannot be traded
Anorith,347,anorith,Available in GO,Collection,,,,,,,,,15/15/15,Keep for collection; transfer ordinary extras,
Anorith (Shadow),347,anorith_shadow,Available in GO,Collection,,,,,,,,,15/15/15,Keep for collection; transfer ordinary extras,Shadow cannot be traded
Appletun,842,appletun,Available in GO,Collection,,,,,,,,,15/15/15,Keep for collection; transfer ordinary extras,
Applin,840,applin,Available in GO,Collection,,,,,,,,,15/15/15,Keep for collection; transfer ordinary extras,
Araquanid,752,araquanid,Available in GO,GL,Araquanid #16,0/10/15,,,,,,,15/15/15,Keep strong PvP IVs or raid IV >90%; trade suboptimal tradable copies,
Araquanid (Shadow),752,araquanid_shadow,Available in GO,GL,Araquanid (Shadow) #29,0/10/15,,,,,,,15/15/15,Keep strong PvP IVs or raid IV >90%; trade suboptimal tradable copies,Shadow cannot be traded
Arbok,24,arbok,Available in GO,Collection,,,,,,,,,15/15/15,Keep for collection; transfer ordinary extras,
Arbok (Shadow),24,arbok_shadow,Available in GO,Collection,,,,,,,,,15/15/15,Keep for collection; transfer ordinary extras,Shadow cannot be traded
Arboliva,930,arboliva,Available in GO,Collection,,,,,,,,,15/15/15,Keep for collection; transfer ordinary extras,
Arcanine,59,arcanine,Available in GO,Raids,,,,,,,Arcanine (Fire backup),15/15/15,15/15/15,Keep strong PvP IVs or raid IV >90%; trade suboptimal tradable copies,
Arcanine (Hisuian),59,arcanine_hisuian,Available in GO,Collection,,,,,,,,,15/15/15,Keep for collection; transfer ordinary extras,
Arcanine (Shadow),59,arcanine_shadow,Available in GO,Raids,,,,,,,Arcanine (Shadow) (Fire backup),15/15/15,15/15/15,Keep strong PvP IVs or raid IV >90%; trade suboptimal tradable copies,Shadow cannot be traded
Archen,566,archen,Available in GO,Collection,,,,,,,,,15/15/15,Keep for collection; transfer ordinary extras,
Archen (Shadow),566,archen_shadow,Available in GO,Collection,,,,,,,,,15/15/15,Keep for collection; transfer ordinary extras,Shadow cannot be traded
Archeops,567,archeops,Available in GO,Collection,,,,,,,,,15/15/15,Keep for collection; transfer ordinary extras,
Archeops (Shadow),567,archeops_shadow,Available in GO,Collection,,,,,,,,,15/15/15,Keep for collection; transfer ordinary extras,Shadow cannot be traded
Arctibax,997,arctibax,Available in GO,"ML, Raids",,,,,Baxcalibur #75,15/15/15,Baxcalibur (raid top-10 listing),15/15/15,15/15/15,Keep strong PvP IVs or raid IV >90%; trade suboptimal tradable copies,
Ariados,168,ariados,Available in GO,Collection,,,,,,,,,15/15/15,Keep for collection; transfer ordinary extras,
Armaldo,348,armaldo,Available in GO,Collection,,,,,,,,,15/15/15,Keep for collection; transfer ordinary extras,
Armaldo (Shadow),348,armaldo_shadow,Available in GO,Collection,,,,,,,,,15/15/15,Keep for collection; transfer ordinary extras,Shadow cannot be traded
Armarouge,936,armarouge,Available in GO,ML,,,,,Armarouge #141,15/15/15,,,15/15/15,Keep strong PvP IVs or raid IV >90%; trade suboptimal tradable copies,
Aromatisse,683,aromatisse,Available in GO,"GL, UL",Aromatisse #119,0/13/15,Aromatisse #82,6/15/14,,,,,15/15/15,Keep strong PvP IVs or raid IV >90%; trade suboptimal tradable copies,
Aron,304,aron,Available in GO,ML,,,,,Aggron #158,15/15/15,,,15/15/15,Keep strong PvP IVs or raid IV >90%; trade suboptimal tradable copies,
Aron (Shadow),304,aron_shadow,Available in GO,ML,,,,,Aggron (Shadow) #160,15/15/15,,,15/15/15,Keep strong PvP IVs or raid IV >90%; trade suboptimal tradable copies,Shadow cannot be traded
Arrokuda,846,arrokuda,Available in GO,Collection,,,,,,,,,15/15/15,Keep for collection; transfer ordinary extras,
Articuno,144,articuno,Available in GO,"UL, ML",,,Articuno #79,0/13/15,Articuno #126,15/15/15,,,15/15/15,Keep strong PvP IVs or raid IV >90%; trade suboptimal tradable copies,
Articuno (Galarian),144,articuno_galarian,Available in GO,Collection,,,,,,,,,15/15/15,Keep for collection; transfer ordinary extras,
Articuno (Shadow),144,articuno_shadow,Available in GO,"UL, ML",,,Articuno (Shadow) #117,0/13/15,Articuno (Shadow) #149,15/15/15,,,15/15/15,Keep strong PvP IVs or raid IV >90%; trade suboptimal tradable copies,Shadow cannot be traded
Audino,531,audino,Available in GO,Collection,,,,,,,,,15/15/15,Keep for collection; transfer ordinary extras,
Audino (Mega),531,audino_mega,Available in GO,Collection,,,,,,,,,15/15/15,Keep for collection; transfer ordinary extras,Mega form uses the base Pokémon’s IVs
Aurorus,699,aurorus,Available in GO,"GL, UL",Aurorus #157,0/12/13,Aurorus #110,0/15/15,,,,,15/15/15,Keep strong PvP IVs or raid IV >90%; trade suboptimal tradable copies,
Aurorus (Shadow),699,aurorus_shadow,Available in GO,"UL, ML",,,Aurorus (Shadow) #162,0/15/15,Aurorus (Shadow) #178,15/15/15,,,15/15/15,Keep strong PvP IVs or raid IV >90%; trade suboptimal tradable copies,Shadow cannot be traded
Avalugg,713,avalugg,Available in GO,ML,,,,,Avalugg #116,15/15/15,,,15/15/15,Keep strong PvP IVs or raid IV >90%; trade suboptimal tradable copies,
Avalugg (Hisuian),713,avalugg_hisuian,Available in GO,ML,,,,,Avalugg (Hisuian) #124,15/15/15,,,15/15/15,Keep strong PvP IVs or raid IV >90%; trade suboptimal tradable copies,
Axew,610,axew,Available in GO,"ML, Raids",,,,,Haxorus #181,15/15/15,Haxorus (Dragon backup),15/15/15,15/15/15,Keep strong PvP IVs or raid IV >90%; trade suboptimal tradable copies,
Axew (Shadow),610,axew_shadow,Available in GO,"ML, Raids",,,,,Haxorus (Shadow) #156,15/15/15,Haxorus (Shadow) (raid top-10 listing),15/15/15,15/15/15,Keep strong PvP IVs or raid IV >90%; trade suboptimal tradable copies,Shadow cannot be traded
Azelf,482,azelf,Available in GO,Collection,,,,,,,,,15/15/15,Keep for collection; transfer ordinary extras,
Azumarill,184,azumarill,Available in GO,GL,Azumarill #32,0/15/15,,,,,,,15/15/15,Keep strong PvP IVs or raid IV >90%; trade suboptimal tradable copies,
Azurill,298,azurill,Available in GO,GL,Azumarill #32,0/15/15,,,,,,,15/15/15,Keep strong PvP IVs or raid IV >90%; trade suboptimal tradable copies,
Bagon,371,bagon,Available in GO,"GL, ML, Raids",Shelgon #117,1/15/14,,,Salamence #114,15/15/15,Salamence (Mega) (raid top-10 listing),15/15/15,15/15/15,Keep strong PvP IVs or raid IV >90%; trade suboptimal tradable copies,
Bagon (Shadow),371,bagon_shadow,Available in GO,"GL, ML, Raids",Shelgon (Shadow) #92,1/15/14,,,Salamence (Shadow) #76,15/15/15,Salamence (Shadow) (raid top-10 listing),15/15/15,15/15/15,Keep strong PvP IVs or raid IV >90%; trade suboptimal tradable copies,Shadow cannot be traded
Baltoy,343,baltoy,Available in GO,Collection,,,,,,,,,15/15/15,Keep for collection; transfer ordinary extras,
Baltoy (Shadow),343,baltoy_shadow,Available in GO,Collection,,,,,,,,,15/15/15,Keep for collection; transfer ordinary extras,Shadow cannot be traded
Banette,354,banette,Available in GO,Raids,,,,,,,Banette (Mega) (raid top-10 listing),15/15/15,15/15/15,Keep strong PvP IVs or raid IV >90%; trade suboptimal tradable copies,
Banette (Mega),354,banette_mega,Available in GO,Raids,,,,,,,Banette (Mega) (raid top-10 listing),15/15/15,15/15/15,Keep strong PvP IVs or raid IV >90%; trade suboptimal tradable copies,Mega form uses the base Pokémon’s IVs
Banette (Shadow),354,banette_shadow,Available in GO,Collection,,,,,,,,,15/15/15,Keep for collection; transfer ordinary extras,Shadow cannot be traded
Barbaracle,689,barbaracle,Available in GO,Collection,,,,,,,,,15/15/15,Keep for collection; transfer ordinary extras,
Barboach,339,barboach,Available in GO,Collection,,,,,,,,,15/15/15,Keep for collection; transfer ordinary extras,
Barboach (Shadow),339,barboach_shadow,Available in GO,Collection,,,,,,,,,15/15/15,Keep for collection; transfer ordinary extras,Shadow cannot be traded
Barraskewda,847,barraskewda,Available in GO,Collection,,,,,,,,,15/15/15,Keep for collection; transfer ordinary extras,
Basculin,550,basculin,Available in GO,Collection,,,,,,,,,15/15/15,Keep for collection; transfer ordinary extras,
Bastiodon,411,bastiodon,Available in GO,GL,Bastiodon #168,0/15/14,,,,,,,15/15/15,Keep strong PvP IVs or raid IV >90%; trade suboptimal tradable copies,
Bastiodon (Shadow),411,bastiodon_shadow,Available in GO,Collection,,,,,,,,,15/15/15,Keep for collection; transfer ordinary extras,Shadow cannot be traded
Baxcalibur,998,baxcalibur,Available in GO,"ML, Raids",,,,,Baxcalibur #75,15/15/15,Baxcalibur (raid top-10 listing),15/15/15,15/15/15,Keep strong PvP IVs or raid IV >90%; trade suboptimal tradable copies,
Bayleef,153,bayleef,Available in GO,Collection,,,,,,,,,15/15/15,Keep for collection; transfer ordinary extras,
Bayleef (Shadow),153,bayleef_shadow,Available in GO,Collection,,,,,,,,,15/15/15,Keep for collection; transfer ordinary extras,Shadow cannot be traded
Beartic,614,beartic,Available in GO,Collection,,,,,,,,,15/15/15,Keep for collection; transfer ordinary extras,
Beautifly,267,beautifly,Available in GO,Collection,,,,,,,,,15/15/15,Keep for collection; transfer ordinary extras,
Beedrill,15,beedrill,Available in GO,Raids,,,,,,,Beedrill (Mega) (raid top-10 listing),15/15/15,15/15/15,Keep strong PvP IVs or raid IV >90%; trade suboptimal tradable copies,
Beedrill (Mega),15,beedrill_mega,Available in GO,Raids,,,,,,,Beedrill (Mega) (raid top-10 listing),15/15/15,15/15/15,Keep strong PvP IVs or raid IV >90%; trade suboptimal tradable copies,Mega form uses the base Pokémon’s IVs
Beedrill (Shadow),15,beedrill_shadow,Available in GO,Collection,,,,,,,,,15/15/15,Keep for collection; transfer ordinary extras,Shadow cannot be traded
Beheeyem,606,beheeyem,Available in GO,Collection,,,,,,,,,15/15/15,Keep for collection; transfer ordinary extras,
Beldum,374,beldum,Available in GO,"GL, ML, Raids",Metang #164,0/13/15,,,Metagross #4,15/15/15,Metagross (raid top-10 listing),15/15/15,15/15/15,Keep strong PvP IVs or raid IV >90%; trade suboptimal tradable copies,
Beldum (Shadow),374,beldum_shadow,Available in GO,"GL, ML, Raids",Metang (Shadow) #159,0/13/15,,,Metagross (Shadow) #27,15/15/15,Metagross (Shadow) (raid top-10 listing),15/15/15,15/15/15,Keep strong PvP IVs or raid IV >90%; trade suboptimal tradable copies,Shadow cannot be traded
Bellibolt,939,bellibolt,Available in GO,"GL, UL",Bellibolt #112,0/14/12,Bellibolt #57,0/15/10,,,,,15/15/15,Keep strong PvP IVs or raid IV >90%; trade suboptimal tradable copies,
Bellossom,182,bellossom,Available in GO,UL,,,Bellossom #198,9/15/15,,,,,15/15/15,Keep strong PvP IVs or raid IV >90%; trade suboptimal tradable copies,
Bellossom (Shadow),182,bellossom_shadow,Available in GO,UL,,,Bellossom (Shadow) #191,9/15/15,,,,,15/15/15,Keep strong PvP IVs or raid IV >90%; trade suboptimal tradable copies,Shadow cannot be traded
Bellsprout,69,bellsprout,Available in GO,"UL, Raids",,,Victreebel #149,0/15/12,,,Victreebel (Mega) (raid top-10 listing),15/15/15,15/15/15,Keep strong PvP IVs or raid IV >90%; trade suboptimal tradable copies,
Bellsprout (Shadow),69,bellsprout_shadow,Available in GO,UL,,,Victreebel (Shadow) #173,0/15/12,,,,,15/15/15,Keep strong PvP IVs or raid IV >90%; trade suboptimal tradable copies,Shadow cannot be traded
Bergmite,712,bergmite,Available in GO,ML,,,,,Avalugg #116,15/15/15,,,15/15/15,Keep strong PvP IVs or raid IV >90%; trade suboptimal tradable copies,
Bewear,760,bewear,Available in GO,Collection,,,,,,,,,15/15/15,Keep for collection; transfer ordinary extras,
Bewear (Shadow),760,bewear_shadow,Available in GO,ML,,,,,Bewear (Shadow) #191,15/15/15,,,15/15/15,Keep strong PvP IVs or raid IV >90%; trade suboptimal tradable copies,Shadow cannot be traded
Bibarel,400,bibarel,Available in GO,Collection,,,,,,,,,15/15/15,Keep for collection; transfer ordinary extras,
Bibarel (Shadow),400,bibarel_shadow,Available in GO,Collection,,,,,,,,,15/15/15,Keep for collection; transfer ordinary extras,Shadow cannot be traded
Bidoof,399,bidoof,Available in GO,Collection,,,,,,,,,15/15/15,Keep for collection; transfer ordinary extras,
Bidoof (Shadow),399,bidoof_shadow,Available in GO,Collection,,,,,,,,,15/15/15,Keep for collection; transfer ordinary extras,Shadow cannot be traded
Binacle,688,binacle,Available in GO,Collection,,,,,,,,,15/15/15,Keep for collection; transfer ordinary extras,
Bisharp,625,bisharp,Available in GO,"UL, ML",,,Kingambit #152,0/15/10,Kingambit #78,15/15/15,,,15/15/15,Keep strong PvP IVs or raid IV >90%; trade suboptimal tradable copies,
Blacephalon,806,blacephalon,Available in GO,"ML, Raids",,,,,Blacephalon #130,15/15/15,Blacephalon (raid top-10 listing),15/15/15,15/15/15,Keep strong PvP IVs or raid IV >90%; trade suboptimal tradable copies,
Blastoise,9,blastoise,Available in GO,"GL, UL, Raids",Blastoise #58,1/15/15,Blastoise #29,0/12/15,,,Blastoise (Mega) (raid top-10 listing),15/15/15,15/15/15,Keep strong PvP IVs or raid IV >90%; trade suboptimal tradable copies,
Blastoise (Mega),9,blastoise_mega,Available in GO,Raids,,,,,,,Blastoise (Mega) (raid top-10 listing),15/15/15,15/15/15,Keep strong PvP IVs or raid IV >90%; trade suboptimal tradable copies,Mega form uses the base Pokémon’s IVs
Blastoise (Shadow),9,blastoise_shadow,Available in GO,"GL, UL",Blastoise (Shadow) #180,1/15/15,Blastoise (Shadow) #84,0/12/15,,,,,15/15/15,Keep strong PvP IVs or raid IV >90%; trade suboptimal tradable copies,Shadow cannot be traded
Blaziken,257,blaziken,Available in GO,"UL, Raids",,,Blaziken #175,1/15/15,,,Blaziken (Mega) (raid top-10 listing),15/15/15,15/15/15,Keep strong PvP IVs or raid IV >90%; trade suboptimal tradable copies,
Blaziken (Mega),257,blaziken_mega,Available in GO,Raids,,,,,,,Blaziken (Mega) (raid top-10 listing),15/15/15,15/15/15,Keep strong PvP IVs or raid IV >90%; trade suboptimal tradable copies,Mega form uses the base Pokémon’s IVs
Blaziken (Shadow),257,blaziken_shadow,Available in GO,"UL, Raids",,,Blaziken (Shadow) #170,1/15/15,,,Blaziken (Shadow) (raid top-10 listing),15/15/15,15/15/15,Keep strong PvP IVs or raid IV >90%; trade suboptimal tradable copies,Shadow cannot be traded
Blipbug,824,blipbug,Available in GO,Collection,,,,,,,,,15/15/15,Keep for collection; transfer ordinary extras,
Blissey,242,blissey,Available in GO,Collection,,,,,,,,,15/15/15,Keep for collection; transfer ordinary extras,
Blitzle,522,blitzle,Available in GO,Collection,,,,,,,,,15/15/15,Keep for collection; transfer ordinary extras,
Blitzle (Shadow),522,blitzle_shadow,Available in GO,Collection,,,,,,,,,15/15/15,Keep for collection; transfer ordinary extras,Shadow cannot be traded
Boldore,525,boldore,Available in GO,"ML, Raids",,,,,Gigalith #170,15/15/15,Gigalith (Rock backup),15/15/15,15/15/15,Keep strong PvP IVs or raid IV >90%; trade suboptimal tradable copies,
Boldore (Shadow),525,boldore_shadow,Available in GO,"ML, Raids",,,,,Gigalith (Shadow) #136,15/15/15,Gigalith (Shadow) (raid top-10 listing),15/15/15,15/15/15,Keep strong PvP IVs or raid IV >90%; trade suboptimal tradable copies,Shadow cannot be traded
Boltund,836,boltund,Available in GO,Collection,,,,,,,,,15/15/15,Keep for collection; transfer ordinary extras,
Bombirdier,962,bombirdier,Available in GO,UL,,,Bombirdier #72,0/15/14,,,,,15/15/15,Keep strong PvP IVs or raid IV >90%; trade suboptimal tradable copies,
Bonsly,438,bonsly,Available in GO,Collection,,,,,,,,,15/15/15,Keep for collection; transfer ordinary extras,
Bouffalant,626,bouffalant,Available in GO,Collection,,,,,,,,,15/15/15,Keep for collection; transfer ordinary extras,
Bounsweet,761,bounsweet,Available in GO,Raids,,,,,,,Tsareena (Grass backup),15/15/15,15/15/15,Keep strong PvP IVs or raid IV >90%; trade suboptimal tradable copies,
Braixen,654,braixen,Available in GO,"ML, Raids",,,,,Delphox #148,15/15/15,Delphox (Mega) (raid top-10 listing),15/15/15,15/15/15,Keep strong PvP IVs or raid IV >90%; trade suboptimal tradable copies,
Braixen (Shadow),654,braixen_shadow,Available in GO,ML,,,,,Delphox (Shadow) #144,15/15/15,,,15/15/15,Keep strong PvP IVs or raid IV >90%; trade suboptimal tradable copies,Shadow cannot be traded
Braviary,628,braviary,Available in GO,Collection,,,,,,,,,15/15/15,Keep for collection; transfer ordinary extras,
Braviary (Hisuian),628,braviary_hisuian,Available in GO,Collection,,,,,,,,,15/15/15,Keep for collection; transfer ordinary extras,
Breloom,286,breloom,Available in GO,Collection,,,,,,,,,15/15/15,Keep for collection; transfer ordinary extras,
Brionne,729,brionne,Available in GO,"UL, ML, Raids",,,Primarina #51,2/15/13,Primarina #45,15/15/15,Primarina (Water/Fairy backup),15/15/15,15/15/15,Keep strong PvP IVs or raid IV >90%; trade suboptimal tradable copies,
Bronzong,437,bronzong,Available in GO,"GL, UL",Bronzong #189,1/15/14,Bronzong #139,13/15/14,,,,,15/15/15,Keep strong PvP IVs or raid IV >90%; trade suboptimal tradable copies,
Bronzor,436,bronzor,Available in GO,"GL, UL",Bronzong #189,1/15/14,Bronzong #139,13/15/14,,,,,15/15/15,Keep strong PvP IVs or raid IV >90%; trade suboptimal tradable copies,
Bruxish,779,bruxish,Available in GO,Collection,,,,,,,,,15/15/15,Keep for collection; transfer ordinary extras,
Budew,406,budew,Available in GO,Raids,,,,,,,Roserade (raid top-10 listing),15/15/15,15/15/15,Keep strong PvP IVs or raid IV >90%; trade suboptimal tradable copies,
Buizel,418,buizel,Available in GO,Collection,,,,,,,,,15/15/15,Keep for collection; transfer ordinary extras,
Bulbasaur,1,bulbasaur,Available in GO,Raids,,,,,,,Venusaur (Mega) (raid top-10 listing),15/15/15,15/15/15,Keep strong PvP IVs or raid IV >90%; trade suboptimal tradable copies,
Bulbasaur (Shadow),1,bulbasaur_shadow,Available in GO,Raids,,,,,,,Venusaur (Shadow) (raid top-10 listing),15/15/15,15/15/15,Keep strong PvP IVs or raid IV >90%; trade suboptimal tradable copies,Shadow cannot be traded
Buneary,427,buneary,Available in GO,GL,Lopunny #198,0/15/14,,,,,,,15/15/15,Keep strong PvP IVs or raid IV >90%; trade suboptimal tradable copies,
Bunnelby,659,bunnelby,Available in GO,GL,Diggersby #59,0/15/13,,,,,,,15/15/15,Keep strong PvP IVs or raid IV >90%; trade suboptimal tradable copies,
Bunnelby (Shadow),659,bunnelby_shadow,Available in GO,Collection,,,,,,,,,15/15/15,Keep for collection; transfer ordinary extras,Shadow cannot be traded
Burmy (Plant),412,burmy_plant,Available in GO,Collection,,,,,,,,,15/15/15,Keep for collection; transfer ordinary extras,
Burmy (Sandy),412,burmy_sandy,Available in GO,Collection,,,,,,,,,15/15/15,Keep for collection; transfer ordinary extras,
Burmy (Trash),412,burmy_trash,Available in GO,GL,Wormadam (Trash) #179,0/13/15,,,,,,,15/15/15,Keep strong PvP IVs or raid IV >90%; trade suboptimal tradable copies,
Butterfree,12,butterfree,Available in GO,Collection,,,,,,,,,15/15/15,Keep for collection; transfer ordinary extras,
Butterfree (Shadow),12,butterfree_shadow,Available in GO,Collection,,,,,,,,,15/15/15,Keep for collection; transfer ordinary extras,Shadow cannot be traded
Buzzwole,794,buzzwole,Available in GO,ML,,,,,Buzzwole #152,15/15/15,,,15/15/15,Keep strong PvP IVs or raid IV >90%; trade suboptimal tradable copies,
Cacnea,331,cacnea,Available in GO,Collection,,,,,,,,,15/15/15,Keep for collection; transfer ordinary extras,
Cacnea (Shadow),331,cacnea_shadow,Available in GO,Collection,,,,,,,,,15/15/15,Keep for collection; transfer ordinary extras,Shadow cannot be traded
Cacturne,332,cacturne,Available in GO,Collection,,,,,,,,,15/15/15,Keep for collection; transfer ordinary extras,
Cacturne (Shadow),332,cacturne_shadow,Available in GO,Collection,,,,,,,,,15/15/15,Keep for collection; transfer ordinary extras,Shadow cannot be traded
Camerupt,323,camerupt,Available in GO,Collection,,,,,,,,,15/15/15,Keep for collection; transfer ordinary extras,
Camerupt (Shadow),323,camerupt_shadow,Available in GO,Collection,,,,,,,,,15/15/15,Keep for collection; transfer ordinary extras,Shadow cannot be traded
Carbink,703,carbink,Available in GO,GL,Carbink #46,5/15/15,,,,,,,15/15/15,Keep strong PvP IVs or raid IV >90%; trade suboptimal tradable copies,
Carkol,838,carkol,Available in GO,Collection,,,,,,,,,15/15/15,Keep for collection; transfer ordinary extras,
Carnivine,455,carnivine,Available in GO,Collection,,,,,,,,,15/15/15,Keep for collection; transfer ordinary extras,
Carracosta,565,carracosta,Available in GO,Collection,,,,,,,,,15/15/15,Keep for collection; transfer ordinary extras,
Carracosta (Shadow),565,carracosta_shadow,Available in GO,Collection,,,,,,,,,15/15/15,Keep for collection; transfer ordinary extras,Shadow cannot be traded
Carvanha,318,carvanha,Available in GO,Collection,,,,,,,,,15/15/15,Keep for collection; transfer ordinary extras,
Carvanha (Shadow),318,carvanha_shadow,Available in GO,Collection,,,,,,,,,15/15/15,Keep for collection; transfer ordinary extras,Shadow cannot be traded
Cascoon,268,cascoon,Available in GO,Collection,,,,,,,,,15/15/15,Keep for collection; transfer ordinary extras,
Castform,351,castform,Available in GO,Collection,,,,,,,,,15/15/15,Keep for collection; transfer ordinary extras,
Castform (Rainy),351,castform_rainy,Available in GO,Collection,,,,,,,,,15/15/15,Keep for collection; transfer ordinary extras,
Castform (Snowy),351,castform_snowy,Available in GO,Collection,,,,,,,,,15/15/15,Keep for collection; transfer ordinary extras,
Castform (Sunny),351,castform_sunny,Available in GO,GL,Castform (Sunny) #107,0/14/15,,,,,,,15/15/15,Keep strong PvP IVs or raid IV >90%; trade suboptimal tradable copies,
Caterpie,10,caterpie,Available in GO,Collection,,,,,,,,,15/15/15,Keep for collection; transfer ordinary extras,
Caterpie (Shadow),10,caterpie_shadow,Available in GO,Collection,,,,,,,,,15/15/15,Keep for collection; transfer ordinary extras,Shadow cannot be traded
Celebi,251,celebi,Available in GO,ML,,,,,Celebi #159,15/15/15,,,15/15/15,Keep strong PvP IVs or raid IV >90%; trade suboptimal tradable copies,
Celesteela,797,celesteela,Available in GO,Collection,,,,,,,,,15/15/15,Keep for collection; transfer ordinary extras,
Centiskorch,851,centiskorch,Available in GO,"UL, ML",,,Centiskorch #163,0/15/15,Centiskorch #145,15/15/15,,,15/15/15,Keep strong PvP IVs or raid IV >90%; trade suboptimal tradable copies,
Ceruledge,937,ceruledge,Available in GO,ML,,,,,Ceruledge #172,15/15/15,,,15/15/15,Keep strong PvP IVs or raid IV >90%; trade suboptimal tradable copies,
Cetitan,975,cetitan,Available in GO,"UL, ML",,,Cetitan #187,0/14/14,Cetitan #147,15/15/15,,,15/15/15,Keep strong PvP IVs or raid IV >90%; trade suboptimal tradable copies,
Cetoddle,974,cetoddle,Available in GO,"UL, ML",,,Cetitan #187,0/14/14,Cetitan #147,15/15/15,,,15/15/15,Keep strong PvP IVs or raid IV >90%; trade suboptimal tradable copies,
Chandelure,609,chandelure,Available in GO,"ML, Raids",,,,,Chandelure #167,15/15/15,Chandelure (Ghost/Fire backup),15/15/15,15/15/15,Keep strong PvP IVs or raid IV >90%; trade suboptimal tradable copies,
Chandelure (Shadow),609,chandelure_shadow,Available in GO,"ML, Raids",,,,,Chandelure (Shadow) #183,15/15/15,Chandelure (Shadow) (raid top-10 listing),15/15/15,15/15/15,Keep strong PvP IVs or raid IV >90%; trade suboptimal tradable copies,Shadow cannot be traded
Chansey,113,chansey,Available in GO,Collection,,,,,,,,,15/15/15,Keep for collection; transfer ordinary extras,
Charcadet,935,charcadet,Available in GO,ML,,,,,Armarouge #141,15/15/15,,,15/15/15,Keep strong PvP IVs or raid IV >90%; trade suboptimal tradable copies,
Charizard,6,charizard,Available in GO,"UL, ML, Raids",,,Charizard #103,0/13/15,Charizard #182,15/15/15,Charizard (Mega X) (raid top-10 listing),15/15/15,15/15/15,Keep strong PvP IVs or raid IV >90%; trade suboptimal tradable copies,
Charizard (Mega X),6,charizard_mega_x,Available in GO,Raids,,,,,,,Charizard (Mega X) (raid top-10 listing),15/15/15,15/15/15,Keep strong PvP IVs or raid IV >90%; trade suboptimal tradable copies,Mega form uses the base Pokémon’s IVs
Charizard (Mega Y),6,charizard_mega_y,Available in GO,Raids,,,,,,,Charizard (Mega Y) (raid top-10 listing),15/15/15,15/15/15,Keep strong PvP IVs or raid IV >90%; trade suboptimal tradable copies,Mega form uses the base Pokémon’s IVs
Charizard (Shadow),6,charizard_shadow,Available in GO,"UL, Raids",,,Charizard (Shadow) #125,0/13/15,,,Charizard (Shadow) (Fire backup),15/15/15,15/15/15,Keep strong PvP IVs or raid IV >90%; trade suboptimal tradable copies,Shadow cannot be traded
Charjabug,737,charjabug,Available in GO,GL,Charjabug #41,0/13/15,,,,,,,15/15/15,Keep strong PvP IVs or raid IV >90%; trade suboptimal tradable copies,
Charjabug (Shadow),737,charjabug_shadow,Available in GO,"GL, Raids",Charjabug (Shadow) #47,0/13/15,,,,,Vikavolt (Shadow) (raid top-10 listing),15/15/15,15/15/15,Keep strong PvP IVs or raid IV >90%; trade suboptimal tradable copies,Shadow cannot be traded
Charmander,4,charmander,Available in GO,"UL, ML, Raids",,,Charizard #103,0/13/15,Charizard #182,15/15/15,Charizard (Mega X) (raid top-10 listing),15/15/15,15/15/15,Keep strong PvP IVs or raid IV >90%; trade suboptimal tradable copies,
Charmander (Shadow),4,charmander_shadow,Available in GO,"UL, Raids",,,Charizard (Shadow) #125,0/13/15,,,Charizard (Shadow) (Fire backup),15/15/15,15/15/15,Keep strong PvP IVs or raid IV >90%; trade suboptimal tradable copies,Shadow cannot be traded
Charmeleon,5,charmeleon,Available in GO,"UL, ML, Raids",,,Charizard #103,0/13/15,Charizard #182,15/15/15,Charizard (Mega X) (raid top-10 listing),15/15/15,15/15/15,Keep strong PvP IVs or raid IV >90%; trade suboptimal tradable copies,
Charmeleon (Shadow),5,charmeleon_shadow,Available in GO,"UL, Raids",,,Charizard (Shadow) #125,0/13/15,,,Charizard (Shadow) (Fire backup),15/15/15,15/15/15,Keep strong PvP IVs or raid IV >90%; trade suboptimal tradable copies,Shadow cannot be traded
Chatot,441,chatot,Available in GO,Collection,,,,,,,,,15/15/15,Keep for collection; transfer ordinary extras,
Cherrim (Overcast),421,cherrim_overcast,Available in GO,Collection,,,,,,,,,15/15/15,Keep for collection; transfer ordinary extras,
Cherrim (Sunshine),421,cherrim_sunny,Available in GO,Collection,,,,,,,,,15/15/15,Keep for collection; transfer ordinary extras,
Cherubi,420,cherubi,Available in GO,Collection,,,,,,,,,15/15/15,Keep for collection; transfer ordinary extras,
Chesnaught,652,chesnaught,Available in GO,"ML, Raids",,,,,Chesnaught #173,15/15/15,Chesnaught (Mega) (raid top-10 listing),15/15/15,15/15/15,Keep strong PvP IVs or raid IV >90%; trade suboptimal tradable copies,
Chesnaught (Mega),652,chesnaught_mega,Available in GO,Raids,,,,,,,Chesnaught (Mega) (raid top-10 listing),15/15/15,15/15/15,Keep strong PvP IVs or raid IV >90%; trade suboptimal tradable copies,Mega form uses the base Pokémon’s IVs
Chesnaught (Shadow),652,chesnaught_shadow,Available in GO,"ML, Raids",,,,,Chesnaught (Shadow) #121,15/15/15,Chesnaught (Shadow) (raid top-10 listing),15/15/15,15/15/15,Keep strong PvP IVs or raid IV >90%; trade suboptimal tradable copies,Shadow cannot be traded
Chespin,650,chespin,Available in GO,"ML, Raids",,,,,Chesnaught #173,15/15/15,Chesnaught (Mega) (raid top-10 listing),15/15/15,15/15/15,Keep strong PvP IVs or raid IV >90%; trade suboptimal tradable copies,
Chespin (Shadow),650,chespin_shadow,Available in GO,"ML, Raids",,,,,Chesnaught (Shadow) #121,15/15/15,Chesnaught (Shadow) (raid top-10 listing),15/15/15,15/15/15,Keep strong PvP IVs or raid IV >90%; trade suboptimal tradable copies,Shadow cannot be traded
Chikorita,152,chikorita,Available in GO,Collection,,,,,,,,,15/15/15,Keep for collection; transfer ordinary extras,
Chikorita (Shadow),152,chikorita_shadow,Available in GO,Collection,,,,,,,,,15/15/15,Keep for collection; transfer ordinary extras,Shadow cannot be traded
Chimchar,390,chimchar,Available in GO,Collection,,,,,,,,,15/15/15,Keep for collection; transfer ordinary extras,
Chimchar (Shadow),390,chimchar_shadow,Available in GO,Collection,,,,,,,,,15/15/15,Keep for collection; transfer ordinary extras,Shadow cannot be traded
Chimecho,358,chimecho,Available in GO,Collection,,,,,,,,,15/15/15,Keep for collection; transfer ordinary extras,
Chinchou,170,chinchou,Available in GO,GL,Lanturn #163,0/13/14,,,,,,,15/15/15,Keep strong PvP IVs or raid IV >90%; trade suboptimal tradable copies,
Chingling,433,chingling,Available in GO,Collection,,,,,,,,,15/15/15,Keep for collection; transfer ordinary extras,
Cinccino,573,cinccino,Available in GO,Collection,,,,,,,,,15/15/15,Keep for collection; transfer ordinary extras,
Cinderace,815,cinderace,Available in GO,Raids,,,,,,,Cinderace (Fire backup),15/15/15,15/15/15,Keep strong PvP IVs or raid IV >90%; trade suboptimal tradable copies,
Clamperl,366,clamperl,Available in GO,Collection,,,,,,,,,15/15/15,Keep for collection; transfer ordinary extras,
Clauncher,692,clauncher,Available in GO,Collection,,,,,,,,,15/15/15,Keep for collection; transfer ordinary extras,
Clawitzer,693,clawitzer,Available in GO,Collection,,,,,,,,,15/15/15,Keep for collection; transfer ordinary extras,
Claydol,344,claydol,Available in GO,Collection,,,,,,,,,15/15/15,Keep for collection; transfer ordinary extras,
Claydol (Shadow),344,claydol_shadow,Available in GO,Collection,,,,,,,,,15/15/15,Keep for collection; transfer ordinary extras,Shadow cannot be traded
Clefable,36,clefable,Available in GO,"GL, UL",Clefable #93,0/13/15,Clefable #37,0/15/13,,,,,15/15/15,Keep strong PvP IVs or raid IV >90%; trade suboptimal tradable copies,
Clefairy,35,clefairy,Available in GO,"GL, UL",Clefable #93,0/13/15,Clefable #37,0/15/13,,,,,15/15/15,Keep strong PvP IVs or raid IV >90%; trade suboptimal tradable copies,
Cleffa,173,cleffa,Available in GO,"GL, UL",Clefable #93,0/13/15,Clefable #37,0/15/13,,,,,15/15/15,Keep strong PvP IVs or raid IV >90%; trade suboptimal tradable copies,
Clobbopus,852,clobbopus,Available in GO,Collection,,,,,,,,,15/15/15,Keep for collection; transfer ordinary extras,
Clodsire,980,clodsire,Available in GO,GL,Clodsire #17,0/14/13,,,,,,,15/15/15,Keep strong PvP IVs or raid IV >90%; trade suboptimal tradable copies,
Cloyster,91,cloyster,Available in GO,Collection,,,,,,,,,15/15/15,Keep for collection; transfer ordinary extras,
Cloyster (Shadow),91,cloyster_shadow,Available in GO,Collection,,,,,,,,,15/15/15,Keep for collection; transfer ordinary extras,Shadow cannot be traded
Coalossal,839,coalossal,Available in GO,Collection,,,,,,,,,15/15/15,Keep for collection; transfer ordinary extras,
Cobalion,638,cobalion,Available in GO,"UL, ML",,,Cobalion #94,0/14/15,Cobalion #117,15/15/15,,,15/15/15,Keep strong PvP IVs or raid IV >90%; trade suboptimal tradable copies,
Cofagrigus,563,cofagrigus,Available in GO,"GL, UL",Cofagrigus #146,0/11/14,Cofagrigus #85,10/15/15,,,,,15/15/15,Keep strong PvP IVs or raid IV >90%; trade suboptimal tradable copies,
Cofagrigus (Shadow),563,cofagrigus_shadow,Available in GO,"GL, UL",Cofagrigus (Shadow) #173,0/11/14,Cofagrigus (Shadow) #104,10/15/15,,,,,15/15/15,Keep strong PvP IVs or raid IV >90%; trade suboptimal tradable copies,Shadow cannot be traded
Combee,415,combee,Available in GO,Collection,,,,,,,,,15/15/15,Keep for collection; transfer ordinary extras,
Combusken,256,combusken,Available in GO,"UL, Raids",,,Blaziken #175,1/15/15,,,Blaziken (Mega) (raid top-10 listing),15/15/15,15/15/15,Keep strong PvP IVs or raid IV >90%; trade suboptimal tradable copies,
Combusken (Shadow),256,combusken_shadow,Available in GO,"UL, Raids",,,Blaziken (Shadow) #170,1/15/15,,,Blaziken (Shadow) (raid top-10 listing),15/15/15,15/15/15,Keep strong PvP IVs or raid IV >90%; trade suboptimal tradable copies,Shadow cannot be traded
Comfey,764,comfey,Available in GO,Collection,,,,,,,,,15/15/15,Keep for collection; transfer ordinary extras,
Conkeldurr,534,conkeldurr,Available in GO,"ML, Raids",,,,,Conkeldurr #110,15/15/15,Conkeldurr (Fighting backup),15/15/15,15/15/15,Keep strong PvP IVs or raid IV >90%; trade suboptimal tradable copies,
Conkeldurr (Shadow),534,conkeldurr_shadow,Available in GO,"ML, Raids",,,,,Conkeldurr (Shadow) #64,15/15/15,Conkeldurr (Shadow) (raid top-10 listing),15/15/15,15/15/15,Keep strong PvP IVs or raid IV >90%; trade suboptimal tradable copies,Shadow cannot be traded
Corphish,341,corphish,Available in GO,Collection,,,,,,,,,15/15/15,Keep for collection; transfer ordinary extras,
Corphish (Shadow),341,corphish_shadow,Available in GO,Collection,,,,,,,,,15/15/15,Keep for collection; transfer ordinary extras,Shadow cannot be traded
Corsola,222,corsola,Available in GO,Collection,,,,,,,,,15/15/15,Keep for collection; transfer ordinary extras,
Corsola (Galarian),222,corsola_galarian,Available in GO,GL,Corsola (Galarian) #8,0/15/14,,,,,,,15/15/15,Keep strong PvP IVs or raid IV >90%; trade suboptimal tradable copies,
Corviknight,823,corviknight,Available in GO,"GL, UL",Corviknight #7,0/13/14,Corviknight #2,0/15/15,,,,,15/15/15,Keep strong PvP IVs or raid IV >90%; trade suboptimal tradable copies,
Corviknight (Shadow),823,corviknight_shadow,Available in GO,"GL, UL",Corviknight (Shadow) #10,0/13/14,Corviknight (Shadow) #4,0/15/15,,,,,15/15/15,Keep strong PvP IVs or raid IV >90%; trade suboptimal tradable copies,Shadow cannot be traded
Corvisquire,822,corvisquire,Available in GO,"GL, UL",Corviknight #7,0/13/14,Corviknight #2,0/15/15,,,,,15/15/15,Keep strong PvP IVs or raid IV >90%; trade suboptimal tradable copies,
Corvisquire (Shadow),822,corvisquire_shadow,Available in GO,"GL, UL",Corviknight (Shadow) #10,0/13/14,Corviknight (Shadow) #4,0/15/15,,,,,15/15/15,Keep strong PvP IVs or raid IV >90%; trade suboptimal tradable copies,Shadow cannot be traded
Cottonee,546,cottonee,Available in GO,Collection,,,,,,,,,15/15/15,Keep for collection; transfer ordinary extras,
Crabominable,740,crabominable,Available in GO,Collection,,,,,,,,,15/15/15,Keep for collection; transfer ordinary extras,
Crabrawler,739,crabrawler,Available in GO,Collection,,,,,,,,,15/15/15,Keep for collection; transfer ordinary extras,
Cradily,346,cradily,Available in GO,"GL, UL",Cradily #66,0/15/15,Cradily #78,15/15/15,,,,,15/15/15,Keep strong PvP IVs or raid IV >90%; trade suboptimal tradable copies,
Cradily (Shadow),346,cradily_shadow,Available in GO,UL,,,Cradily (Shadow) #53,15/15/15,,,,,15/15/15,Keep strong PvP IVs or raid IV >90%; trade suboptimal tradable copies,Shadow cannot be traded
Cramorant,845,cramorant,Available in GO,"GL, UL",Cramorant #4,0/14/11,Cramorant #18,15/15/15,,,,,15/15/15,Keep strong PvP IVs or raid IV >90%; trade suboptimal tradable copies,
Cranidos,408,cranidos,Available in GO,Raids,,,,,,,Rampardos (Rock backup),15/15/15,15/15/15,Keep strong PvP IVs or raid IV >90%; trade suboptimal tradable copies,
Cranidos (Shadow),408,cranidos_shadow,Available in GO,Raids,,,,,,,Rampardos (Shadow) (raid top-10 listing),15/15/15,15/15/15,Keep strong PvP IVs or raid IV >90%; trade suboptimal tradable copies,Shadow cannot be traded
Crawdaunt,342,crawdaunt,Available in GO,Collection,,,,,,,,,15/15/15,Keep for collection; transfer ordinary extras,
Crawdaunt (Shadow),342,crawdaunt_shadow,Available in GO,Collection,,,,,,,,,15/15/15,Keep for collection; transfer ordinary extras,Shadow cannot be traded
Cresselia,488,cresselia,Available in GO,"GL, UL, ML",Cresselia #123,2/15/13,Cresselia #35,0/13/15,Cresselia #135,15/15/15,,,15/15/15,Keep strong PvP IVs or raid IV >90%; trade suboptimal tradable copies,
Cresselia (Shadow),488,cresselia_shadow,Available in GO,UL,,,Cresselia (Shadow) #46,0/13/15,,,,,15/15/15,Keep strong PvP IVs or raid IV >90%; trade suboptimal tradable copies,Shadow cannot be traded
Croagunk,453,croagunk,Available in GO,Collection,,,,,,,,,15/15/15,Keep for collection; transfer ordinary extras,
Croagunk (Shadow),453,croagunk_shadow,Available in GO,Collection,,,,,,,,,15/15/15,Keep for collection; transfer ordinary extras,Shadow cannot be traded
Crobat,169,crobat,Available in GO,Collection,,,,,,,,,15/15/15,Keep for collection; transfer ordinary extras,
Crobat (Shadow),169,crobat_shadow,Available in GO,Collection,,,,,,,,,15/15/15,Keep for collection; transfer ordinary extras,Shadow cannot be traded
Crocalor,910,crocalor,Available in GO,"UL, ML",,,Skeledirge #20,0/15/15,Skeledirge #134,15/15/15,,,15/15/15,Keep strong PvP IVs or raid IV >90%; trade suboptimal tradable copies,
Croconaw,159,croconaw,Available in GO,"GL, UL, ML, Raids",Feraligatr #30,0/11/13,Feraligatr #15,1/15/14,Feraligatr #166,15/15/15,Feraligatr (Water backup),15/15/15,15/15/15,Keep strong PvP IVs or raid IV >90%; trade suboptimal tradable copies,
Croconaw (Shadow),159,croconaw_shadow,Available in GO,"GL, UL, ML, Raids",Feraligatr (Shadow) #60,0/11/13,Feraligatr (Shadow) #14,1/15/14,Feraligatr (Shadow) #164,15/15/15,Feraligatr (Shadow) (Water backup),15/15/15,15/15/15,Keep strong PvP IVs or raid IV >90%; trade suboptimal tradable copies,Shadow cannot be traded
Crustle,558,crustle,Available in GO,"GL, UL",Crustle #143,0/13/13,Crustle #105,0/14/15,,,,,15/15/15,Keep strong PvP IVs or raid IV >90%; trade suboptimal tradable copies,
Crustle (Shadow),558,crustle_shadow,Available in GO,UL,,,Crustle (Shadow) #155,0/14/15,,,,,15/15/15,Keep strong PvP IVs or raid IV >90%; trade suboptimal tradable copies,Shadow cannot be traded
Cryogonal,615,cryogonal,Available in GO,Collection,,,,,,,,,15/15/15,Keep for collection; transfer ordinary extras,
Cubchoo,613,cubchoo,Available in GO,Collection,,,,,,,,,15/15/15,Keep for collection; transfer ordinary extras,
Cubone,104,cubone,Available in GO,GL,Marowak #19,0/14/14,,,,,,,15/15/15,Keep strong PvP IVs or raid IV >90%; trade suboptimal tradable copies,
Cubone (Shadow),104,cubone_shadow,Available in GO,GL,Marowak (Shadow) #77,0/14/14,,,,,,,15/15/15,Keep strong PvP IVs or raid IV >90%; trade suboptimal tradable copies,Shadow cannot be traded
Cursola,864,cursola,Available in GO,Collection,,,,,,,,,15/15/15,Keep for collection; transfer ordinary extras,
Cutiefly,742,cutiefly,Available in GO,Collection,,,,,,,,,15/15/15,Keep for collection; transfer ordinary extras,
Cyndaquil,155,cyndaquil,Available in GO,Raids,,,,,,,Typhlosion (Fire backup),15/15/15,15/15/15,Keep strong PvP IVs or raid IV >90%; trade suboptimal tradable copies,
Cyndaquil (Shadow),155,cyndaquil_shadow,Available in GO,"UL, Raids",,,Typhlosion (Shadow) #197,0/13/15,,,Typhlosion (Shadow) (Fire backup),15/15/15,15/15/15,Keep strong PvP IVs or raid IV >90%; trade suboptimal tradable copies,Shadow cannot be traded
Dachsbun,927,dachsbun,Available in GO,Collection,,,,,,,,,15/15/15,Keep for collection; transfer ordinary extras,
Darkrai,491,darkrai,Available in GO,"ML, Raids",,,,,Darkrai #132,15/15/15,Darkrai (raid top-10 listing),15/15/15,15/15/15,Keep strong PvP IVs or raid IV >90%; trade suboptimal tradable copies,
Darkrai (Shadow),491,darkrai_shadow,Available in GO,"ML, Raids",,,,,Darkrai (Shadow) #77,15/15/15,Darkrai (Shadow) (raid top-10 listing),15/15/15,15/15/15,Keep strong PvP IVs or raid IV >90%; trade suboptimal tradable copies,Shadow cannot be traded
Darmanitan (Galarian),555,darmanitan_galarian_standard,Available in GO,Collection,,,,,,,,,15/15/15,Keep for collection; transfer ordinary extras,
Darmanitan (Standard),555,darmanitan_standard,Available in GO,Collection,,,,,,,,,15/15/15,Keep for collection; transfer ordinary extras,
Darmanitan (Standard) (Shadow),555,darmanitan_standard_shadow,Available in GO,Collection,,,,,,,,,15/15/15,Keep for collection; transfer ordinary extras,Shadow cannot be traded
Dartrix,723,dartrix,Available in GO,"GL, Raids",Dartrix #187,0/15/14,,,,,Decidueye (Grass backup),15/15/15,15/15/15,Keep strong PvP IVs or raid IV >90%; trade suboptimal tradable copies,
Darumaka,554,darumaka,Available in GO,Collection,,,,,,,,,15/15/15,Keep for collection; transfer ordinary extras,
Darumaka (Galarian),554,darumaka_galarian,Available in GO,Collection,,,,,,,,,15/15/15,Keep for collection; transfer ordinary extras,
Darumaka (Shadow),554,darumaka_shadow,Available in GO,Collection,,,,,,,,,15/15/15,Keep for collection; transfer ordinary extras,Shadow cannot be traded
Decidueye,724,decidueye,Available in GO,Raids,,,,,,,Decidueye (Grass backup),15/15/15,15/15/15,Keep strong PvP IVs or raid IV >90%; trade suboptimal tradable copies,
Decidueye (Hisuian),724,decidueye_hisuian,Available in GO,Collection,,,,,,,,,15/15/15,Keep for collection; transfer ordinary extras,
Dedenne,702,dedenne,Available in GO,Collection,,,,,,,,,15/15/15,Keep for collection; transfer ordinary extras,
Deerling,585,deerling,Available in GO,Collection,,,,,,,,,15/15/15,Keep for collection; transfer ordinary extras,
Deino,633,deino,Available in GO,"GL, UL, ML, Raids",Hydreigon #103,0/15/10,Hydreigon #199,0/15/15,Hydreigon #80,15/15/15,Hydreigon (Dark backup),15/15/15,15/15/15,Keep strong PvP IVs or raid IV >90%; trade suboptimal tradable copies,
Deino (Shadow),633,deino_shadow,Available in GO,"GL, UL, ML, Raids",Hydreigon (Shadow) #56,0/15/10,Hydreigon (Shadow) #126,0/15/15,Hydreigon (Shadow) #53,15/15/15,Hydreigon (Shadow) (raid top-10 listing),15/15/15,15/15/15,Keep strong PvP IVs or raid IV >90%; trade suboptimal tradable copies,Shadow cannot be traded
Delcatty,301,delcatty,Available in GO,Collection,,,,,,,,,15/15/15,Keep for collection; transfer ordinary extras,
Delibird,225,delibird,Available in GO,Collection,,,,,,,,,15/15/15,Keep for collection; transfer ordinary extras,
Delibird (Shadow),225,delibird_shadow,Available in GO,Collection,,,,,,,,,15/15/15,Keep for collection; transfer ordinary extras,Shadow cannot be traded
Delphox,655,delphox,Available in GO,"ML, Raids",,,,,Delphox #148,15/15/15,Delphox (Mega) (raid top-10 listing),15/15/15,15/15/15,Keep strong PvP IVs or raid IV >90%; trade suboptimal tradable copies,
Delphox (Mega),655,delphox_mega,Available in GO,Raids,,,,,,,Delphox (Mega) (raid top-10 listing),15/15/15,15/15/15,Keep strong PvP IVs or raid IV >90%; trade suboptimal tradable copies,Mega form uses the base Pokémon’s IVs
Delphox (Shadow),655,delphox_shadow,Available in GO,ML,,,,,Delphox (Shadow) #144,15/15/15,,,15/15/15,Keep strong PvP IVs or raid IV >90%; trade suboptimal tradable copies,Shadow cannot be traded
Deoxys,386,deoxys,Available in GO,Collection,,,,,,,,,15/15/15,Keep for collection; transfer ordinary extras,
Deoxys (Attack),386,deoxys_attack,Available in GO,Collection,,,,,,,,,15/15/15,Keep for collection; transfer ordinary extras,
Deoxys (Defense),386,deoxys_defense,Available in GO,"GL, UL",Deoxys (Defense) #33,0/15/15,Deoxys (Defense) #42,12/13/15,,,,,15/15/15,Keep strong PvP IVs or raid IV >90%; trade suboptimal tradable copies,
Deoxys (Speed),386,deoxys_speed,Available in GO,Collection,,,,,,,,,15/15/15,Keep for collection; transfer ordinary extras,
Dewgong,87,dewgong,Available in GO,GL,Dewgong #69,0/12/15,,,,,,,15/15/15,Keep strong PvP IVs or raid IV >90%; trade suboptimal tradable copies,
Dewgong (Shadow),87,dewgong_shadow,Available in GO,Collection,,,,,,,,,15/15/15,Keep for collection; transfer ordinary extras,Shadow cannot be traded
Dewott,502,dewott,Available in GO,"GL, UL, Raids",Samurott #105,0/14/14,Samurott #65,1/15/15,,,Samurott (Water backup),15/15/15,15/15/15,Keep strong PvP IVs or raid IV >90%; trade suboptimal tradable copies,
Dewott (Shadow),502,dewott_shadow,Available in GO,"UL, Raids",,,Samurott (Shadow) #99,1/15/15,,,Samurott (Shadow) (Water backup),15/15/15,15/15/15,Keep strong PvP IVs or raid IV >90%; trade suboptimal tradable copies,Shadow cannot be traded
Dewpider,751,dewpider,Available in GO,GL,Araquanid #16,0/10/15,,,,,,,15/15/15,Keep strong PvP IVs or raid IV >90%; trade suboptimal tradable copies,
Dewpider (Shadow),751,dewpider_shadow,Available in GO,GL,Araquanid (Shadow) #29,0/10/15,,,,,,,15/15/15,Keep strong PvP IVs or raid IV >90%; trade suboptimal tradable copies,Shadow cannot be traded
Dhelmise,781,dhelmise,Available in GO,ML,,,,,Dhelmise #184,15/15/15,,,15/15/15,Keep strong PvP IVs or raid IV >90%; trade suboptimal tradable copies,
Dialga,483,dialga,Available in GO,ML,,,,,Dialga #44,15/15/15,,,15/15/15,Keep strong PvP IVs or raid IV >90%; trade suboptimal tradable copies,
Dialga (Origin),483,dialga_origin,Available in GO,ML,,,,,Dialga (Origin) #8,15/15/15,,,15/15/15,Keep strong PvP IVs or raid IV >90%; trade suboptimal tradable copies,
Dialga (Shadow),483,dialga_shadow,Available in GO,"ML, Raids",,,,,Dialga (Shadow) #42,15/15/15,Dialga (Shadow) (raid top-10 listing),15/15/15,15/15/15,Keep strong PvP IVs or raid IV >90%; trade suboptimal tradable copies,Shadow cannot be traded
Diancie,719,diancie,Available in GO,Raids,,,,,,,Diancie (Mega) (raid top-10 listing),15/15/15,15/15/15,Keep strong PvP IVs or raid IV >90%; trade suboptimal tradable copies,
Diancie (Mega),719,diancie_mega,Available in GO,Raids,,,,,,,Diancie (Mega) (raid top-10 listing),15/15/15,15/15/15,Keep strong PvP IVs or raid IV >90%; trade suboptimal tradable copies,Mega form uses the base Pokémon’s IVs
Diggersby,660,diggersby,Available in GO,GL,Diggersby #59,0/15/13,,,,,,,15/15/15,Keep strong PvP IVs or raid IV >90%; trade suboptimal tradable copies,
Diggersby (Shadow),660,diggersby_shadow,Available in GO,Collection,,,,,,,,,15/15/15,Keep for collection; transfer ordinary extras,Shadow cannot be traded
Diglett,50,diglett,Available in GO,Collection,,,,,,,,,15/15/15,Keep for collection; transfer ordinary extras,
Diglett (Alolan),50,diglett_alolan,Available in GO,Collection,,,,,,,,,15/15/15,Keep for collection; transfer ordinary extras,
Diglett (Alolan) (Shadow),50,diglett_alolan_shadow,Available in GO,Collection,,,,,,,,,15/15/15,Keep for collection; transfer ordinary extras,Shadow cannot be traded
Diglett (Shadow),50,diglett_shadow,Available in GO,Collection,,,,,,,,,15/15/15,Keep for collection; transfer ordinary extras,Shadow cannot be traded
Dipplin,1011,dipplin,Available in GO,Collection,,,,,,,,,15/15/15,Keep for collection; transfer ordinary extras,
Ditto,132,ditto,GO species; excluded from PvPoke ranking,Collection,,,,,,,,,15/15/15,Keep for collection; transfer ordinary extras,
Dodrio,85,dodrio,Available in GO,UL,,,Dodrio #146,0/15/14,,,,,15/15/15,Keep strong PvP IVs or raid IV >90%; trade suboptimal tradable copies,
Doduo,84,doduo,Available in GO,UL,,,Dodrio #146,0/15/14,,,,,15/15/15,Keep strong PvP IVs or raid IV >90%; trade suboptimal tradable copies,
Dolliv,929,dolliv,Available in GO,Collection,,,,,,,,,15/15/15,Keep for collection; transfer ordinary extras,
Dondozo,977,dondozo,Available in GO,"GL, UL, ML",Dondozo #49,0/15/15,Dondozo #26,0/14/15,Dondozo #107,15/15/15,,,15/15/15,Keep strong PvP IVs or raid IV >90%; trade suboptimal tradable copies,
Donphan,232,donphan,Available in GO,Collection,,,,,,,,,15/15/15,Keep for collection; transfer ordinary extras,
Donphan (Shadow),232,donphan_shadow,Available in GO,Collection,,,,,,,,,15/15/15,Keep for collection; transfer ordinary extras,Shadow cannot be traded
Dottler,825,dottler,Available in GO,Collection,,,,,,,,,15/15/15,Keep for collection; transfer ordinary extras,
Doublade,680,doublade,Available in GO,"GL, UL",Doublade #74,0/11/14,Doublade #95,0/14/14,,,,,15/15/15,Keep strong PvP IVs or raid IV >90%; trade suboptimal tradable copies,
Dragalge,691,dragalge,Available in GO,"GL, UL",Dragalge #151,0/15/13,Dragalge #129,1/15/15,,,,,15/15/15,Keep strong PvP IVs or raid IV >90%; trade suboptimal tradable copies,
Dragapult,887,dragapult,Available in GO,Collection,,,,,,,,,15/15/15,Keep for collection; transfer ordinary extras,
Dragonair,148,dragonair,Available in GO,"GL, ML, Raids",Dragonair #85,1/15/15,,,Dragonite #66,15/15/15,Dragonite (Mega) (raid top-10 listing),15/15/15,15/15/15,Keep strong PvP IVs or raid IV >90%; trade suboptimal tradable copies,
Dragonair (Shadow),148,dragonair_shadow,Available in GO,"GL, ML, Raids",Dragonair (Shadow) #67,1/15/15,,,Dragonite (Shadow) #48,15/15/15,Dragonite (Shadow) (Dragon backup),15/15/15,15/15/15,Keep strong PvP IVs or raid IV >90%; trade suboptimal tradable copies,Shadow cannot be traded
Dragonite,149,dragonite,Available in GO,"ML, Raids",,,,,Dragonite #66,15/15/15,Dragonite (Mega) (raid top-10 listing),15/15/15,15/15/15,Keep strong PvP IVs or raid IV >90%; trade suboptimal tradable copies,
Dragonite (Mega),149,dragonite_mega,Available in GO,Raids,,,,,,,Dragonite (Mega) (raid top-10 listing),15/15/15,15/15/15,Keep strong PvP IVs or raid IV >90%; trade suboptimal tradable copies,Mega form uses the base Pokémon’s IVs
Dragonite (Shadow),149,dragonite_shadow,Available in GO,"GL, ML, Raids",Dragonite (Shadow) #190,3/15/14,,,Dragonite (Shadow) #48,15/15/15,Dragonite (Shadow) (Dragon backup),15/15/15,15/15/15,Keep strong PvP IVs or raid IV >90%; trade suboptimal tradable copies,Shadow cannot be traded
Drakloak,886,drakloak,Available in GO,Collection,,,,,,,,,15/15/15,Keep for collection; transfer ordinary extras,
Drampa,780,drampa,Available in GO,Collection,,,,,,,,,15/15/15,Keep for collection; transfer ordinary extras,
Drapion,452,drapion,Available in GO,"GL, UL",Drapion #115,2/15/14,Drapion #90,0/15/15,,,,,15/15/15,Keep strong PvP IVs or raid IV >90%; trade suboptimal tradable copies,
Drapion (Shadow),452,drapion_shadow,Available in GO,"GL, UL",Drapion (Shadow) #99,2/15/14,Drapion (Shadow) #140,0/15/15,,,,,15/15/15,Keep strong PvP IVs or raid IV >90%; trade suboptimal tradable copies,Shadow cannot be traded
Dratini,147,dratini,Available in GO,"GL, ML, Raids",Dragonair #85,1/15/15,,,Dragonite #66,15/15/15,Dragonite (Mega) (raid top-10 listing),15/15/15,15/15/15,Keep strong PvP IVs or raid IV >90%; trade suboptimal tradable copies,
Dratini (Shadow),147,dratini_shadow,Available in GO,"GL, ML, Raids",Dragonair (Shadow) #67,1/15/15,,,Dragonite (Shadow) #48,15/15/15,Dragonite (Shadow) (Dragon backup),15/15/15,15/15/15,Keep strong PvP IVs or raid IV >90%; trade suboptimal tradable copies,Shadow cannot be traded
Dreepy,885,dreepy,Available in GO,Collection,,,,,,,,,15/15/15,Keep for collection; transfer ordinary extras,
Drifblim,426,drifblim,Available in GO,UL,,,Drifblim #137,1/15/15,,,,,15/15/15,Keep strong PvP IVs or raid IV >90%; trade suboptimal tradable copies,
Drifblim (Shadow),426,drifblim_shadow,Available in GO,Collection,,,,,,,,,15/15/15,Keep for collection; transfer ordinary extras,Shadow cannot be traded
Drifloon,425,drifloon,Available in GO,UL,,,Drifblim #137,1/15/15,,,,,15/15/15,Keep strong PvP IVs or raid IV >90%; trade suboptimal tradable copies,
Drifloon (Shadow),425,drifloon_shadow,Available in GO,Collection,,,,,,,,,15/15/15,Keep for collection; transfer ordinary extras,Shadow cannot be traded
Drilbur,529,drilbur,Available in GO,"ML, Raids",,,,,Excadrill #162,15/15/15,Excadrill (Ground backup),15/15/15,15/15/15,Keep strong PvP IVs or raid IV >90%; trade suboptimal tradable copies,
Drilbur (Shadow),529,drilbur_shadow,Available in GO,"ML, Raids",,,,,Excadrill (Shadow) #155,15/15/15,Excadrill (Shadow) (raid top-10 listing),15/15/15,15/15/15,Keep strong PvP IVs or raid IV >90%; trade suboptimal tradable copies,Shadow cannot be traded
Drizzile,817,drizzile,Available in GO,Raids,,,,,,,Inteleon (Water backup),15/15/15,15/15/15,Keep strong PvP IVs or raid IV >90%; trade suboptimal tradable copies,
Drowzee,96,drowzee,Available in GO,Collection,,,,,,,,,15/15/15,Keep for collection; transfer ordinary extras,
Drowzee (Shadow),96,drowzee_shadow,Available in GO,Collection,,,,,,,,,15/15/15,Keep for collection; transfer ordinary extras,Shadow cannot be traded
Druddigon,621,druddigon,Available in GO,Collection,,,,,,,,,15/15/15,Keep for collection; transfer ordinary extras,
Dubwool,832,dubwool,Available in GO,GL,Dubwool #161,1/15/15,,,,,,,15/15/15,Keep strong PvP IVs or raid IV >90%; trade suboptimal tradable copies,
Ducklett,580,ducklett,Available in GO,Collection,,,,,,,,,15/15/15,Keep for collection; transfer ordinary extras,
Ducklett (Shadow),580,ducklett_shadow,Available in GO,Collection,,,,,,,,,15/15/15,Keep for collection; transfer ordinary extras,Shadow cannot be traded
Dudunsparce,982,dudunsparce,Available in GO,UL,,,Dudunsparce #159,0/15/14,,,,,15/15/15,Keep strong PvP IVs or raid IV >90%; trade suboptimal tradable copies,
Dugtrio,51,dugtrio,Available in GO,Collection,,,,,,,,,15/15/15,Keep for collection; transfer ordinary extras,
Dugtrio (Alolan),51,dugtrio_alolan,Available in GO,Collection,,,,,,,,,15/15/15,Keep for collection; transfer ordinary extras,
Dugtrio (Alolan) (Shadow),51,dugtrio_alolan_shadow,Available in GO,Collection,,,,,,,,,15/15/15,Keep for collection; transfer ordinary extras,Shadow cannot be traded
Dugtrio (Shadow),51,dugtrio_shadow,Available in GO,Collection,,,,,,,,,15/15/15,Keep for collection; transfer ordinary extras,Shadow cannot be traded
Dunsparce,206,dunsparce,Available in GO,"GL, UL",Dunsparce #82,0/14/12,Dudunsparce #159,0/15/14,,,,,15/15/15,Keep strong PvP IVs or raid IV >90%; trade suboptimal tradable copies,
Duosion,578,duosion,Available in GO,Collection,,,,,,,,,15/15/15,Keep for collection; transfer ordinary extras,
Duosion (Shadow),578,duosion_shadow,Available in GO,Collection,,,,,,,,,15/15/15,Keep for collection; transfer ordinary extras,Shadow cannot be traded
Duraludon,884,duraludon,Available in GO,Collection,,,,,,,,,15/15/15,Keep for collection; transfer ordinary extras,
Durant,632,durant,Available in GO,Collection,,,,,,,,,15/15/15,Keep for collection; transfer ordinary extras,
Dusclops,356,dusclops,Available in GO,"GL, UL",Dusclops #76,0/11/15,Dusknoir #24,0/15/15,,,,,15/15/15,Keep strong PvP IVs or raid IV >90%; trade suboptimal tradable copies,
Dusclops (Shadow),356,dusclops_shadow,Available in GO,"GL, UL",Dusclops (Shadow) #70,0/11/15,Dusknoir (Shadow) #27,0/15/15,,,,,15/15/15,Keep strong PvP IVs or raid IV >90%; trade suboptimal tradable copies,Shadow cannot be traded
Dusknoir,477,dusknoir,Available in GO,"GL, UL",Dusknoir #94,0/14/13,Dusknoir #24,0/15/15,,,,,15/15/15,Keep strong PvP IVs or raid IV >90%; trade suboptimal tradable copies,
Dusknoir (Shadow),477,dusknoir_shadow,Available in GO,"GL, UL",Dusknoir (Shadow) #75,0/14/13,Dusknoir (Shadow) #27,0/15/15,,,,,15/15/15,Keep strong PvP IVs or raid IV >90%; trade suboptimal tradable copies,Shadow cannot be traded
Duskull,355,duskull,Available in GO,"GL, UL",Dusclops #76,0/11/15,Dusknoir #24,0/15/15,,,,,15/15/15,Keep strong PvP IVs or raid IV >90%; trade suboptimal tradable copies,
Duskull (Shadow),355,duskull_shadow,Available in GO,"GL, UL",Dusclops (Shadow) #70,0/11/15,Dusknoir (Shadow) #27,0/15/15,,,,,15/15/15,Keep strong PvP IVs or raid IV >90%; trade suboptimal tradable copies,Shadow cannot be traded
Dustox,269,dustox,Available in GO,Collection,,,,,,,,,15/15/15,Keep for collection; transfer ordinary extras,
Dwebble,557,dwebble,Available in GO,"GL, UL",Crustle #143,0/13/13,Crustle #105,0/14/15,,,,,15/15/15,Keep strong PvP IVs or raid IV >90%; trade suboptimal tradable copies,
Dwebble (Shadow),557,dwebble_shadow,Available in GO,UL,,,Crustle (Shadow) #155,0/14/15,,,,,15/15/15,Keep strong PvP IVs or raid IV >90%; trade suboptimal tradable copies,Shadow cannot be traded
Eelektrik,603,eelektrik,Available in GO,Collection,,,,,,,,,15/15/15,Keep for collection; transfer ordinary extras,
Eelektross,604,eelektross,Available in GO,Collection,,,,,,,,,15/15/15,Keep for collection; transfer ordinary extras,
Eevee,133,eevee,Available in GO,"GL, UL, ML, Raids",Umbreon #28,0/15/14,Sylveon #102,0/13/15,Sylveon #67,15/15/15,Glaceon (Ice backup),15/15/15,15/15/15,Keep strong PvP IVs or raid IV >90%; trade suboptimal tradable copies,
Ekans,23,ekans,Available in GO,Collection,,,,,,,,,15/15/15,Keep for collection; transfer ordinary extras,
Ekans (Shadow),23,ekans_shadow,Available in GO,Collection,,,,,,,,,15/15/15,Keep for collection; transfer ordinary extras,Shadow cannot be traded
Eldegoss,830,eldegoss,Available in GO,Collection,,,,,,,,,15/15/15,Keep for collection; transfer ordinary extras,
Electabuzz,125,electabuzz,Available in GO,"UL, Raids",,,Electivire #178,1/15/15,,,Electivire (Electric backup),15/15/15,15/15/15,Keep strong PvP IVs or raid IV >90%; trade suboptimal tradable copies,
Electabuzz (Shadow),125,electabuzz_shadow,Available in GO,"UL, ML, Raids",,,Electivire (Shadow) #192,1/15/15,Electivire (Shadow) #195,15/15/15,Electivire (Shadow) (Electric backup),15/15/15,15/15/15,Keep strong PvP IVs or raid IV >90%; trade suboptimal tradable copies,Shadow cannot be traded
Electivire,466,electivire,Available in GO,"UL, Raids",,,Electivire #178,1/15/15,,,Electivire (Electric backup),15/15/15,15/15/15,Keep strong PvP IVs or raid IV >90%; trade suboptimal tradable copies,
Electivire (Shadow),466,electivire_shadow,Available in GO,"UL, ML, Raids",,,Electivire (Shadow) #192,1/15/15,Electivire (Shadow) #195,15/15/15,Electivire (Shadow) (Electric backup),15/15/15,15/15/15,Keep strong PvP IVs or raid IV >90%; trade suboptimal tradable copies,Shadow cannot be traded
Electrike,309,electrike,Available in GO,Raids,,,,,,,Manectric (Mega) (raid top-10 listing),15/15/15,15/15/15,Keep strong PvP IVs or raid IV >90%; trade suboptimal tradable copies,
Electrike (Shadow),309,electrike_shadow,Available in GO,Collection,,,,,,,,,15/15/15,Keep for collection; transfer ordinary extras,Shadow cannot be traded
Electrode,101,electrode,Available in GO,Collection,,,,,,,,,15/15/15,Keep for collection; transfer ordinary extras,
Electrode (Hisuian),101,electrode_hisuian,Available in GO,"GL, UL",Electrode (Hisuian) #34,1/14/14,Electrode (Hisuian) #161,15/15/15,,,,,15/15/15,Keep strong PvP IVs or raid IV >90%; trade suboptimal tradable copies,
Electrode (Shadow),101,electrode_shadow,Available in GO,Collection,,,,,,,,,15/15/15,Keep for collection; transfer ordinary extras,Shadow cannot be traded
Elekid,239,elekid,Available in GO,"UL, Raids",,,Electivire #178,1/15/15,,,Electivire (Electric backup),15/15/15,15/15/15,Keep strong PvP IVs or raid IV >90%; trade suboptimal tradable copies,
Elgyem,605,elgyem,Available in GO,Collection,,,,,,,,,15/15/15,Keep for collection; transfer ordinary extras,
Emboar,500,emboar,Available in GO,Collection,,,,,,,,,15/15/15,Keep for collection; transfer ordinary extras,
Emboar (Shadow),500,emboar_shadow,Available in GO,Collection,,,,,,,,,15/15/15,Keep for collection; transfer ordinary extras,Shadow cannot be traded
Emolga,587,emolga,Available in GO,GL,Emolga #152,0/13/15,,,,,,,15/15/15,Keep strong PvP IVs or raid IV >90%; trade suboptimal tradable copies,
Empoleon,395,empoleon,Available in GO,"GL, UL, ML, Raids",Empoleon #23,0/13/15,Empoleon #8,1/15/14,Empoleon #189,15/15/15,Empoleon (Water backup),15/15/15,15/15/15,Keep strong PvP IVs or raid IV >90%; trade suboptimal tradable copies,
Empoleon (Shadow),395,empoleon_shadow,Available in GO,"GL, UL, ML, Raids",Empoleon (Shadow) #24,0/13/15,Empoleon (Shadow) #9,1/15/14,Empoleon (Shadow) #194,15/15/15,Empoleon (Shadow) (Water backup),15/15/15,15/15/15,Keep strong PvP IVs or raid IV >90%; trade suboptimal tradable copies,Shadow cannot be traded
Enamorus (Incarnate),905,enamorus_incarnate,Available in GO,ML,,,,,Enamorus (Incarnate) #127,15/15/15,,,15/15/15,Keep strong PvP IVs or raid IV >90%; trade suboptimal tradable copies,
Enamorus (Therian),905,enamorus_therian,Available in GO,ML,,,,,Enamorus (Therian) #60,15/15/15,,,15/15/15,Keep strong PvP IVs or raid IV >90%; trade suboptimal tradable copies,
Entei,244,entei,Available in GO,ML,,,,,Entei #161,15/15/15,,,15/15/15,Keep strong PvP IVs or raid IV >90%; trade suboptimal tradable copies,
Entei (Shadow),244,entei_shadow,Available in GO,ML,,,,,Entei (Shadow) #186,15/15/15,,,15/15/15,Keep strong PvP IVs or raid IV >90%; trade suboptimal tradable copies,Shadow cannot be traded
Escavalier,589,escavalier,Available in GO,Collection,,,,,,,,,15/15/15,Keep for collection; transfer ordinary extras,
Escavalier (Shadow),589,escavalier_shadow,Available in GO,Raids,,,,,,,Escavalier (Shadow) (raid top-10 listing),15/15/15,15/15/15,Keep strong PvP IVs or raid IV >90%; trade suboptimal tradable copies,Shadow cannot be traded
Espathra,956,espathra,Available in GO,Collection,,,,,,,,,15/15/15,Keep for collection; transfer ordinary extras,
Espeon,196,espeon,Available in GO,Raids,,,,,,,Espeon (Psychic backup),15/15/15,15/15/15,Keep strong PvP IVs or raid IV >90%; trade suboptimal tradable copies,
Espurr,677,espurr,Available in GO,Collection,,,,,,,,,15/15/15,Keep for collection; transfer ordinary extras,
Eternatus,890,eternatus,Available in GO,"ML, Raids",,,,,Eternatus #11,15/15/15,Eternatus (raid top-10 listing),15/15/15,15/15/15,Keep strong PvP IVs or raid IV >90%; trade suboptimal tradable copies,
Excadrill,530,excadrill,Available in GO,"ML, Raids",,,,,Excadrill #162,15/15/15,Excadrill (Ground backup),15/15/15,15/15/15,Keep strong PvP IVs or raid IV >90%; trade suboptimal tradable copies,
Excadrill (Shadow),530,excadrill_shadow,Available in GO,"ML, Raids",,,,,Excadrill (Shadow) #155,15/15/15,Excadrill (Shadow) (raid top-10 listing),15/15/15,15/15/15,Keep strong PvP IVs or raid IV >90%; trade suboptimal tradable copies,Shadow cannot be traded
Exeggcute,102,exeggcute,Available in GO,Collection,,,,,,,,,15/15/15,Keep for collection; transfer ordinary extras,
Exeggcute (Shadow),102,exeggcute_shadow,Available in GO,Collection,,,,,,,,,15/15/15,Keep for collection; transfer ordinary extras,Shadow cannot be traded
Exeggutor,103,exeggutor,Available in GO,Collection,,,,,,,,,15/15/15,Keep for collection; transfer ordinary extras,
Exeggutor (Alolan),103,exeggutor_alolan,Available in GO,Collection,,,,,,,,,15/15/15,Keep for collection; transfer ordinary extras,
Exeggutor (Alolan) (Shadow),103,exeggutor_alolan_shadow,Available in GO,Collection,,,,,,,,,15/15/15,Keep for collection; transfer ordinary extras,Shadow cannot be traded
Exeggutor (Shadow),103,exeggutor_shadow,Available in GO,Collection,,,,,,,,,15/15/15,Keep for collection; transfer ordinary extras,Shadow cannot be traded
Exploud,295,exploud,Available in GO,Collection,,,,,,,,,15/15/15,Keep for collection; transfer ordinary extras,
Exploud (Shadow),295,exploud_shadow,Available in GO,Collection,,,,,,,,,15/15/15,Keep for collection; transfer ordinary extras,Shadow cannot be traded
Falinks,870,falinks,Available in GO,Raids,,,,,,,Falinks (Mega) (raid top-10 listing),15/15/15,15/15/15,Keep strong PvP IVs or raid IV >90%; trade suboptimal tradable copies,
Falinks (Mega),870,falinks_mega,Available in GO,Raids,,,,,,,Falinks (Mega) (raid top-10 listing),15/15/15,15/15/15,Keep strong PvP IVs or raid IV >90%; trade suboptimal tradable copies,Mega form uses the base Pokémon’s IVs
Farfetch'd,83,farfetchd,Available in GO,Collection,,,,,,,,,15/15/15,Keep for collection; transfer ordinary extras,
Farfetch'd (Galarian),83,farfetchd_galarian,Available in GO,Collection,,,,,,,,,15/15/15,Keep for collection; transfer ordinary extras,
Fearow,22,fearow,Available in GO,GL,Fearow #25,0/15/14,,,,,,,15/15/15,Keep strong PvP IVs or raid IV >90%; trade suboptimal tradable copies,
Feebas,349,feebas,Available in GO,"GL, UL, ML",Milotic #126,0/15/11,Milotic #71,0/13/15,Milotic #143,15/15/15,,,15/15/15,Keep strong PvP IVs or raid IV >90%; trade suboptimal tradable copies,
Feebas (Shadow),349,feebas_shadow,Available in GO,"GL, UL, ML",Milotic (Shadow) #145,0/15/11,Milotic (Shadow) #50,0/13/15,Milotic (Shadow) #157,15/15/15,,,15/15/15,Keep strong PvP IVs or raid IV >90%; trade suboptimal tradable copies,Shadow cannot be traded
Fennekin,653,fennekin,Available in GO,"ML, Raids",,,,,Delphox #148,15/15/15,Delphox (Mega) (raid top-10 listing),15/15/15,15/15/15,Keep strong PvP IVs or raid IV >90%; trade suboptimal tradable copies,
Fennekin (Shadow),653,fennekin_shadow,Available in GO,ML,,,,,Delphox (Shadow) #144,15/15/15,,,15/15/15,Keep strong PvP IVs or raid IV >90%; trade suboptimal tradable copies,Shadow cannot be traded
Feraligatr,160,feraligatr,Available in GO,"GL, UL, ML, Raids",Feraligatr #30,0/11/13,Feraligatr #15,1/15/14,Feraligatr #166,15/15/15,Feraligatr (Water backup),15/15/15,15/15/15,Keep strong PvP IVs or raid IV >90%; trade suboptimal tradable copies,
Feraligatr (Shadow),160,feraligatr_shadow,Available in GO,"GL, UL, ML, Raids",Feraligatr (Shadow) #60,0/11/13,Feraligatr (Shadow) #14,1/15/14,Feraligatr (Shadow) #164,15/15/15,Feraligatr (Shadow) (Water backup),15/15/15,15/15/15,Keep strong PvP IVs or raid IV >90%; trade suboptimal tradable copies,Shadow cannot be traded
Ferroseed,597,ferroseed,Available in GO,Collection,,,,,,,,,15/15/15,Keep for collection; transfer ordinary extras,
Ferroseed (Shadow),597,ferroseed_shadow,Available in GO,Collection,,,,,,,,,15/15/15,Keep for collection; transfer ordinary extras,Shadow cannot be traded
Ferrothorn,598,ferrothorn,Available in GO,Collection,,,,,,,,,15/15/15,Keep for collection; transfer ordinary extras,
Ferrothorn (Shadow),598,ferrothorn_shadow,Available in GO,Collection,,,,,,,,,15/15/15,Keep for collection; transfer ordinary extras,Shadow cannot be traded
Fidough,926,fidough,Available in GO,Collection,,,,,,,,,15/15/15,Keep for collection; transfer ordinary extras,
Finneon,456,finneon,Available in GO,GL,Lumineon #193,0/15/12,,,,,,,15/15/15,Keep strong PvP IVs or raid IV >90%; trade suboptimal tradable copies,
Flaaffy,180,flaaffy,Available in GO,UL,,,Ampharos #52,0/13/15,,,,,15/15/15,Keep strong PvP IVs or raid IV >90%; trade suboptimal tradable copies,
Flaaffy (Shadow),180,flaaffy_shadow,Available in GO,UL,,,Ampharos (Shadow) #55,0/13/15,,,,,15/15/15,Keep strong PvP IVs or raid IV >90%; trade suboptimal tradable copies,Shadow cannot be traded
Flabebe,669,flabebe,Available in GO,"GL, UL, ML",Florges #11,0/14/13,Florges #12,0/14/15,Florges #39,15/15/15,,,15/15/15,Keep strong PvP IVs or raid IV >90%; trade suboptimal tradable copies,
Flamigo,973,flamigo,Available in GO,"GL, UL",Flamigo #158,0/15/11,Flamigo #135,0/15/13,,,,,15/15/15,Keep strong PvP IVs or raid IV >90%; trade suboptimal tradable copies,
Flapple,841,flapple,Available in GO,Collection,,,,,,,,,15/15/15,Keep for collection; transfer ordinary extras,
Flareon,136,flareon,Available in GO,Collection,,,,,,,,,15/15/15,Keep for collection; transfer ordinary extras,
Fletchinder,662,fletchinder,Available in GO,"GL, UL",Talonflame #84,0/13/14,Talonflame #38,15/15/15,,,,,15/15/15,Keep strong PvP IVs or raid IV >90%; trade suboptimal tradable copies,
Fletchinder (Shadow),662,fletchinder_shadow,Available in GO,"GL, UL",Talonflame (Shadow) #104,0/13/14,Talonflame (Shadow) #56,15/15/15,,,,,15/15/15,Keep strong PvP IVs or raid IV >90%; trade suboptimal tradable copies,Shadow cannot be traded
Fletchling,661,fletchling,Available in GO,"GL, UL",Talonflame #84,0/13/14,Talonflame #38,15/15/15,,,,,15/15/15,Keep strong PvP IVs or raid IV >90%; trade suboptimal tradable copies,
Fletchling (Shadow),661,fletchling_shadow,Available in GO,"GL, UL",Talonflame (Shadow) #104,0/13/14,Talonflame (Shadow) #56,15/15/15,,,,,15/15/15,Keep strong PvP IVs or raid IV >90%; trade suboptimal tradable copies,Shadow cannot be traded
Flittle,955,flittle,Available in GO,Collection,,,,,,,,,15/15/15,Keep for collection; transfer ordinary extras,
Floatzel,419,floatzel,Available in GO,Collection,,,,,,,,,15/15/15,Keep for collection; transfer ordinary extras,
Floette,670,floette,Available in GO,"GL, UL, ML",Florges #11,0/14/13,Florges #12,0/14/15,Florges #39,15/15/15,,,15/15/15,Keep strong PvP IVs or raid IV >90%; trade suboptimal tradable copies,
Floragato,907,floragato,Available in GO,Raids,,,,,,,Meowscarada (Grass backup),15/15/15,15/15/15,Keep strong PvP IVs or raid IV >90%; trade suboptimal tradable copies,
Florges,671,florges,Available in GO,"GL, UL, ML",Florges #11,0/14/13,Florges #12,0/14/15,Florges #39,15/15/15,,,15/15/15,Keep strong PvP IVs or raid IV >90%; trade suboptimal tradable copies,
Flygon,330,flygon,Available in GO,Collection,,,,,,,,,15/15/15,Keep for collection; transfer ordinary extras,
Flygon (Shadow),330,flygon_shadow,Available in GO,Collection,,,,,,,,,15/15/15,Keep for collection; transfer ordinary extras,Shadow cannot be traded
Fomantis,753,fomantis,Available in GO,Collection,,,,,,,,,15/15/15,Keep for collection; transfer ordinary extras,
Foongus,590,foongus,Available in GO,Collection,,,,,,,,,15/15/15,Keep for collection; transfer ordinary extras,
Foongus (Shadow),590,foongus_shadow,Available in GO,UL,,,Amoonguss (Shadow) #177,15/15/15,,,,,15/15/15,Keep strong PvP IVs or raid IV >90%; trade suboptimal tradable copies,Shadow cannot be traded
Forretress,205,forretress,Available in GO,"GL, UL",Forretress #53,0/9/15,Forretress #31,9/15/15,,,,,15/15/15,Keep strong PvP IVs or raid IV >90%; trade suboptimal tradable copies,
Forretress (Shadow),205,forretress_shadow,Available in GO,"GL, UL",Forretress (Shadow) #48,0/9/15,Forretress (Shadow) #39,9/15/15,,,,,15/15/15,Keep strong PvP IVs or raid IV >90%; trade suboptimal tradable copies,Shadow cannot be traded
Fraxure,611,fraxure,Available in GO,"ML, Raids",,,,,Haxorus #181,15/15/15,Haxorus (Dragon backup),15/15/15,15/15/15,Keep strong PvP IVs or raid IV >90%; trade suboptimal tradable copies,
Fraxure (Shadow),611,fraxure_shadow,Available in GO,"ML, Raids",,,,,Haxorus (Shadow) #156,15/15/15,Haxorus (Shadow) (raid top-10 listing),15/15/15,15/15/15,Keep strong PvP IVs or raid IV >90%; trade suboptimal tradable copies,Shadow cannot be traded
Frigibax,996,frigibax,Available in GO,"ML, Raids",,,,,Baxcalibur #75,15/15/15,Baxcalibur (raid top-10 listing),15/15/15,15/15/15,Keep strong PvP IVs or raid IV >90%; trade suboptimal tradable copies,
Frillish,592,frillish,Available in GO,"GL, UL",Jellicent #22,1/14/14,Jellicent #16,6/14/15,,,,,15/15/15,Keep strong PvP IVs or raid IV >90%; trade suboptimal tradable copies,
Froakie,656,froakie,Available in GO,"GL, Raids",Greninja #191,3/15/12,,,,,Greninja (Mega) (raid top-10 listing),15/15/15,15/15/15,Keep strong PvP IVs or raid IV >90%; trade suboptimal tradable copies,
Froakie (Shadow),656,froakie_shadow,Available in GO,"GL, UL, Raids",Greninja (Shadow) #128,3/15/12,Greninja (Shadow) #107,0/13/14,,,Greninja (Shadow) (raid top-10 listing),15/15/15,15/15/15,Keep strong PvP IVs or raid IV >90%; trade suboptimal tradable copies,Shadow cannot be traded
Frogadier,657,frogadier,Available in GO,"GL, Raids",Greninja #191,3/15/12,,,,,Greninja (Mega) (raid top-10 listing),15/15/15,15/15/15,Keep strong PvP IVs or raid IV >90%; trade suboptimal tradable copies,
Frogadier (Shadow),657,frogadier_shadow,Available in GO,"GL, UL, Raids",Greninja (Shadow) #128,3/15/12,Greninja (Shadow) #107,0/13/14,,,Greninja (Shadow) (raid top-10 listing),15/15/15,15/15/15,Keep strong PvP IVs or raid IV >90%; trade suboptimal tradable copies,Shadow cannot be traded
Froslass,478,froslass,Available in GO,Collection,,,,,,,,,15/15/15,Keep for collection; transfer ordinary extras,
Froslass (Shadow),478,froslass_shadow,Available in GO,Collection,,,,,,,,,15/15/15,Keep for collection; transfer ordinary extras,Shadow cannot be traded
Frosmoth,873,frosmoth,Available in GO,Raids,,,,,,,Frosmoth (Bug backup),15/15/15,15/15/15,Keep strong PvP IVs or raid IV >90%; trade suboptimal tradable copies,
Fuecoco,909,fuecoco,Available in GO,"UL, ML",,,Skeledirge #20,0/15/15,Skeledirge #134,15/15/15,,,15/15/15,Keep strong PvP IVs or raid IV >90%; trade suboptimal tradable copies,
Furfrou,676,furfrou,Available in GO,Collection,,,,,,,,,15/15/15,Keep for collection; transfer ordinary extras,
Furret,162,furret,Available in GO,GL,Furret #43,1/15/14,,,,,,,15/15/15,Keep strong PvP IVs or raid IV >90%; trade suboptimal tradable copies,
Gabite,444,gabite,Available in GO,"ML, Raids",,,,,Garchomp #30,15/15/15,Garchomp (Mega) (raid top-10 listing),15/15/15,15/15/15,Keep strong PvP IVs or raid IV >90%; trade suboptimal tradable copies,
Gabite (Shadow),444,gabite_shadow,Available in GO,"ML, Raids",,,,,Garchomp (Shadow) #25,15/15/15,Garchomp (Shadow) (raid top-10 listing),15/15/15,15/15/15,Keep strong PvP IVs or raid IV >90%; trade suboptimal tradable copies,Shadow cannot be traded
Gallade,475,gallade,Available in GO,"ML, Raids",,,,,Gallade #165,15/15/15,Gallade (Mega) (raid top-10 listing),15/15/15,15/15/15,Keep strong PvP IVs or raid IV >90%; trade suboptimal tradable copies,
Gallade (Mega),475,gallade_mega,Available in GO,Raids,,,,,,,Gallade (Mega) (raid top-10 listing),15/15/15,15/15/15,Keep strong PvP IVs or raid IV >90%; trade suboptimal tradable copies,Mega form uses the base Pokémon’s IVs
Gallade (Shadow),475,gallade_shadow,Available in GO,ML,,,,,Gallade (Shadow) #153,15/15/15,,,15/15/15,Keep strong PvP IVs or raid IV >90%; trade suboptimal tradable copies,Shadow cannot be traded
Galvantula,596,galvantula,Available in GO,UL,,,Galvantula #182,15/15/15,,,,,15/15/15,Keep strong PvP IVs or raid IV >90%; trade suboptimal tradable copies,
Galvantula (Shadow),596,galvantula_shadow,Available in GO,Collection,,,,,,,,,15/15/15,Keep for collection; transfer ordinary extras,Shadow cannot be traded
Garbodor,569,garbodor,Available in GO,Collection,,,,,,,,,15/15/15,Keep for collection; transfer ordinary extras,
Garbodor (Shadow),569,garbodor_shadow,Available in GO,Collection,,,,,,,,,15/15/15,Keep for collection; transfer ordinary extras,Shadow cannot be traded
Garchomp,445,garchomp,Available in GO,"ML, Raids",,,,,Garchomp #30,15/15/15,Garchomp (Mega) (raid top-10 listing),15/15/15,15/15/15,Keep strong PvP IVs or raid IV >90%; trade suboptimal tradable copies,
Garchomp (Mega),445,garchomp_mega,Available in GO,Raids,,,,,,,Garchomp (Mega) (raid top-10 listing),15/15/15,15/15/15,Keep strong PvP IVs or raid IV >90%; trade suboptimal tradable copies,Mega form uses the base Pokémon’s IVs
Garchomp (Shadow),445,garchomp_shadow,Available in GO,"ML, Raids",,,,,Garchomp (Shadow) #25,15/15/15,Garchomp (Shadow) (raid top-10 listing),15/15/15,15/15/15,Keep strong PvP IVs or raid IV >90%; trade suboptimal tradable copies,Shadow cannot be traded
Gardevoir,282,gardevoir,Available in GO,Raids,,,,,,,Gardevoir (Mega) (raid top-10 listing),15/15/15,15/15/15,Keep strong PvP IVs or raid IV >90%; trade suboptimal tradable copies,
Gardevoir (Mega),282,gardevoir_mega,Available in GO,Raids,,,,,,,Gardevoir (Mega) (raid top-10 listing),15/15/15,15/15/15,Keep strong PvP IVs or raid IV >90%; trade suboptimal tradable copies,Mega form uses the base Pokémon’s IVs
Gardevoir (Shadow),282,gardevoir_shadow,Available in GO,Raids,,,,,,,Gardevoir (Shadow) (raid top-10 listing),15/15/15,15/15/15,Keep strong PvP IVs or raid IV >90%; trade suboptimal tradable copies,Shadow cannot be traded
Garganacl,934,garganacl,Available in GO,Collection,,,,,,,,,15/15/15,Keep for collection; transfer ordinary extras,
Gastly,92,gastly,Available in GO,Raids,,,,,,,Gengar (Mega) (raid top-10 listing),15/15/15,15/15/15,Keep strong PvP IVs or raid IV >90%; trade suboptimal tradable copies,
Gastly (Shadow),92,gastly_shadow,Available in GO,Raids,,,,,,,Gengar (Shadow) (raid top-10 listing),15/15/15,15/15/15,Keep strong PvP IVs or raid IV >90%; trade suboptimal tradable copies,Shadow cannot be traded
Gastrodon,423,gastrodon,Available in GO,UL,,,Gastrodon #98,6/15/15,,,,,15/15/15,Keep strong PvP IVs or raid IV >90%; trade suboptimal tradable copies,
Genesect,649,genesect,Available in GO,"UL, ML",,,Genesect #183,1/15/15,Genesect #115,15/15/15,,,15/15/15,Keep strong PvP IVs or raid IV >90%; trade suboptimal tradable copies,
Genesect (Burn),649,genesect_burn,Available in GO,"UL, ML",,,Genesect (Burn) #193,1/15/15,Genesect (Burn) #95,15/15/15,,,15/15/15,Keep strong PvP IVs or raid IV >90%; trade suboptimal tradable copies,
Genesect (Chill),649,genesect_chill,Available in GO,"UL, ML",,,Genesect (Chill) #133,1/15/15,Genesect (Chill) #72,15/15/15,,,15/15/15,Keep strong PvP IVs or raid IV >90%; trade suboptimal tradable copies,
Genesect (Douse),649,genesect_douse,Available in GO,"UL, ML",,,Genesect (Douse) #156,1/15/15,Genesect (Douse) #101,15/15/15,,,15/15/15,Keep strong PvP IVs or raid IV >90%; trade suboptimal tradable copies,
Genesect (Shock),649,genesect_shock,Available in GO,"UL, ML",,,Genesect (Shock) #88,1/15/15,Genesect (Shock) #70,15/15/15,,,15/15/15,Keep strong PvP IVs or raid IV >90%; trade suboptimal tradable copies,
Gengar,94,gengar,Available in GO,Raids,,,,,,,Gengar (Mega) (raid top-10 listing),15/15/15,15/15/15,Keep strong PvP IVs or raid IV >90%; trade suboptimal tradable copies,
Gengar (Mega),94,gengar_mega,Available in GO,Raids,,,,,,,Gengar (Mega) (raid top-10 listing),15/15/15,15/15/15,Keep strong PvP IVs or raid IV >90%; trade suboptimal tradable copies,Mega form uses the base Pokémon’s IVs
Gengar (Shadow),94,gengar_shadow,Available in GO,Raids,,,,,,,Gengar (Shadow) (raid top-10 listing),15/15/15,15/15/15,Keep strong PvP IVs or raid IV >90%; trade suboptimal tradable copies,Shadow cannot be traded
Geodude,74,geodude,Available in GO,Collection,,,,,,,,,15/15/15,Keep for collection; transfer ordinary extras,
Geodude (Alolan),74,geodude_alolan,Available in GO,Collection,,,,,,,,,15/15/15,Keep for collection; transfer ordinary extras,
Geodude (Alolan) (Shadow),74,geodude_alolan_shadow,Available in GO,Collection,,,,,,,,,15/15/15,Keep for collection; transfer ordinary extras,Shadow cannot be traded
Geodude (Shadow),74,geodude_shadow,Available in GO,Collection,,,,,,,,,15/15/15,Keep for collection; transfer ordinary extras,Shadow cannot be traded
Gholdengo,1000,gholdengo,Available in GO,ML,,,,,Gholdengo #47,15/15/15,,,15/15/15,Keep strong PvP IVs or raid IV >90%; trade suboptimal tradable copies,
Gible,443,gible,Available in GO,"ML, Raids",,,,,Garchomp #30,15/15/15,Garchomp (Mega) (raid top-10 listing),15/15/15,15/15/15,Keep strong PvP IVs or raid IV >90%; trade suboptimal tradable copies,
Gible (Shadow),443,gible_shadow,Available in GO,"ML, Raids",,,,,Garchomp (Shadow) #25,15/15/15,Garchomp (Shadow) (raid top-10 listing),15/15/15,15/15/15,Keep strong PvP IVs or raid IV >90%; trade suboptimal tradable copies,Shadow cannot be traded
Gigalith,526,gigalith,Available in GO,"ML, Raids",,,,,Gigalith #170,15/15/15,Gigalith (Rock backup),15/15/15,15/15/15,Keep strong PvP IVs or raid IV >90%; trade suboptimal tradable copies,
Gigalith (Shadow),526,gigalith_shadow,Available in GO,"ML, Raids",,,,,Gigalith (Shadow) #136,15/15/15,Gigalith (Shadow) (raid top-10 listing),15/15/15,15/15/15,Keep strong PvP IVs or raid IV >90%; trade suboptimal tradable copies,Shadow cannot be traded
Gimmighoul,999,gimmighoul,Available in GO,ML,,,,,Gholdengo #47,15/15/15,,,15/15/15,Keep strong PvP IVs or raid IV >90%; trade suboptimal tradable copies,
Girafarig,203,girafarig,Available in GO,Collection,,,,,,,,,15/15/15,Keep for collection; transfer ordinary extras,
Girafarig (Shadow),203,girafarig_shadow,Available in GO,Collection,,,,,,,,,15/15/15,Keep for collection; transfer ordinary extras,Shadow cannot be traded
Giratina (Altered),487,giratina_altered,Available in GO,"UL, ML",,,Giratina (Altered) #17,0/14/15,Giratina (Altered) #50,15/15/15,,,15/15/15,Keep strong PvP IVs or raid IV >90%; trade suboptimal tradable copies,
Giratina (Altered) (Shadow),487,giratina_altered_shadow,Available in GO,"GL, UL, ML",Giratina (Altered) (Shadow) #153,0/11/12,Giratina (Altered) (Shadow) #32,0/14/15,Giratina (Altered) (Shadow) #38,15/15/15,,,15/15/15,Keep strong PvP IVs or raid IV >90%; trade suboptimal tradable copies,Shadow cannot be traded
Giratina (Origin),487,giratina_origin,Available in GO,ML,,,,,Giratina (Origin) #109,15/15/15,,,15/15/15,Keep strong PvP IVs or raid IV >90%; trade suboptimal tradable copies,
Glaceon,471,glaceon,Available in GO,Raids,,,,,,,Glaceon (Ice backup),15/15/15,15/15/15,Keep strong PvP IVs or raid IV >90%; trade suboptimal tradable copies,
Glalie,362,glalie,Available in GO,Collection,,,,,,,,,15/15/15,Keep for collection; transfer ordinary extras,
Glalie (Mega),362,glalie_mega,Available in GO,Collection,,,,,,,,,15/15/15,Keep for collection; transfer ordinary extras,Mega form uses the base Pokémon’s IVs
Glalie (Shadow),362,glalie_shadow,Available in GO,Collection,,,,,,,,,15/15/15,Keep for collection; transfer ordinary extras,Shadow cannot be traded
Glameow,431,glameow,Available in GO,Collection,,,,,,,,,15/15/15,Keep for collection; transfer ordinary extras,
Glameow (Shadow),431,glameow_shadow,Available in GO,Collection,,,,,,,,,15/15/15,Keep for collection; transfer ordinary extras,Shadow cannot be traded
Gligar,207,gligar,Available in GO,GL,Gligar #132,0/15/12,,,,,,,15/15/15,Keep strong PvP IVs or raid IV >90%; trade suboptimal tradable copies,
Gligar (Shadow),207,gligar_shadow,Available in GO,"GL, ML",Gligar (Shadow) #110,0/15/12,,,Gliscor (Shadow) #188,15/15/15,,,15/15/15,Keep strong PvP IVs or raid IV >90%; trade suboptimal tradable copies,Shadow cannot be traded
Glimmet,969,glimmet,Available in GO,Raids,,,,,,,Glimmora (raid top-10 listing),15/15/15,15/15/15,Keep strong PvP IVs or raid IV >90%; trade suboptimal tradable copies,
Glimmora,970,glimmora,Available in GO,Raids,,,,,,,Glimmora (raid top-10 listing),15/15/15,15/15/15,Keep strong PvP IVs or raid IV >90%; trade suboptimal tradable copies,
Gliscor,472,gliscor,Available in GO,Collection,,,,,,,,,15/15/15,Keep for collection; transfer ordinary extras,
Gliscor (Shadow),472,gliscor_shadow,Available in GO,ML,,,,,Gliscor (Shadow) #188,15/15/15,,,15/15/15,Keep strong PvP IVs or raid IV >90%; trade suboptimal tradable copies,Shadow cannot be traded
Gloom,44,gloom,Available in GO,UL,,,Bellossom #198,9/15/15,,,,,15/15/15,Keep strong PvP IVs or raid IV >90%; trade suboptimal tradable copies,
Gloom (Shadow),44,gloom_shadow,Available in GO,UL,,,Bellossom (Shadow) #191,9/15/15,,,,,15/15/15,Keep strong PvP IVs or raid IV >90%; trade suboptimal tradable copies,Shadow cannot be traded
Gogoat,673,gogoat,Available in GO,UL,,,Gogoat #189,0/14/15,,,,,15/15/15,Keep strong PvP IVs or raid IV >90%; trade suboptimal tradable copies,
Golbat,42,golbat,Available in GO,Collection,,,,,,,,,15/15/15,Keep for collection; transfer ordinary extras,
Golbat (Shadow),42,golbat_shadow,Available in GO,Collection,,,,,,,,,15/15/15,Keep for collection; transfer ordinary extras,Shadow cannot be traded
Goldeen,118,goldeen,Available in GO,"GL, UL",Seaking #106,0/14/14,Seaking #45,15/15/15,,,,,15/15/15,Keep strong PvP IVs or raid IV >90%; trade suboptimal tradable copies,
Golduck,55,golduck,Available in GO,Collection,,,,,,,,,15/15/15,Keep for collection; transfer ordinary extras,
Golduck (Shadow),55,golduck_shadow,Available in GO,Collection,,,,,,,,,15/15/15,Keep for collection; transfer ordinary extras,Shadow cannot be traded
Golem,76,golem,Available in GO,Collection,,,,,,,,,15/15/15,Keep for collection; transfer ordinary extras,
Golem (Alolan),76,golem_alolan,Available in GO,Collection,,,,,,,,,15/15/15,Keep for collection; transfer ordinary extras,
Golem (Alolan) (Shadow),76,golem_alolan_shadow,Available in GO,Collection,,,,,,,,,15/15/15,Keep for collection; transfer ordinary extras,Shadow cannot be traded
Golem (Shadow),76,golem_shadow,Available in GO,Collection,,,,,,,,,15/15/15,Keep for collection; transfer ordinary extras,Shadow cannot be traded
Golett,622,golett,Available in GO,ML,,,,,Golurk #175,15/15/15,,,15/15/15,Keep strong PvP IVs or raid IV >90%; trade suboptimal tradable copies,
Golett (Shadow),622,golett_shadow,Available in GO,ML,,,,,Golurk (Shadow) #163,15/15/15,,,15/15/15,Keep strong PvP IVs or raid IV >90%; trade suboptimal tradable copies,Shadow cannot be traded
Golisopod,768,golisopod,Available in GO,"GL, UL, ML, Raids",Golisopod #162,0/8/15,Golisopod #69,1/14/15,Golisopod #84,15/15/15,Golisopod (Bug backup),15/15/15,15/15/15,Keep strong PvP IVs or raid IV >90%; trade suboptimal tradable copies,
Golisopod,768,golisopodsh,Available in GO,Collection,,,,,,,,,15/15/15,Keep for collection; transfer ordinary extras,
Golurk,623,golurk,Available in GO,ML,,,,,Golurk #175,15/15/15,,,15/15/15,Keep strong PvP IVs or raid IV >90%; trade suboptimal tradable copies,
Golurk (Shadow),623,golurk_shadow,Available in GO,ML,,,,,Golurk (Shadow) #163,15/15/15,,,15/15/15,Keep strong PvP IVs or raid IV >90%; trade suboptimal tradable copies,Shadow cannot be traded
Goodra,706,goodra,Available in GO,"GL, UL, ML",Goodra #108,1/14/14,Goodra #150,0/12/12,Goodra #55,15/15/15,,,15/15/15,Keep strong PvP IVs or raid IV >90%; trade suboptimal tradable copies,
Goomy,704,goomy,Available in GO,"GL, UL, ML",Goodra #108,1/14/14,Goodra #150,0/12/12,Goodra #55,15/15/15,,,15/15/15,Keep strong PvP IVs or raid IV >90%; trade suboptimal tradable copies,
Gorebyss,368,gorebyss,Available in GO,Collection,,,,,,,,,15/15/15,Keep for collection; transfer ordinary extras,
Gossifleur,829,gossifleur,Available in GO,Collection,,,,,,,,,15/15/15,Keep for collection; transfer ordinary extras,
Gothita,574,gothita,Available in GO,Collection,,,,,,,,,15/15/15,Keep for collection; transfer ordinary extras,
Gothita (Shadow),574,gothita_shadow,Available in GO,Collection,,,,,,,,,15/15/15,Keep for collection; transfer ordinary extras,Shadow cannot be traded
Gothitelle,576,gothitelle,Available in GO,Collection,,,,,,,,,15/15/15,Keep for collection; transfer ordinary extras,
Gothitelle (Shadow),576,gothitelle_shadow,Available in GO,Collection,,,,,,,,,15/15/15,Keep for collection; transfer ordinary extras,Shadow cannot be traded
Gothorita,575,gothorita,Available in GO,Collection,,,,,,,,,15/15/15,Keep for collection; transfer ordinary extras,
Gothorita (Shadow),575,gothorita_shadow,Available in GO,Collection,,,,,,,,,15/15/15,Keep for collection; transfer ordinary extras,Shadow cannot be traded
Gourgeist (Average),711,gourgeist_average,Available in GO,GL,Gourgeist (Average) #95,0/14/13,,,,,,,15/15/15,Keep strong PvP IVs or raid IV >90%; trade suboptimal tradable copies,
Gourgeist (Large),711,gourgeist_large,Available in GO,GL,Gourgeist (Large) #88,1/14/15,,,,,,,15/15/15,Keep strong PvP IVs or raid IV >90%; trade suboptimal tradable copies,
Gourgeist (Small),711,gourgeist_small,Available in GO,GL,Gourgeist (Small) #102,0/15/13,,,,,,,15/15/15,Keep strong PvP IVs or raid IV >90%; trade suboptimal tradable copies,
Gourgeist (Super),711,gourgeist_super,Available in GO,"GL, UL",Gourgeist (Super) #90,1/15/14,Gourgeist (Super) #188,0/14/14,,,,,15/15/15,Keep strong PvP IVs or raid IV >90%; trade suboptimal tradable copies,
Grafaiai,945,grafaiai,Available in GO,UL,,,Grafaiai #190,10/15/15,,,,,15/15/15,Keep strong PvP IVs or raid IV >90%; trade suboptimal tradable copies,
Granbull,210,granbull,Available in GO,Collection,,,,,,,,,15/15/15,Keep for collection; transfer ordinary extras,
Granbull (Shadow),210,granbull_shadow,Available in GO,Collection,,,,,,,,,15/15/15,Keep for collection; transfer ordinary extras,Shadow cannot be traded
Grapploct,853,grapploct,Available in GO,Collection,,,,,,,,,15/15/15,Keep for collection; transfer ordinary extras,
Graveler,75,graveler,Available in GO,Collection,,,,,,,,,15/15/15,Keep for collection; transfer ordinary extras,
Graveler (Alolan),75,graveler_alolan,Available in GO,Collection,,,,,,,,,15/15/15,Keep for collection; transfer ordinary extras,
Graveler (Alolan) (Shadow),75,graveler_alolan_shadow,Available in GO,Collection,,,,,,,,,15/15/15,Keep for collection; transfer ordinary extras,Shadow cannot be traded
Graveler (Shadow),75,graveler_shadow,Available in GO,Collection,,,,,,,,,15/15/15,Keep for collection; transfer ordinary extras,Shadow cannot be traded
Greavard,971,greavard,Available in GO,Collection,,,,,,,,,15/15/15,Keep for collection; transfer ordinary extras,
Greedent,820,greedent,Available in GO,"GL, UL",Greedent #184,0/12/14,Greedent #148,3/15/15,,,,,15/15/15,Keep strong PvP IVs or raid IV >90%; trade suboptimal tradable copies,
Greninja,658,greninja,Available in GO,"GL, Raids",Greninja #191,3/15/12,,,,,Greninja (Mega) (raid top-10 listing),15/15/15,15/15/15,Keep strong PvP IVs or raid IV >90%; trade suboptimal tradable copies,
Greninja (Mega),658,greninja_mega,Available in GO,Raids,,,,,,,Greninja (Mega) (raid top-10 listing),15/15/15,15/15/15,Keep strong PvP IVs or raid IV >90%; trade suboptimal tradable copies,Mega form uses the base Pokémon’s IVs
Greninja (Shadow),658,greninja_shadow,Available in GO,"GL, UL, Raids",Greninja (Shadow) #128,3/15/12,Greninja (Shadow) #107,0/13/14,,,Greninja (Shadow) (raid top-10 listing),15/15/15,15/15/15,Keep strong PvP IVs or raid IV >90%; trade suboptimal tradable copies,Shadow cannot be traded
Grimer,88,grimer,Available in GO,Collection,,,,,,,,,15/15/15,Keep for collection; transfer ordinary extras,
Grimer (Alolan),88,grimer_alolan,Available in GO,"GL, UL",Muk (Alolan) #100,0/15/14,Muk (Alolan) #36,0/15/14,,,,,15/15/15,Keep strong PvP IVs or raid IV >90%; trade suboptimal tradable copies,
Grimer (Alolan) (Shadow),88,grimer_alolan_shadow,Available in GO,"GL, UL",Muk (Alolan) (Shadow) #116,0/15/14,Muk (Alolan) (Shadow) #68,0/15/14,,,,,15/15/15,Keep strong PvP IVs or raid IV >90%; trade suboptimal tradable copies,Shadow cannot be traded
Grimer (Shadow),88,grimer_shadow,Available in GO,Collection,,,,,,,,,15/15/15,Keep for collection; transfer ordinary extras,Shadow cannot be traded
Grimmsnarl,861,grimmsnarl,Available in GO,"UL, ML",,,Grimmsnarl #151,0/15/11,Grimmsnarl #150,15/15/15,,,15/15/15,Keep strong PvP IVs or raid IV >90%; trade suboptimal tradable copies,
Grookey,810,grookey,Available in GO,"GL, UL, ML",Rillaboom #35,0/12/13,Rillaboom #21,0/14/15,Rillaboom #34,15/15/15,,,15/15/15,Keep strong PvP IVs or raid IV >90%; trade suboptimal tradable copies,
Grotle,388,grotle,Available in GO,ML,,,,,Torterra #171,15/15/15,,,15/15/15,Keep strong PvP IVs or raid IV >90%; trade suboptimal tradable copies,
Grotle (Shadow),388,grotle_shadow,Available in GO,ML,,,,,Torterra (Shadow) #176,15/15/15,,,15/15/15,Keep strong PvP IVs or raid IV >90%; trade suboptimal tradable copies,Shadow cannot be traded
Groudon,383,groudon,Available in GO,"ML, Raids",,,,,Groudon #26,15/15/15,Groudon (raid top-10 listing),15/15/15,15/15/15,Keep strong PvP IVs or raid IV >90%; trade suboptimal tradable copies,
Groudon (Primal),383,groudon_primal,Available in GO,Collection,,,,,,,,,15/15/15,Keep for collection; transfer ordinary extras,
Groudon (Shadow),383,groudon_shadow,Available in GO,"ML, Raids",,,,,Groudon (Shadow) #52,15/15/15,Groudon (Shadow) (raid top-10 listing),15/15/15,15/15/15,Keep strong PvP IVs or raid IV >90%; trade suboptimal tradable copies,Shadow cannot be traded
Grovyle,253,grovyle,Available in GO,Raids,,,,,,,Sceptile (Mega) (raid top-10 listing),15/15/15,15/15/15,Keep strong PvP IVs or raid IV >90%; trade suboptimal tradable copies,
Grovyle (Shadow),253,grovyle_shadow,Available in GO,Raids,,,,,,,Sceptile (Shadow) (raid top-10 listing),15/15/15,15/15/15,Keep strong PvP IVs or raid IV >90%; trade suboptimal tradable copies,Shadow cannot be traded
Growlithe,58,growlithe,Available in GO,Raids,,,,,,,Arcanine (Fire backup),15/15/15,15/15/15,Keep strong PvP IVs or raid IV >90%; trade suboptimal tradable copies,
Growlithe (Hisuian),58,growlithe_hisuian,Available in GO,Collection,,,,,,,,,15/15/15,Keep for collection; transfer ordinary extras,
Growlithe (Shadow),58,growlithe_shadow,Available in GO,Raids,,,,,,,Arcanine (Shadow) (Fire backup),15/15/15,15/15/15,Keep strong PvP IVs or raid IV >90%; trade suboptimal tradable copies,Shadow cannot be traded
Grubbin,736,grubbin,Available in GO,GL,Charjabug #41,0/13/15,,,,,,,15/15/15,Keep strong PvP IVs or raid IV >90%; trade suboptimal tradable copies,
Grubbin (Shadow),736,grubbin_shadow,Available in GO,"GL, Raids",Charjabug (Shadow) #47,0/13/15,,,,,Vikavolt (Shadow) (raid top-10 listing),15/15/15,15/15/15,Keep strong PvP IVs or raid IV >90%; trade suboptimal tradable copies,Shadow cannot be traded
Grumpig,326,grumpig,Available in GO,"GL, UL",Grumpig #91,1/14/15,Grumpig #108,3/14/15,,,,,15/15/15,Keep strong PvP IVs or raid IV >90%; trade suboptimal tradable copies,
Grumpig (Shadow),326,grumpig_shadow,Available in GO,UL,,,Grumpig (Shadow) #109,3/14/15,,,,,15/15/15,Keep strong PvP IVs or raid IV >90%; trade suboptimal tradable copies,Shadow cannot be traded
Gulpin,316,gulpin,Available in GO,GL,Swalot #149,0/14/14,,,,,,,15/15/15,Keep strong PvP IVs or raid IV >90%; trade suboptimal tradable copies,
Gumshoos,735,gumshoos,Available in GO,Collection,,,,,,,,,15/15/15,Keep for collection; transfer ordinary extras,
Gurdurr,533,gurdurr,Available in GO,"ML, Raids",,,,,Conkeldurr #110,15/15/15,Conkeldurr (Fighting backup),15/15/15,15/15/15,Keep strong PvP IVs or raid IV >90%; trade suboptimal tradable copies,
Gurdurr (Shadow),533,gurdurr_shadow,Available in GO,"ML, Raids",,,,,Conkeldurr (Shadow) #64,15/15/15,Conkeldurr (Shadow) (raid top-10 listing),15/15/15,15/15/15,Keep strong PvP IVs or raid IV >90%; trade suboptimal tradable copies,Shadow cannot be traded
Guzzlord,799,guzzlord,Available in GO,"GL, UL",Guzzlord #44,1/15/15,Guzzlord #19,0/15/14,,,,,15/15/15,Keep strong PvP IVs or raid IV >90%; trade suboptimal tradable copies,
Gyarados,130,gyarados,Available in GO,"UL, ML, Raids",,,Gyarados #75,0/15/14,Gyarados #57,15/15/15,Gyarados (Mega) (raid top-10 listing),15/15/15,15/15/15,Keep strong PvP IVs or raid IV >90%; trade suboptimal tradable copies,
Gyarados (Mega),130,gyarados_mega,Available in GO,Raids,,,,,,,Gyarados (Mega) (raid top-10 listing),15/15/15,15/15/15,Keep strong PvP IVs or raid IV >90%; trade suboptimal tradable copies,Mega form uses the base Pokémon’s IVs
Gyarados (Shadow),130,gyarados_shadow,Available in GO,"UL, ML, Raids",,,Gyarados (Shadow) #67,0/15/14,Gyarados (Shadow) #31,15/15/15,Gyarados (Shadow) (Water backup),15/15/15,15/15/15,Keep strong PvP IVs or raid IV >90%; trade suboptimal tradable copies,Shadow cannot be traded
Hakamo-o,783,hakamo_o,Available in GO,"GL, UL, ML",Kommo-o #169,0/14/14,Kommo-o #118,0/11/14,Kommo-o #97,15/15/15,,,15/15/15,Keep strong PvP IVs or raid IV >90%; trade suboptimal tradable copies,
Happiny,440,happiny,Available in GO,Collection,,,,,,,,,15/15/15,Keep for collection; transfer ordinary extras,
Hariyama,297,hariyama,Available in GO,Raids,,,,,,,Hariyama (Fighting backup),15/15/15,15/15/15,Keep strong PvP IVs or raid IV >90%; trade suboptimal tradable copies,
Hariyama (Shadow),297,hariyama_shadow,Available in GO,Raids,,,,,,,Hariyama (Shadow) (Fighting backup),15/15/15,15/15/15,Keep strong PvP IVs or raid IV >90%; trade suboptimal tradable copies,Shadow cannot be traded
Hatenna,856,hatenna,Available in GO,Raids,,,,,,,Hatterene (Fairy backup),15/15/15,15/15/15,Keep strong PvP IVs or raid IV >90%; trade suboptimal tradable copies,
Hatterene,858,hatterene,Available in GO,Raids,,,,,,,Hatterene (Fairy backup),15/15/15,15/15/15,Keep strong PvP IVs or raid IV >90%; trade suboptimal tradable copies,
Hattrem,857,hattrem,Available in GO,Raids,,,,,,,Hatterene (Fairy backup),15/15/15,15/15/15,Keep strong PvP IVs or raid IV >90%; trade suboptimal tradable copies,
Haunter,93,haunter,Available in GO,Raids,,,,,,,Gengar (Mega) (raid top-10 listing),15/15/15,15/15/15,Keep strong PvP IVs or raid IV >90%; trade suboptimal tradable copies,
Haunter (Shadow),93,haunter_shadow,Available in GO,Raids,,,,,,,Gengar (Shadow) (raid top-10 listing),15/15/15,15/15/15,Keep strong PvP IVs or raid IV >90%; trade suboptimal tradable copies,Shadow cannot be traded
Hawlucha,701,hawlucha,Available in GO,UL,,,Hawlucha #141,0/15/14,,,,,15/15/15,Keep strong PvP IVs or raid IV >90%; trade suboptimal tradable copies,
Haxorus,612,haxorus,Available in GO,"ML, Raids",,,,,Haxorus #181,15/15/15,Haxorus (Dragon backup),15/15/15,15/15/15,Keep strong PvP IVs or raid IV >90%; trade suboptimal tradable copies,
Haxorus (Shadow),612,haxorus_shadow,Available in GO,"ML, Raids",,,,,Haxorus (Shadow) #156,15/15/15,Haxorus (Shadow) (raid top-10 listing),15/15/15,15/15/15,Keep strong PvP IVs or raid IV >90%; trade suboptimal tradable copies,Shadow cannot be traded
Heatmor,631,heatmor,Available in GO,Collection,,,,,,,,,15/15/15,Keep for collection; transfer ordinary extras,
Heatran,485,heatran,Available in GO,ML,,,,,Heatran #86,15/15/15,,,15/15/15,Keep strong PvP IVs or raid IV >90%; trade suboptimal tradable copies,
Heatran (Shadow),485,heatran_shadow,Available in GO,"ML, Raids",,,,,Heatran (Shadow) #71,15/15/15,Heatran (Shadow) (raid top-10 listing),15/15/15,15/15/15,Keep strong PvP IVs or raid IV >90%; trade suboptimal tradable copies,Shadow cannot be traded
Heliolisk,695,heliolisk,Available in GO,Collection,,,,,,,,,15/15/15,Keep for collection; transfer ordinary extras,
Heliolisk (Shadow),695,heliolisk_shadow,Available in GO,Collection,,,,,,,,,15/15/15,Keep for collection; transfer ordinary extras,Shadow cannot be traded
Helioptile,694,helioptile,Available in GO,Collection,,,,,,,,,15/15/15,Keep for collection; transfer ordinary extras,
Helioptile (Shadow),694,helioptile_shadow,Available in GO,Collection,,,,,,,,,15/15/15,Keep for collection; transfer ordinary extras,Shadow cannot be traded
Heracross,214,heracross,Available in GO,"ML, Raids",,,,,Heracross #177,15/15/15,Heracross (Mega) (raid top-10 listing),15/15/15,15/15/15,Keep strong PvP IVs or raid IV >90%; trade suboptimal tradable copies,
Heracross (Mega),214,heracross_mega,Available in GO,Raids,,,,,,,Heracross (Mega) (raid top-10 listing),15/15/15,15/15/15,Keep strong PvP IVs or raid IV >90%; trade suboptimal tradable copies,Mega form uses the base Pokémon’s IVs
Herdier,507,herdier,Available in GO,Collection,,,,,,,,,15/15/15,Keep for collection; transfer ordinary extras,
Hippopotas,449,hippopotas,Available in GO,"GL, UL, ML",Hippowdon #50,0/14/10,Hippowdon #96,0/14/15,Hippowdon #105,15/15/15,,,15/15/15,Keep strong PvP IVs or raid IV >90%; trade suboptimal tradable copies,
Hippopotas (Shadow),449,hippopotas_shadow,Available in GO,"GL, UL, ML",Hippowdon (Shadow) #61,0/14/10,Hippowdon (Shadow) #91,0/14/15,Hippowdon (Shadow) #89,15/15/15,,,15/15/15,Keep strong PvP IVs or raid IV >90%; trade suboptimal tradable copies,Shadow cannot be traded
Hippowdon,450,hippowdon,Available in GO,"GL, UL, ML",Hippowdon #50,0/14/10,Hippowdon #96,0/14/15,Hippowdon #105,15/15/15,,,15/15/15,Keep strong PvP IVs or raid IV >90%; trade suboptimal tradable copies,
Hippowdon (Shadow),450,hippowdon_shadow,Available in GO,"GL, UL, ML",Hippowdon (Shadow) #61,0/14/10,Hippowdon (Shadow) #91,0/14/15,Hippowdon (Shadow) #89,15/15/15,,,15/15/15,Keep strong PvP IVs or raid IV >90%; trade suboptimal tradable copies,Shadow cannot be traded
Hitmonchan,107,hitmonchan,Available in GO,Collection,,,,,,,,,15/15/15,Keep for collection; transfer ordinary extras,
Hitmonchan (Shadow),107,hitmonchan_shadow,Available in GO,Collection,,,,,,,,,15/15/15,Keep for collection; transfer ordinary extras,Shadow cannot be traded
Hitmonlee,106,hitmonlee,Available in GO,Collection,,,,,,,,,15/15/15,Keep for collection; transfer ordinary extras,
Hitmonlee (Shadow),106,hitmonlee_shadow,Available in GO,Collection,,,,,,,,,15/15/15,Keep for collection; transfer ordinary extras,Shadow cannot be traded
Hitmontop,237,hitmontop,Available in GO,Collection,,,,,,,,,15/15/15,Keep for collection; transfer ordinary extras,
Hitmontop (Shadow),237,hitmontop_shadow,Available in GO,Collection,,,,,,,,,15/15/15,Keep for collection; transfer ordinary extras,Shadow cannot be traded
Ho-Oh,250,ho_oh,Available in GO,ML,,,,,Ho-Oh #24,15/15/15,,,15/15/15,Keep strong PvP IVs or raid IV >90%; trade suboptimal tradable copies,
Ho-Oh (Shadow),250,ho_oh_shadow,Available in GO,ML,,,,,Ho-Oh (Shadow) #54,15/15/15,,,15/15/15,Keep strong PvP IVs or raid IV >90%; trade suboptimal tradable copies,Shadow cannot be traded
Honchkrow,430,honchkrow,Available in GO,Raids,,,,,,,Honchkrow (Flying/Dark backup),15/15/15,15/15/15,Keep strong PvP IVs or raid IV >90%; trade suboptimal tradable copies,
Honchkrow (Shadow),430,honchkrow_shadow,Available in GO,Raids,,,,,,,Honchkrow (Shadow) (Flying/Dark backup),15/15/15,15/15/15,Keep strong PvP IVs or raid IV >90%; trade suboptimal tradable copies,Shadow cannot be traded
Honedge,679,honedge,Available in GO,"GL, UL",Doublade #74,0/11/14,Doublade #95,0/14/14,,,,,15/15/15,Keep strong PvP IVs or raid IV >90%; trade suboptimal tradable copies,
Hoopa,720,hoopa,Available in GO,Collection,,,,,,,,,15/15/15,Keep for collection; transfer ordinary extras,
Hoopa (Unbound),720,hoopa_unbound,Available in GO,Collection,,,,,,,,,15/15/15,Keep for collection; transfer ordinary extras,
Hoothoot,163,hoothoot,Available in GO,Collection,,,,,,,,,15/15/15,Keep for collection; transfer ordinary extras,
Hoothoot (Shadow),163,hoothoot_shadow,Available in GO,Collection,,,,,,,,,15/15/15,Keep for collection; transfer ordinary extras,Shadow cannot be traded
Hoppip,187,hoppip,Available in GO,GL,Jumpluff #55,0/14/14,,,,,,,15/15/15,Keep strong PvP IVs or raid IV >90%; trade suboptimal tradable copies,
Hoppip (Shadow),187,hoppip_shadow,Available in GO,GL,Jumpluff (Shadow) #81,0/14/14,,,,,,,15/15/15,Keep strong PvP IVs or raid IV >90%; trade suboptimal tradable copies,Shadow cannot be traded
Horsea,116,horsea,Available in GO,"GL, UL",Kingdra #57,0/15/13,Kingdra #66,0/15/15,,,,,15/15/15,Keep strong PvP IVs or raid IV >90%; trade suboptimal tradable copies,
Horsea (Shadow),116,horsea_shadow,Available in GO,"GL, UL",Kingdra (Shadow) #62,0/15/13,Kingdra (Shadow) #73,0/15/15,,,,,15/15/15,Keep strong PvP IVs or raid IV >90%; trade suboptimal tradable copies,Shadow cannot be traded
Houndoom,229,houndoom,Available in GO,Raids,,,,,,,Houndoom (Mega) (raid top-10 listing),15/15/15,15/15/15,Keep strong PvP IVs or raid IV >90%; trade suboptimal tradable copies,
Houndoom (Mega),229,houndoom_mega,Available in GO,Raids,,,,,,,Houndoom (Mega) (raid top-10 listing),15/15/15,15/15/15,Keep strong PvP IVs or raid IV >90%; trade suboptimal tradable copies,Mega form uses the base Pokémon’s IVs
Houndoom (Shadow),229,houndoom_shadow,Available in GO,"GL, UL, Raids",Houndoom (Shadow) #144,0/13/13,Houndoom (Shadow) #176,0/15/14,,,Houndoom (Shadow) (Dark backup),15/15/15,15/15/15,Keep strong PvP IVs or raid IV >90%; trade suboptimal tradable copies,Shadow cannot be traded
Houndour,228,houndour,Available in GO,Raids,,,,,,,Houndoom (Mega) (raid top-10 listing),15/15/15,15/15/15,Keep strong PvP IVs or raid IV >90%; trade suboptimal tradable copies,
Houndour (Shadow),228,houndour_shadow,Available in GO,"GL, UL, Raids",Houndoom (Shadow) #144,0/13/13,Houndoom (Shadow) #176,0/15/14,,,Houndoom (Shadow) (Dark backup),15/15/15,15/15/15,Keep strong PvP IVs or raid IV >90%; trade suboptimal tradable copies,Shadow cannot be traded
Houndstone,972,houndstone,Available in GO,Collection,,,,,,,,,15/15/15,Keep for collection; transfer ordinary extras,
Huntail,367,huntail,Available in GO,Collection,,,,,,,,,15/15/15,Keep for collection; transfer ordinary extras,
Hydrapple,1019,hydrapple,Available in GO,Collection,,,,,,,,,15/15/15,Keep for collection; transfer ordinary extras,
Hydreigon,635,hydreigon,Available in GO,"GL, UL, ML, Raids",Hydreigon #103,0/15/10,Hydreigon #199,0/15/15,Hydreigon #80,15/15/15,Hydreigon (Dark backup),15/15/15,15/15/15,Keep strong PvP IVs or raid IV >90%; trade suboptimal tradable copies,
Hydreigon (Shadow),635,hydreigon_shadow,Available in GO,"GL, UL, ML, Raids",Hydreigon (Shadow) #56,0/15/10,Hydreigon (Shadow) #126,0/15/15,Hydreigon (Shadow) #53,15/15/15,Hydreigon (Shadow) (raid top-10 listing),15/15/15,15/15/15,Keep strong PvP IVs or raid IV >90%; trade suboptimal tradable copies,Shadow cannot be traded
Hypno,97,hypno,Available in GO,Collection,,,,,,,,,15/15/15,Keep for collection; transfer ordinary extras,
Hypno (Shadow),97,hypno_shadow,Available in GO,Collection,,,,,,,,,15/15/15,Keep for collection; transfer ordinary extras,Shadow cannot be traded
Igglybuff,174,igglybuff,Available in GO,GL,Wigglytuff #109,0/15/12,,,,,,,15/15/15,Keep strong PvP IVs or raid IV >90%; trade suboptimal tradable copies,
Illumise,314,illumise,Available in GO,Collection,,,,,,,,,15/15/15,Keep for collection; transfer ordinary extras,
Impidimp,859,impidimp,Available in GO,"GL, UL, ML",Morgrem #121,3/15/15,Grimmsnarl #151,0/15/11,Grimmsnarl #150,15/15/15,,,15/15/15,Keep strong PvP IVs or raid IV >90%; trade suboptimal tradable copies,
Incineroar,727,incineroar,Available in GO,Collection,,,,,,,,,15/15/15,Keep for collection; transfer ordinary extras,
Indeedee (Female),876,indeedee_female,Available in GO,Collection,,,,,,,,,15/15/15,Keep for collection; transfer ordinary extras,
Indeedee (Male),876,indeedee_male,Available in GO,Collection,,,,,,,,,15/15/15,Keep for collection; transfer ordinary extras,
Infernape,392,infernape,Available in GO,Collection,,,,,,,,,15/15/15,Keep for collection; transfer ordinary extras,
Infernape (Shadow),392,infernape_shadow,Available in GO,Collection,,,,,,,,,15/15/15,Keep for collection; transfer ordinary extras,Shadow cannot be traded
Inkay,686,inkay,Available in GO,"GL, UL",Malamar #42,0/15/9,Malamar #62,3/15/15,,,,,15/15/15,Keep strong PvP IVs or raid IV >90%; trade suboptimal tradable copies,
Inkay (Shadow),686,inkay_shadow,Available in GO,"GL, UL",Malamar (Shadow) #45,0/15/9,Malamar (Shadow) #54,3/15/15,,,,,15/15/15,Keep strong PvP IVs or raid IV >90%; trade suboptimal tradable copies,Shadow cannot be traded
Inteleon,818,inteleon,Available in GO,Raids,,,,,,,Inteleon (Water backup),15/15/15,15/15/15,Keep strong PvP IVs or raid IV >90%; trade suboptimal tradable copies,
Ivysaur,2,ivysaur,Available in GO,Raids,,,,,,,Venusaur (Mega) (raid top-10 listing),15/15/15,15/15/15,Keep strong PvP IVs or raid IV >90%; trade suboptimal tradable copies,
Ivysaur (Shadow),2,ivysaur_shadow,Available in GO,Raids,,,,,,,Venusaur (Shadow) (raid top-10 listing),15/15/15,15/15/15,Keep strong PvP IVs or raid IV >90%; trade suboptimal tradable copies,Shadow cannot be traded
Jangmo-o,782,jangmo_o,Available in GO,"GL, UL, ML",Kommo-o #169,0/14/14,Kommo-o #118,0/11/14,Kommo-o #97,15/15/15,,,15/15/15,Keep strong PvP IVs or raid IV >90%; trade suboptimal tradable copies,
Jellicent,593,jellicent,Available in GO,"GL, UL",Jellicent #22,1/14/14,Jellicent #16,6/14/15,,,,,15/15/15,Keep strong PvP IVs or raid IV >90%; trade suboptimal tradable copies,
Jigglypuff,39,jigglypuff,Available in GO,GL,Wigglytuff #109,0/15/12,,,,,,,15/15/15,Keep strong PvP IVs or raid IV >90%; trade suboptimal tradable copies,
Jirachi,385,jirachi,Available in GO,"UL, ML",,,Jirachi #166,0/15/10,Jirachi #61,15/15/15,,,15/15/15,Keep strong PvP IVs or raid IV >90%; trade suboptimal tradable copies,
Jolteon,135,jolteon,Available in GO,Collection,,,,,,,,,15/15/15,Keep for collection; transfer ordinary extras,
Joltik,595,joltik,Available in GO,UL,,,Galvantula #182,15/15/15,,,,,15/15/15,Keep strong PvP IVs or raid IV >90%; trade suboptimal tradable copies,
Joltik (Shadow),595,joltik_shadow,Available in GO,Collection,,,,,,,,,15/15/15,Keep for collection; transfer ordinary extras,Shadow cannot be traded
Jumpluff,189,jumpluff,Available in GO,GL,Jumpluff #55,0/14/14,,,,,,,15/15/15,Keep strong PvP IVs or raid IV >90%; trade suboptimal tradable copies,
Jumpluff (Shadow),189,jumpluff_shadow,Available in GO,GL,Jumpluff (Shadow) #81,0/14/14,,,,,,,15/15/15,Keep strong PvP IVs or raid IV >90%; trade suboptimal tradable copies,Shadow cannot be traded
Jynx,124,jynx,Available in GO,Collection,,,,,,,,,15/15/15,Keep for collection; transfer ordinary extras,
Kabuto,140,kabuto,Available in GO,Collection,,,,,,,,,15/15/15,Keep for collection; transfer ordinary extras,
Kabuto (Shadow),140,kabuto_shadow,Available in GO,Collection,,,,,,,,,15/15/15,Keep for collection; transfer ordinary extras,Shadow cannot be traded
Kabutops,141,kabutops,Available in GO,Collection,,,,,,,,,15/15/15,Keep for collection; transfer ordinary extras,
Kabutops (Shadow),141,kabutops_shadow,Available in GO,Collection,,,,,,,,,15/15/15,Keep for collection; transfer ordinary extras,Shadow cannot be traded
Kadabra,64,kadabra,Available in GO,Raids,,,,,,,Alakazam (Mega) (raid top-10 listing),15/15/15,15/15/15,Keep strong PvP IVs or raid IV >90%; trade suboptimal tradable copies,
Kadabra (Shadow),64,kadabra_shadow,Available in GO,Collection,,,,,,,,,15/15/15,Keep for collection; transfer ordinary extras,Shadow cannot be traded
Kakuna,14,kakuna,Available in GO,Raids,,,,,,,Beedrill (Mega) (raid top-10 listing),15/15/15,15/15/15,Keep strong PvP IVs or raid IV >90%; trade suboptimal tradable copies,
Kakuna (Shadow),14,kakuna_shadow,Available in GO,Collection,,,,,,,,,15/15/15,Keep for collection; transfer ordinary extras,Shadow cannot be traded
Kangaskhan,115,kangaskhan,Available in GO,Collection,,,,,,,,,15/15/15,Keep for collection; transfer ordinary extras,
Kangaskhan (Mega),115,kangaskhan_mega,Available in GO,Collection,,,,,,,,,15/15/15,Keep for collection; transfer ordinary extras,Mega form uses the base Pokémon’s IVs
Karrablast,588,karrablast,Available in GO,Collection,,,,,,,,,15/15/15,Keep for collection; transfer ordinary extras,
Karrablast (Shadow),588,karrablast_shadow,Available in GO,Raids,,,,,,,Escavalier (Shadow) (raid top-10 listing),15/15/15,15/15/15,Keep strong PvP IVs or raid IV >90%; trade suboptimal tradable copies,Shadow cannot be traded
Kartana,798,kartana,Available in GO,"ML, Raids",,,,,Kartana #99,15/15/15,Kartana (raid top-10 listing),15/15/15,15/15/15,Keep strong PvP IVs or raid IV >90%; trade suboptimal tradable copies,
Kecleon,352,kecleon,Available in GO,GL,Kecleon #197,0/15/15,,,,,,,15/15/15,Keep strong PvP IVs or raid IV >90%; trade suboptimal tradable copies,
Keldeo (Ordinary),647,keldeo_ordinary,Available in GO,ML,,,,,Keldeo (Ordinary) #35,15/15/15,,,15/15/15,Keep strong PvP IVs or raid IV >90%; trade suboptimal tradable copies,
Keldeo (Resolute),647,keldeo_resolute,Available in GO,ML,,,,,Keldeo (Resolute) #29,15/15/15,,,15/15/15,Keep strong PvP IVs or raid IV >90%; trade suboptimal tradable copies,
Kilowattrel,941,kilowattrel,Available in GO,Collection,,,,,,,,,15/15/15,Keep for collection; transfer ordinary extras,
Kingambit,983,kingambit,Available in GO,"UL, ML",,,Kingambit #152,0/15/10,Kingambit #78,15/15/15,,,15/15/15,Keep strong PvP IVs or raid IV >90%; trade suboptimal tradable copies,
Kingdra,230,kingdra,Available in GO,"GL, UL",Kingdra #57,0/15/13,Kingdra #66,0/15/15,,,,,15/15/15,Keep strong PvP IVs or raid IV >90%; trade suboptimal tradable copies,
Kingdra (Shadow),230,kingdra_shadow,Available in GO,"GL, UL",Kingdra (Shadow) #62,0/15/13,Kingdra (Shadow) #73,0/15/15,,,,,15/15/15,Keep strong PvP IVs or raid IV >90%; trade suboptimal tradable copies,Shadow cannot be traded
Kingler,99,kingler,Available in GO,Collection,,,,,,,,,15/15/15,Keep for collection; transfer ordinary extras,
Kingler (Shadow),99,kingler_shadow,Available in GO,Raids,,,,,,,Kingler (Shadow) (raid top-10 listing),15/15/15,15/15/15,Keep strong PvP IVs or raid IV >90%; trade suboptimal tradable copies,Shadow cannot be traded
Kirlia,281,kirlia,Available in GO,"ML, Raids",,,,,Gallade #165,15/15/15,Gallade (Mega) (raid top-10 listing),15/15/15,15/15/15,Keep strong PvP IVs or raid IV >90%; trade suboptimal tradable copies,
Kirlia (Shadow),281,kirlia_shadow,Available in GO,"ML, Raids",,,,,Gallade (Shadow) #153,15/15/15,Gardevoir (Shadow) (raid top-10 listing),15/15/15,15/15/15,Keep strong PvP IVs or raid IV >90%; trade suboptimal tradable copies,Shadow cannot be traded
Klang,600,klang,Available in GO,Collection,,,,,,,,,15/15/15,Keep for collection; transfer ordinary extras,
Klawf,950,klawf,Available in GO,Collection,,,,,,,,,15/15/15,Keep for collection; transfer ordinary extras,
Kleavor,900,kleavor,Available in GO,Raids,,,,,,,Kleavor (Bug backup),15/15/15,15/15/15,Keep strong PvP IVs or raid IV >90%; trade suboptimal tradable copies,
Klefki,707,klefki,Available in GO,GL,Klefki #136,0/15/14,,,,,,,15/15/15,Keep strong PvP IVs or raid IV >90%; trade suboptimal tradable copies,
Klink,599,klink,Available in GO,Collection,,,,,,,,,15/15/15,Keep for collection; transfer ordinary extras,
Klinklang,601,klinklang,Available in GO,Collection,,,,,,,,,15/15/15,Keep for collection; transfer ordinary extras,
Koffing,109,koffing,Available in GO,Collection,,,,,,,,,15/15/15,Keep for collection; transfer ordinary extras,
Koffing (Shadow),109,koffing_shadow,Available in GO,Collection,,,,,,,,,15/15/15,Keep for collection; transfer ordinary extras,Shadow cannot be traded
Komala,775,komala,Available in GO,Collection,,,,,,,,,15/15/15,Keep for collection; transfer ordinary extras,
Kommo-o,784,kommo_o,Available in GO,"GL, UL, ML",Kommo-o #169,0/14/14,Kommo-o #118,0/11/14,Kommo-o #97,15/15/15,,,15/15/15,Keep strong PvP IVs or raid IV >90%; trade suboptimal tradable copies,
Krabby,98,krabby,Available in GO,Collection,,,,,,,,,15/15/15,Keep for collection; transfer ordinary extras,
Krabby (Shadow),98,krabby_shadow,Available in GO,Raids,,,,,,,Kingler (Shadow) (raid top-10 listing),15/15/15,15/15/15,Keep strong PvP IVs or raid IV >90%; trade suboptimal tradable copies,Shadow cannot be traded
Kricketot,401,kricketot,Available in GO,Collection,,,,,,,,,15/15/15,Keep for collection; transfer ordinary extras,
Kricketune,402,kricketune,Available in GO,Collection,,,,,,,,,15/15/15,Keep for collection; transfer ordinary extras,
Krokorok,552,krokorok,Available in GO,Collection,,,,,,,,,15/15/15,Keep for collection; transfer ordinary extras,
Krookodile,553,krookodile,Available in GO,Collection,,,,,,,,,15/15/15,Keep for collection; transfer ordinary extras,
Kubfu,891,kubfu,Available in GO,ML,,,,,Urshifu (Single Strike) #74,15/15/15,,,15/15/15,Keep strong PvP IVs or raid IV >90%; trade suboptimal tradable copies,
Kyogre,382,kyogre,Available in GO,ML,,,,,Kyogre #7,15/15/15,,,15/15/15,Keep strong PvP IVs or raid IV >90%; trade suboptimal tradable copies,
Kyogre (Primal),382,kyogre_primal,Available in GO,Collection,,,,,,,,,15/15/15,Keep for collection; transfer ordinary extras,
Kyogre (Shadow),382,kyogre_shadow,Available in GO,"ML, Raids",,,,,Kyogre (Shadow) #32,15/15/15,Kyogre (Shadow) (raid top-10 listing),15/15/15,15/15/15,Keep strong PvP IVs or raid IV >90%; trade suboptimal tradable copies,Shadow cannot be traded
Kyurem,646,kyurem,Available in GO,"UL, ML",,,Kyurem #106,0/14/15,Kyurem #46,15/15/15,,,15/15/15,Keep strong PvP IVs or raid IV >90%; trade suboptimal tradable copies,
Kyurem (Black),646,kyurem_black,Available in GO,ML,,,,,Kyurem (Black) #13,15/15/15,,,15/15/15,Keep strong PvP IVs or raid IV >90%; trade suboptimal tradable copies,
Kyurem (White),646,kyurem_white,Available in GO,ML,,,,,Kyurem (White) #5,15/15/15,,,15/15/15,Keep strong PvP IVs or raid IV >90%; trade suboptimal tradable copies,
Lairon,305,lairon,Available in GO,ML,,,,,Aggron #158,15/15/15,,,15/15/15,Keep strong PvP IVs or raid IV >90%; trade suboptimal tradable copies,
Lairon (Shadow),305,lairon_shadow,Available in GO,ML,,,,,Aggron (Shadow) #160,15/15/15,,,15/15/15,Keep strong PvP IVs or raid IV >90%; trade suboptimal tradable copies,Shadow cannot be traded
Lampent,608,lampent,Available in GO,"ML, Raids",,,,,Chandelure #167,15/15/15,Chandelure (Ghost/Fire backup),15/15/15,15/15/15,Keep strong PvP IVs or raid IV >90%; trade suboptimal tradable copies,
Lampent (Shadow),608,lampent_shadow,Available in GO,"ML, Raids",,,,,Chandelure (Shadow) #183,15/15/15,Chandelure (Shadow) (raid top-10 listing),15/15/15,15/15/15,Keep strong PvP IVs or raid IV >90%; trade suboptimal tradable copies,Shadow cannot be traded
Landorus (Incarnate),645,landorus_incarnate,Available in GO,ML,,,,,Landorus (Incarnate) #98,15/15/15,,,15/15/15,Keep strong PvP IVs or raid IV >90%; trade suboptimal tradable copies,
Landorus (Incarnate) (Shadow),645,landorus_incarnate_shadow,Available in GO,ML,,,,,Landorus (Incarnate) (Shadow) #102,15/15/15,,,15/15/15,Keep strong PvP IVs or raid IV >90%; trade suboptimal tradable copies,Shadow cannot be traded
Landorus (Therian),645,landorus_therian,Available in GO,ML,,,,,Landorus (Therian) #40,15/15/15,,,15/15/15,Keep strong PvP IVs or raid IV >90%; trade suboptimal tradable copies,
Lanturn,171,lanturn,Available in GO,GL,Lanturn #163,0/13/14,,,,,,,15/15/15,Keep strong PvP IVs or raid IV >90%; trade suboptimal tradable copies,
Lapras,131,lapras,Available in GO,"GL, UL",Lapras #39,0/10/14,Lapras #22,0/15/15,,,,,15/15/15,Keep strong PvP IVs or raid IV >90%; trade suboptimal tradable copies,
Lapras (Shadow),131,lapras_shadow,Available in GO,"GL, UL",Lapras (Shadow) #63,0/10/14,Lapras (Shadow) #23,0/15/15,,,,,15/15/15,Keep strong PvP IVs or raid IV >90%; trade suboptimal tradable copies,Shadow cannot be traded
Larvesta,636,larvesta,Available in GO,Raids,,,,,,,Volcarona (raid top-10 listing),15/15/15,15/15/15,Keep strong PvP IVs or raid IV >90%; trade suboptimal tradable copies,
Larvitar,246,larvitar,Available in GO,"ML, Raids",,,,,Tyranitar #83,15/15/15,Tyranitar (Mega) (raid top-10 listing),15/15/15,15/15/15,Keep strong PvP IVs or raid IV >90%; trade suboptimal tradable copies,
Larvitar (Shadow),246,larvitar_shadow,Available in GO,"ML, Raids",,,,,Tyranitar (Shadow) #63,15/15/15,Tyranitar (Shadow) (raid top-10 listing),15/15/15,15/15/15,Keep strong PvP IVs or raid IV >90%; trade suboptimal tradable copies,Shadow cannot be traded
Latias,380,latias,Available in GO,"GL, UL, ML",Latias #185,0/14/14,Latias #121,1/15/14,Latias #62,15/15/15,,,15/15/15,Keep strong PvP IVs or raid IV >90%; trade suboptimal tradable copies,
Latias (Mega),380,latias_mega,Available in GO,Collection,,,,,,,,,15/15/15,Keep for collection; transfer ordinary extras,Mega form uses the base Pokémon’s IVs
Latias (Shadow),380,latias_shadow,Available in GO,"UL, ML",,,Latias (Shadow) #157,1/15/14,Latias (Shadow) #56,15/15/15,,,15/15/15,Keep strong PvP IVs or raid IV >90%; trade suboptimal tradable copies,Shadow cannot be traded
Latios,381,latios,Available in GO,"ML, Raids",,,,,Latios #49,15/15/15,Latios (Mega) (raid top-10 listing),15/15/15,15/15/15,Keep strong PvP IVs or raid IV >90%; trade suboptimal tradable copies,
Latios (Mega),381,latios_mega,Available in GO,Raids,,,,,,,Latios (Mega) (raid top-10 listing),15/15/15,15/15/15,Keep strong PvP IVs or raid IV >90%; trade suboptimal tradable copies,Mega form uses the base Pokémon’s IVs
Latios (Shadow),381,latios_shadow,Available in GO,ML,,,,,Latios (Shadow) #36,15/15/15,,,15/15/15,Keep strong PvP IVs or raid IV >90%; trade suboptimal tradable copies,Shadow cannot be traded
Leafeon,470,leafeon,Available in GO,Raids,,,,,,,Leafeon (Grass backup),15/15/15,15/15/15,Keep strong PvP IVs or raid IV >90%; trade suboptimal tradable copies,
Leavanny,542,leavanny,Available in GO,Collection,,,,,,,,,15/15/15,Keep for collection; transfer ordinary extras,
Lechonk,915,lechonk,Available in GO,UL,,,Oinkologne #168,0/14/12,,,,,15/15/15,Keep strong PvP IVs or raid IV >90%; trade suboptimal tradable copies,
Ledian,166,ledian,Available in GO,GL,Ledian #147,13/15/15,,,,,,,15/15/15,Keep strong PvP IVs or raid IV >90%; trade suboptimal tradable copies,
Ledian (Shadow),166,ledian_shadow,Available in GO,Collection,,,,,,,,,15/15/15,Keep for collection; transfer ordinary extras,Shadow cannot be traded
Ledyba,165,ledyba,Available in GO,GL,Ledian #147,13/15/15,,,,,,,15/15/15,Keep strong PvP IVs or raid IV >90%; trade suboptimal tradable copies,
Ledyba (Shadow),165,ledyba_shadow,Available in GO,Collection,,,,,,,,,15/15/15,Keep for collection; transfer ordinary extras,Shadow cannot be traded
Lickilicky,463,lickilicky,Available in GO,"GL, UL",Lickilicky #129,0/15/10,Lickilicky #100,0/14/15,,,,,15/15/15,Keep strong PvP IVs or raid IV >90%; trade suboptimal tradable copies,
Lickitung,108,lickitung,Available in GO,"GL, UL",Lickilicky #129,0/15/10,Lickilicky #100,0/14/15,,,,,15/15/15,Keep strong PvP IVs or raid IV >90%; trade suboptimal tradable copies,
Liepard,510,liepard,Available in GO,Collection,,,,,,,,,15/15/15,Keep for collection; transfer ordinary extras,
Liepard (Shadow),510,liepard_shadow,Available in GO,Collection,,,,,,,,,15/15/15,Keep for collection; transfer ordinary extras,Shadow cannot be traded
Lileep,345,lileep,Available in GO,"GL, UL",Cradily #66,0/15/15,Cradily #78,15/15/15,,,,,15/15/15,Keep strong PvP IVs or raid IV >90%; trade suboptimal tradable copies,
Lileep (Shadow),345,lileep_shadow,Available in GO,UL,,,Cradily (Shadow) #53,15/15/15,,,,,15/15/15,Keep strong PvP IVs or raid IV >90%; trade suboptimal tradable copies,Shadow cannot be traded
Lilligant,549,lilligant,Available in GO,Collection,,,,,,,,,15/15/15,Keep for collection; transfer ordinary extras,
Lilligant (Hisuian),549,lilligant_hisuian,Available in GO,Collection,,,,,,,,,15/15/15,Keep for collection; transfer ordinary extras,
Lillipup,506,lillipup,Available in GO,Collection,,,,,,,,,15/15/15,Keep for collection; transfer ordinary extras,
Linoone,264,linoone,Available in GO,Collection,,,,,,,,,15/15/15,Keep for collection; transfer ordinary extras,
Linoone (Galarian),264,linoone_galarian,Available in GO,Collection,,,,,,,,,15/15/15,Keep for collection; transfer ordinary extras,
Linoone (Galarian) (Shadow),264,linoone_galarian_shadow,Available in GO,Collection,,,,,,,,,15/15/15,Keep for collection; transfer ordinary extras,Shadow cannot be traded
Litleo,667,litleo,Available in GO,Collection,,,,,,,,,15/15/15,Keep for collection; transfer ordinary extras,
Litten,725,litten,Available in GO,Collection,,,,,,,,,15/15/15,Keep for collection; transfer ordinary extras,
Litwick,607,litwick,Available in GO,"ML, Raids",,,,,Chandelure #167,15/15/15,Chandelure (Ghost/Fire backup),15/15/15,15/15/15,Keep strong PvP IVs or raid IV >90%; trade suboptimal tradable copies,
Litwick (Shadow),607,litwick_shadow,Available in GO,"ML, Raids",,,,,Chandelure (Shadow) #183,15/15/15,Chandelure (Shadow) (raid top-10 listing),15/15/15,15/15/15,Keep strong PvP IVs or raid IV >90%; trade suboptimal tradable copies,Shadow cannot be traded
Lokix,920,lokix,Available in GO,Collection,,,,,,,,,15/15/15,Keep for collection; transfer ordinary extras,
Lombre,271,lombre,Available in GO,"GL, UL",Ludicolo #178,0/15/15,Ludicolo #112,6/14/15,,,,,15/15/15,Keep strong PvP IVs or raid IV >90%; trade suboptimal tradable copies,
Lopunny,428,lopunny,Available in GO,GL,Lopunny #198,0/15/14,,,,,,,15/15/15,Keep strong PvP IVs or raid IV >90%; trade suboptimal tradable copies,
Lopunny (Mega),428,lopunny_mega,Available in GO,Collection,,,,,,,,,15/15/15,Keep for collection; transfer ordinary extras,Mega form uses the base Pokémon’s IVs
Lotad,270,lotad,Available in GO,"GL, UL",Ludicolo #178,0/15/15,Ludicolo #112,6/14/15,,,,,15/15/15,Keep strong PvP IVs or raid IV >90%; trade suboptimal tradable copies,
Loudred,294,loudred,Available in GO,Collection,,,,,,,,,15/15/15,Keep for collection; transfer ordinary extras,
Loudred (Shadow),294,loudred_shadow,Available in GO,Collection,,,,,,,,,15/15/15,Keep for collection; transfer ordinary extras,Shadow cannot be traded
Lucario,448,lucario,Available in GO,Raids,,,,,,,Lucario (Mega) (raid top-10 listing),15/15/15,15/15/15,Keep strong PvP IVs or raid IV >90%; trade suboptimal tradable copies,
Lucario (Mega),448,lucario_mega,Available in GO,Raids,,,,,,,Lucario (Mega) (raid top-10 listing),15/15/15,15/15/15,Keep strong PvP IVs or raid IV >90%; trade suboptimal tradable copies,Mega form uses the base Pokémon’s IVs
Ludicolo,272,ludicolo,Available in GO,"GL, UL",Ludicolo #178,0/15/15,Ludicolo #112,6/14/15,,,,,15/15/15,Keep strong PvP IVs or raid IV >90%; trade suboptimal tradable copies,
Lugia,249,lugia,Available in GO,"UL, ML",,,Lugia #144,0/14/15,Lugia #14,15/15/15,,,15/15/15,Keep strong PvP IVs or raid IV >90%; trade suboptimal tradable copies,
Lugia (Shadow),249,lugia_shadow,Available in GO,ML,,,,,Lugia (Shadow) #22,15/15/15,,,15/15/15,Keep strong PvP IVs or raid IV >90%; trade suboptimal tradable copies,Shadow cannot be traded
Lumineon,457,lumineon,Available in GO,GL,Lumineon #193,0/15/12,,,,,,,15/15/15,Keep strong PvP IVs or raid IV >90%; trade suboptimal tradable copies,
Lunala,792,lunala,Available in GO,ML,,,,,Lunala #15,15/15/15,,,15/15/15,Keep strong PvP IVs or raid IV >90%; trade suboptimal tradable copies,
Lunatone,337,lunatone,Available in GO,Collection,,,,,,,,,15/15/15,Keep for collection; transfer ordinary extras,
Lurantis,754,lurantis,Available in GO,Collection,,,,,,,,,15/15/15,Keep for collection; transfer ordinary extras,
Luvdisc,370,luvdisc,Available in GO,Collection,,,,,,,,,15/15/15,Keep for collection; transfer ordinary extras,
Luxio,404,luxio,Available in GO,Collection,,,,,,,,,15/15/15,Keep for collection; transfer ordinary extras,
Luxio (Shadow),404,luxio_shadow,Available in GO,Collection,,,,,,,,,15/15/15,Keep for collection; transfer ordinary extras,Shadow cannot be traded
Luxray,405,luxray,Available in GO,Collection,,,,,,,,,15/15/15,Keep for collection; transfer ordinary extras,
Luxray (Shadow),405,luxray_shadow,Available in GO,Collection,,,,,,,,,15/15/15,Keep for collection; transfer ordinary extras,Shadow cannot be traded
Lycanroc (Dusk),745,lycanroc_dusk,Available in GO,Collection,,,,,,,,,15/15/15,Keep for collection; transfer ordinary extras,
Lycanroc (Midday),745,lycanroc_midday,Available in GO,Collection,,,,,,,,,15/15/15,Keep for collection; transfer ordinary extras,
Lycanroc (Midnight),745,lycanroc_midnight,Available in GO,Collection,,,,,,,,,15/15/15,Keep for collection; transfer ordinary extras,
Mabosstiff,943,mabosstiff,Available in GO,Collection,,,,,,,,,15/15/15,Keep for collection; transfer ordinary extras,
Machamp,68,machamp,Available in GO,"ML, Raids",,,,,Machamp #169,15/15/15,Machamp (Fighting backup),15/15/15,15/15/15,Keep strong PvP IVs or raid IV >90%; trade suboptimal tradable copies,
Machamp (Shadow),68,machamp_shadow,Available in GO,"GL, UL, ML, Raids",Machamp (Shadow) #194,0/14/11,Machamp (Shadow) #171,0/15/14,Machamp (Shadow) #146,15/15/15,Machamp (Shadow) (Fighting backup),15/15/15,15/15/15,Keep strong PvP IVs or raid IV >90%; trade suboptimal tradable copies,Shadow cannot be traded
Machoke,67,machoke,Available in GO,"ML, Raids",,,,,Machamp #169,15/15/15,Machamp (Fighting backup),15/15/15,15/15/15,Keep strong PvP IVs or raid IV >90%; trade suboptimal tradable copies,
Machoke (Shadow),67,machoke_shadow,Available in GO,"GL, UL, ML, Raids",Machamp (Shadow) #194,0/14/11,Machamp (Shadow) #171,0/15/14,Machamp (Shadow) #146,15/15/15,Machamp (Shadow) (Fighting backup),15/15/15,15/15/15,Keep strong PvP IVs or raid IV >90%; trade suboptimal tradable copies,Shadow cannot be traded
Machop,66,machop,Available in GO,"ML, Raids",,,,,Machamp #169,15/15/15,Machamp (Fighting backup),15/15/15,15/15/15,Keep strong PvP IVs or raid IV >90%; trade suboptimal tradable copies,
Machop (Shadow),66,machop_shadow,Available in GO,"GL, UL, ML, Raids",Machamp (Shadow) #194,0/14/11,Machamp (Shadow) #171,0/15/14,Machamp (Shadow) #146,15/15/15,Machamp (Shadow) (Fighting backup),15/15/15,15/15/15,Keep strong PvP IVs or raid IV >90%; trade suboptimal tradable copies,Shadow cannot be traded
Magby,240,magby,Available in GO,Raids,,,,,,,Magmortar (Fire backup),15/15/15,15/15/15,Keep strong PvP IVs or raid IV >90%; trade suboptimal tradable copies,
Magcargo,219,magcargo,Available in GO,Collection,,,,,,,,,15/15/15,Keep for collection; transfer ordinary extras,
Magikarp,129,magikarp,Available in GO,"UL, ML, Raids",,,Gyarados #75,0/15/14,Gyarados #57,15/15/15,Gyarados (Mega) (raid top-10 listing),15/15/15,15/15/15,Keep strong PvP IVs or raid IV >90%; trade suboptimal tradable copies,
Magikarp (Shadow),129,magikarp_shadow,Available in GO,"UL, ML, Raids",,,Gyarados (Shadow) #67,0/15/14,Gyarados (Shadow) #31,15/15/15,Gyarados (Shadow) (Water backup),15/15/15,15/15/15,Keep strong PvP IVs or raid IV >90%; trade suboptimal tradable copies,Shadow cannot be traded
Magmar,126,magmar,Available in GO,Raids,,,,,,,Magmortar (Fire backup),15/15/15,15/15/15,Keep strong PvP IVs or raid IV >90%; trade suboptimal tradable copies,
Magmar (Shadow),126,magmar_shadow,Available in GO,Raids,,,,,,,Magmortar (Shadow) (Fire backup),15/15/15,15/15/15,Keep strong PvP IVs or raid IV >90%; trade suboptimal tradable copies,Shadow cannot be traded
Magmortar,467,magmortar,Available in GO,Raids,,,,,,,Magmortar (Fire backup),15/15/15,15/15/15,Keep strong PvP IVs or raid IV >90%; trade suboptimal tradable copies,
Magmortar (Shadow),467,magmortar_shadow,Available in GO,Raids,,,,,,,Magmortar (Shadow) (Fire backup),15/15/15,15/15/15,Keep strong PvP IVs or raid IV >90%; trade suboptimal tradable copies,Shadow cannot be traded
Magnemite,81,magnemite,Available in GO,Raids,,,,,,,Magnezone (Electric backup),15/15/15,15/15/15,Keep strong PvP IVs or raid IV >90%; trade suboptimal tradable copies,
Magnemite (Shadow),81,magnemite_shadow,Available in GO,"ML, Raids",,,,,Magnezone (Shadow) #180,15/15/15,Magnezone (Shadow) (Electric backup),15/15/15,15/15/15,Keep strong PvP IVs or raid IV >90%; trade suboptimal tradable copies,Shadow cannot be traded
Magneton,82,magneton,Available in GO,Raids,,,,,,,Magnezone (Electric backup),15/15/15,15/15/15,Keep strong PvP IVs or raid IV >90%; trade suboptimal tradable copies,
Magneton (Shadow),82,magneton_shadow,Available in GO,"ML, Raids",,,,,Magnezone (Shadow) #180,15/15/15,Magnezone (Shadow) (Electric backup),15/15/15,15/15/15,Keep strong PvP IVs or raid IV >90%; trade suboptimal tradable copies,Shadow cannot be traded
Magnezone,462,magnezone,Available in GO,Raids,,,,,,,Magnezone (Electric backup),15/15/15,15/15/15,Keep strong PvP IVs or raid IV >90%; trade suboptimal tradable copies,
Magnezone (Shadow),462,magnezone_shadow,Available in GO,"ML, Raids",,,,,Magnezone (Shadow) #180,15/15/15,Magnezone (Shadow) (Electric backup),15/15/15,15/15/15,Keep strong PvP IVs or raid IV >90%; trade suboptimal tradable copies,Shadow cannot be traded
Makuhita,296,makuhita,Available in GO,Raids,,,,,,,Hariyama (Fighting backup),15/15/15,15/15/15,Keep strong PvP IVs or raid IV >90%; trade suboptimal tradable copies,
Makuhita (Shadow),296,makuhita_shadow,Available in GO,Raids,,,,,,,Hariyama (Shadow) (Fighting backup),15/15/15,15/15/15,Keep strong PvP IVs or raid IV >90%; trade suboptimal tradable copies,Shadow cannot be traded
Malamar,687,malamar,Available in GO,"GL, UL",Malamar #42,0/15/9,Malamar #62,3/15/15,,,,,15/15/15,Keep strong PvP IVs or raid IV >90%; trade suboptimal tradable copies,
Malamar (Mega),687,malamar_mega,Available in GO,Collection,,,,,,,,,15/15/15,Keep for collection; transfer ordinary extras,Mega form uses the base Pokémon’s IVs
Malamar (Shadow),687,malamar_shadow,Available in GO,"GL, UL",Malamar (Shadow) #45,0/15/9,Malamar (Shadow) #54,3/15/15,,,,,15/15/15,Keep strong PvP IVs or raid IV >90%; trade suboptimal tradable copies,Shadow cannot be traded
Mamoswine,473,mamoswine,Available in GO,ML,,,,,Mamoswine #106,15/15/15,,,15/15/15,Keep strong PvP IVs or raid IV >90%; trade suboptimal tradable copies,
Mamoswine (Shadow),473,mamoswine_shadow,Available in GO,"ML, Raids",,,,,Mamoswine (Shadow) #94,15/15/15,Mamoswine (Shadow) (raid top-10 listing),15/15/15,15/15/15,Keep strong PvP IVs or raid IV >90%; trade suboptimal tradable copies,Shadow cannot be traded
Mandibuzz,630,mandibuzz,Available in GO,"GL, UL",Mandibuzz #51,0/13/15,Mandibuzz #136,15/15/15,,,,,15/15/15,Keep strong PvP IVs or raid IV >90%; trade suboptimal tradable copies,
Manectric,310,manectric,Available in GO,Raids,,,,,,,Manectric (Mega) (raid top-10 listing),15/15/15,15/15/15,Keep strong PvP IVs or raid IV >90%; trade suboptimal tradable copies,
Manectric (Mega),310,manectric_mega,Available in GO,Raids,,,,,,,Manectric (Mega) (raid top-10 listing),15/15/15,15/15/15,Keep strong PvP IVs or raid IV >90%; trade suboptimal tradable copies,Mega form uses the base Pokémon’s IVs
Manectric (Shadow),310,manectric_shadow,Available in GO,Collection,,,,,,,,,15/15/15,Keep for collection; transfer ordinary extras,Shadow cannot be traded
Mankey,56,mankey,Available in GO,"GL, UL, ML",Annihilape #31,2/15/14,Annihilape #59,0/15/15,Annihilape #93,15/15/15,,,15/15/15,Keep strong PvP IVs or raid IV >90%; trade suboptimal tradable copies,
Mankey (Shadow),56,mankey_shadow,Available in GO,"GL, UL, ML",Annihilape (Shadow) #38,2/15/14,Annihilape (Shadow) #74,0/15/15,Annihilape (Shadow) #91,15/15/15,,,15/15/15,Keep strong PvP IVs or raid IV >90%; trade suboptimal tradable copies,Shadow cannot be traded
Mantine,226,mantine,Available in GO,"GL, UL",Mantine #26,0/15/13,Mantine #131,15/15/15,,,,,15/15/15,Keep strong PvP IVs or raid IV >90%; trade suboptimal tradable copies,
Mantyke,458,mantyke,Available in GO,"GL, UL",Mantine #26,0/15/13,Mantine #131,15/15/15,,,,,15/15/15,Keep strong PvP IVs or raid IV >90%; trade suboptimal tradable copies,
Maractus,556,maractus,Available in GO,Collection,,,,,,,,,15/15/15,Keep for collection; transfer ordinary extras,
Mareanie,747,mareanie,Available in GO,GL,Toxapex #114,0/15/15,,,,,,,15/15/15,Keep strong PvP IVs or raid IV >90%; trade suboptimal tradable copies,
Mareep,179,mareep,Available in GO,UL,,,Ampharos #52,0/13/15,,,,,15/15/15,Keep strong PvP IVs or raid IV >90%; trade suboptimal tradable copies,
Mareep (Shadow),179,mareep_shadow,Available in GO,UL,,,Ampharos (Shadow) #55,0/13/15,,,,,15/15/15,Keep strong PvP IVs or raid IV >90%; trade suboptimal tradable copies,Shadow cannot be traded
Marill,183,marill,Available in GO,GL,Azumarill #32,0/15/15,,,,,,,15/15/15,Keep strong PvP IVs or raid IV >90%; trade suboptimal tradable copies,
Marowak,105,marowak,Available in GO,GL,Marowak #19,0/14/14,,,,,,,15/15/15,Keep strong PvP IVs or raid IV >90%; trade suboptimal tradable copies,
Marowak (Alolan),105,marowak_alolan,Available in GO,GL,Marowak (Alolan) #174,0/14/14,,,,,,,15/15/15,Keep strong PvP IVs or raid IV >90%; trade suboptimal tradable copies,
Marowak (Alolan) (Shadow),105,marowak_alolan_shadow,Available in GO,GL,Marowak (Alolan) (Shadow) #175,0/14/14,,,,,,,15/15/15,Keep strong PvP IVs or raid IV >90%; trade suboptimal tradable copies,Shadow cannot be traded
Marowak (Shadow),105,marowak_shadow,Available in GO,GL,Marowak (Shadow) #77,0/14/14,,,,,,,15/15/15,Keep strong PvP IVs or raid IV >90%; trade suboptimal tradable copies,Shadow cannot be traded
Marshadow,802,marshadow,Available in GO,ML,,,,,Marshadow #19,15/15/15,,,15/15/15,Keep strong PvP IVs or raid IV >90%; trade suboptimal tradable copies,
Marshtomp,259,marshtomp,Available in GO,"GL, UL, ML, Raids",Swampert #78,0/14/14,Swampert #48,0/14/13,Swampert #104,15/15/15,Swampert (Mega) (raid top-10 listing),15/15/15,15/15/15,Keep strong PvP IVs or raid IV >90%; trade suboptimal tradable copies,
Marshtomp (Shadow),259,marshtomp_shadow,Available in GO,"GL, UL, ML, Raids",Swampert (Shadow) #79,0/14/14,Swampert (Shadow) #89,0/14/13,Swampert (Shadow) #118,15/15/15,Swampert (Shadow) (raid top-10 listing),15/15/15,15/15/15,Keep strong PvP IVs or raid IV >90%; trade suboptimal tradable copies,Shadow cannot be traded
Maschiff,942,maschiff,Available in GO,Collection,,,,,,,,,15/15/15,Keep for collection; transfer ordinary extras,
Masquerain,284,masquerain,Available in GO,Collection,,,,,,,,,15/15/15,Keep for collection; transfer ordinary extras,
Maushold,925,maushold,Available in GO,GL,Maushold #176,0/14/15,,,,,,,15/15/15,Keep strong PvP IVs or raid IV >90%; trade suboptimal tradable copies,
Mawile,303,mawile,Available in GO,GL,Mawile #154,1/15/15,,,,,,,15/15/15,Keep strong PvP IVs or raid IV >90%; trade suboptimal tradable copies,
Mawile (Mega),303,mawile_mega,Available in GO,Collection,,,,,,,,,15/15/15,Keep for collection; transfer ordinary extras,Mega form uses the base Pokémon’s IVs
Mawile (Shadow),303,mawile_shadow,Available in GO,Collection,,,,,,,,,15/15/15,Keep for collection; transfer ordinary extras,Shadow cannot be traded
Medicham,308,medicham,Available in GO,GL,Medicham #54,5/15/14,,,,,,,15/15/15,Keep strong PvP IVs or raid IV >90%; trade suboptimal tradable copies,
Medicham (Mega),308,medicham_mega,Available in GO,Collection,,,,,,,,,15/15/15,Keep for collection; transfer ordinary extras,Mega form uses the base Pokémon’s IVs
Meditite,307,meditite,Available in GO,GL,Medicham #54,5/15/14,,,,,,,15/15/15,Keep strong PvP IVs or raid IV >90%; trade suboptimal tradable copies,
Meganium,154,meganium,Available in GO,Collection,,,,,,,,,15/15/15,Keep for collection; transfer ordinary extras,
Meganium (Shadow),154,meganium_shadow,Available in GO,Collection,,,,,,,,,15/15/15,Keep for collection; transfer ordinary extras,Shadow cannot be traded
Melmetal,809,melmetal,Available in GO,"GL, UL, ML",Melmetal #1,1/15/14,Melmetal #5,0/13/15,Melmetal #28,15/15/15,,,15/15/15,Keep strong PvP IVs or raid IV >90%; trade suboptimal tradable copies,
Meloetta (Aria),648,meloetta_aria,Available in GO,ML,,,,,Meloetta (Aria) #43,15/15/15,,,15/15/15,Keep strong PvP IVs or raid IV >90%; trade suboptimal tradable copies,
Meltan,808,meltan,Available in GO,"GL, UL, ML",Melmetal #1,1/15/14,Melmetal #5,0/13/15,Melmetal #28,15/15/15,,,15/15/15,Keep strong PvP IVs or raid IV >90%; trade suboptimal tradable copies,
Meowscarada,908,meowscarada,Available in GO,Raids,,,,,,,Meowscarada (Grass backup),15/15/15,15/15/15,Keep strong PvP IVs or raid IV >90%; trade suboptimal tradable copies,
Meowstic (Female),678,meowstic_female,Available in GO,Collection,,,,,,,,,15/15/15,Keep for collection; transfer ordinary extras,
Meowstic (Male),678,meowstic,Available in GO,Collection,,,,,,,,,15/15/15,Keep for collection; transfer ordinary extras,
Meowth,52,meowth,Available in GO,GL,Persian #118,0/14/13,,,,,,,15/15/15,Keep strong PvP IVs or raid IV >90%; trade suboptimal tradable copies,
Meowth (Alolan),52,meowth_alolan,Available in GO,Collection,,,,,,,,,15/15/15,Keep for collection; transfer ordinary extras,
Meowth (Galarian),52,meowth_galarian,Available in GO,Collection,,,,,,,,,15/15/15,Keep for collection; transfer ordinary extras,
Meowth (Shadow),52,meowth_shadow,Available in GO,GL,Persian (Shadow) #148,0/14/13,,,,,,,15/15/15,Keep strong PvP IVs or raid IV >90%; trade suboptimal tradable copies,Shadow cannot be traded
Mesprit,481,mesprit,Available in GO,Collection,,,,,,,,,15/15/15,Keep for collection; transfer ordinary extras,
Metagross,376,metagross,Available in GO,"ML, Raids",,,,,Metagross #4,15/15/15,Metagross (raid top-10 listing),15/15/15,15/15/15,Keep strong PvP IVs or raid IV >90%; trade suboptimal tradable copies,
Metagross (Mega),376,metagross_mega,Available in GO,Raids,,,,,,,Metagross (Mega) (raid top-10 listing),15/15/15,15/15/15,Keep strong PvP IVs or raid IV >90%; trade suboptimal tradable copies,Mega form uses the base Pokémon’s IVs
Metagross (Shadow),376,metagross_shadow,Available in GO,"ML, Raids",,,,,Metagross (Shadow) #27,15/15/15,Metagross (Shadow) (raid top-10 listing),15/15/15,15/15/15,Keep strong PvP IVs or raid IV >90%; trade suboptimal tradable copies,Shadow cannot be traded
Metang,375,metang,Available in GO,"GL, ML, Raids",Metang #164,0/13/15,,,Metagross #4,15/15/15,Metagross (raid top-10 listing),15/15/15,15/15/15,Keep strong PvP IVs or raid IV >90%; trade suboptimal tradable copies,
Metang (Shadow),375,metang_shadow,Available in GO,"GL, ML, Raids",Metang (Shadow) #159,0/13/15,,,Metagross (Shadow) #27,15/15/15,Metagross (Shadow) (raid top-10 listing),15/15/15,15/15/15,Keep strong PvP IVs or raid IV >90%; trade suboptimal tradable copies,Shadow cannot be traded
Metapod,11,metapod,Available in GO,Collection,,,,,,,,,15/15/15,Keep for collection; transfer ordinary extras,
Metapod (Shadow),11,metapod_shadow,Available in GO,Collection,,,,,,,,,15/15/15,Keep for collection; transfer ordinary extras,Shadow cannot be traded
Mew,151,mew,Available in GO,"UL, ML",,,Mew #194,0/15/10,Mew #131,15/15/15,,,15/15/15,Keep strong PvP IVs or raid IV >90%; trade suboptimal tradable copies,
Mewtwo,150,mewtwo,Available in GO,"ML, Raids",,,,,Mewtwo #65,15/15/15,Mewtwo (raid top-10 listing),15/15/15,15/15/15,Keep strong PvP IVs or raid IV >90%; trade suboptimal tradable copies,
Mewtwo (Armored),150,mewtwo_armored,Available in GO,"UL, ML",,,Mewtwo (Armored) #122,0/12/13,Mewtwo (Armored) #111,15/15/15,,,15/15/15,Keep strong PvP IVs or raid IV >90%; trade suboptimal tradable copies,
Mewtwo (Mega X),150,mewtwo_mega_x,Available in GO,Raids,,,,,,,Mewtwo (Mega X) (raid top-10 listing),15/15/15,15/15/15,Keep strong PvP IVs or raid IV >90%; trade suboptimal tradable copies,Mega form uses the base Pokémon’s IVs
Mewtwo (Mega Y),150,mewtwo_mega_y,Available in GO,Raids,,,,,,,Mewtwo (Mega Y) (raid top-10 listing),15/15/15,15/15/15,Keep strong PvP IVs or raid IV >90%; trade suboptimal tradable copies,Mega form uses the base Pokémon’s IVs
Mewtwo (Shadow),150,mewtwo_shadow,Available in GO,"ML, Raids",,,,,Mewtwo (Shadow) #51,15/15/15,Mewtwo (Shadow) (raid top-10 listing),15/15/15,15/15/15,Keep strong PvP IVs or raid IV >90%; trade suboptimal tradable copies,Shadow cannot be traded
Mienfoo,619,mienfoo,Available in GO,Collection,,,,,,,,,15/15/15,Keep for collection; transfer ordinary extras,
Mienshao,620,mienshao,Available in GO,Collection,,,,,,,,,15/15/15,Keep for collection; transfer ordinary extras,
Mightyena,262,mightyena,Available in GO,Collection,,,,,,,,,15/15/15,Keep for collection; transfer ordinary extras,
Mightyena (Shadow),262,mightyena_shadow,Available in GO,Collection,,,,,,,,,15/15/15,Keep for collection; transfer ordinary extras,Shadow cannot be traded
Milotic,350,milotic,Available in GO,"GL, UL, ML",Milotic #126,0/15/11,Milotic #71,0/13/15,Milotic #143,15/15/15,,,15/15/15,Keep strong PvP IVs or raid IV >90%; trade suboptimal tradable copies,
Milotic (Shadow),350,milotic_shadow,Available in GO,"GL, UL, ML",Milotic (Shadow) #145,0/15/11,Milotic (Shadow) #50,0/13/15,Milotic (Shadow) #157,15/15/15,,,15/15/15,Keep strong PvP IVs or raid IV >90%; trade suboptimal tradable copies,Shadow cannot be traded
Miltank,241,miltank,Available in GO,"GL, UL",Miltank #111,0/14/14,Miltank #60,4/15/15,,,,,15/15/15,Keep strong PvP IVs or raid IV >90%; trade suboptimal tradable copies,
Mime (Jr),439,mime_jr,Available in GO,Collection,,,,,,,,,15/15/15,Keep for collection; transfer ordinary extras,
Mimikyu,778,mimikyu,Available in GO,"GL, UL",Mimikyu #6,1/14/15,Mimikyu #10,14/14/15,,,,,15/15/15,Keep strong PvP IVs or raid IV >90%; trade suboptimal tradable copies,
Minccino,572,minccino,Available in GO,Collection,,,,,,,,,15/15/15,Keep for collection; transfer ordinary extras,
Minun,312,minun,Available in GO,Collection,,,,,,,,,15/15/15,Keep for collection; transfer ordinary extras,
Misdreavus,200,misdreavus,Available in GO,Collection,,,,,,,,,15/15/15,Keep for collection; transfer ordinary extras,
Misdreavus (Shadow),200,misdreavus_shadow,Available in GO,Collection,,,,,,,,,15/15/15,Keep for collection; transfer ordinary extras,Shadow cannot be traded
Mismagius,429,mismagius,Available in GO,Collection,,,,,,,,,15/15/15,Keep for collection; transfer ordinary extras,
Mismagius (Shadow),429,mismagius_shadow,Available in GO,Collection,,,,,,,,,15/15/15,Keep for collection; transfer ordinary extras,Shadow cannot be traded
Moltres,146,moltres,Available in GO,ML,,,,,Moltres #133,15/15/15,,,15/15/15,Keep strong PvP IVs or raid IV >90%; trade suboptimal tradable copies,
Moltres (Galarian),146,moltres_galarian,Available in GO,"GL, UL, ML",Moltres (Galarian) #71,0/13/12,Moltres (Galarian) #13,1/15/15,Moltres (Galarian) #154,15/15/15,,,15/15/15,Keep strong PvP IVs or raid IV >90%; trade suboptimal tradable copies,
Moltres (Shadow),146,moltres_shadow,Available in GO,"ML, Raids",,,,,Moltres (Shadow) #151,15/15/15,Moltres (Shadow) (raid top-10 listing),15/15/15,15/15/15,Keep strong PvP IVs or raid IV >90%; trade suboptimal tradable copies,Shadow cannot be traded
Monferno,391,monferno,Available in GO,Collection,,,,,,,,,15/15/15,Keep for collection; transfer ordinary extras,
Monferno (Shadow),391,monferno_shadow,Available in GO,Collection,,,,,,,,,15/15/15,Keep for collection; transfer ordinary extras,Shadow cannot be traded
Morelull,755,morelull,Available in GO,Collection,,,,,,,,,15/15/15,Keep for collection; transfer ordinary extras,
Morgrem,860,morgrem,Available in GO,"GL, UL, ML",Morgrem #121,3/15/15,Grimmsnarl #151,0/15/11,Grimmsnarl #150,15/15/15,,,15/15/15,Keep strong PvP IVs or raid IV >90%; trade suboptimal tradable copies,
Morpeko (Full Belly),877,morpeko_full_belly,Available in GO,GL,Morpeko (Full Belly) #52,1/15/15,,,,,,,15/15/15,Keep strong PvP IVs or raid IV >90%; trade suboptimal tradable copies,
Mothim,414,mothim,Available in GO,Collection,,,,,,,,,15/15/15,Keep for collection; transfer ordinary extras,
Mr. Mime,122,mr_mime,Available in GO,Collection,,,,,,,,,15/15/15,Keep for collection; transfer ordinary extras,
Mr. Mime (Galarian),122,mr_mime_galarian,Available in GO,Collection,,,,,,,,,15/15/15,Keep for collection; transfer ordinary extras,
Mr. Rime,866,mr_rime,Available in GO,Collection,,,,,,,,,15/15/15,Keep for collection; transfer ordinary extras,
Mudbray,749,mudbray,Available in GO,Collection,,,,,,,,,15/15/15,Keep for collection; transfer ordinary extras,
Mudkip,258,mudkip,Available in GO,"GL, UL, ML, Raids",Swampert #78,0/14/14,Swampert #48,0/14/13,Swampert #104,15/15/15,Swampert (Mega) (raid top-10 listing),15/15/15,15/15/15,Keep strong PvP IVs or raid IV >90%; trade suboptimal tradable copies,
Mudkip (Shadow),258,mudkip_shadow,Available in GO,"GL, UL, ML, Raids",Swampert (Shadow) #79,0/14/14,Swampert (Shadow) #89,0/14/13,Swampert (Shadow) #118,15/15/15,Swampert (Shadow) (raid top-10 listing),15/15/15,15/15/15,Keep strong PvP IVs or raid IV >90%; trade suboptimal tradable copies,Shadow cannot be traded
Mudsdale,750,mudsdale,Available in GO,Collection,,,,,,,,,15/15/15,Keep for collection; transfer ordinary extras,
Muk,89,muk,Available in GO,Collection,,,,,,,,,15/15/15,Keep for collection; transfer ordinary extras,
Muk (Alolan),89,muk_alolan,Available in GO,"GL, UL",Muk (Alolan) #100,0/15/14,Muk (Alolan) #36,0/15/14,,,,,15/15/15,Keep strong PvP IVs or raid IV >90%; trade suboptimal tradable copies,
Muk (Alolan) (Shadow),89,muk_alolan_shadow,Available in GO,"GL, UL",Muk (Alolan) (Shadow) #116,0/15/14,Muk (Alolan) (Shadow) #68,0/15/14,,,,,15/15/15,Keep strong PvP IVs or raid IV >90%; trade suboptimal tradable copies,Shadow cannot be traded
Muk (Shadow),89,muk_shadow,Available in GO,Collection,,,,,,,,,15/15/15,Keep for collection; transfer ordinary extras,Shadow cannot be traded
Munchlax,446,munchlax,Available in GO,"GL, UL, ML",Snorlax #27,1/15/14,Snorlax #11,0/12/15,Snorlax #90,15/15/15,,,15/15/15,Keep strong PvP IVs or raid IV >90%; trade suboptimal tradable copies,
Munna,517,munna,Available in GO,Collection,,,,,,,,,15/15/15,Keep for collection; transfer ordinary extras,
Murkrow,198,murkrow,Available in GO,Raids,,,,,,,Honchkrow (Flying/Dark backup),15/15/15,15/15/15,Keep strong PvP IVs or raid IV >90%; trade suboptimal tradable copies,
Murkrow (Shadow),198,murkrow_shadow,Available in GO,"GL, Raids",Murkrow (Shadow) #127,0/15/14,,,,,Honchkrow (Shadow) (Flying/Dark backup),15/15/15,15/15/15,Keep strong PvP IVs or raid IV >90%; trade suboptimal tradable copies,Shadow cannot be traded
Musharna,518,musharna,Available in GO,Collection,,,,,,,,,15/15/15,Keep for collection; transfer ordinary extras,
Nacli,932,nacli,Available in GO,Collection,,,,,,,,,15/15/15,Keep for collection; transfer ordinary extras,
Naclstack,933,naclstack,Available in GO,Collection,,,,,,,,,15/15/15,Keep for collection; transfer ordinary extras,
Naganadel,804,naganadel,Available in GO,Raids,,,,,,,Naganadel (raid top-10 listing),15/15/15,15/15/15,Keep strong PvP IVs or raid IV >90%; trade suboptimal tradable copies,
Natu,177,natu,Available in GO,Collection,,,,,,,,,15/15/15,Keep for collection; transfer ordinary extras,
Natu (Shadow),177,natu_shadow,Available in GO,Collection,,,,,,,,,15/15/15,Keep for collection; transfer ordinary extras,Shadow cannot be traded
Necrozma,800,necrozma,Available in GO,ML,,,,,Necrozma #139,15/15/15,,,15/15/15,Keep strong PvP IVs or raid IV >90%; trade suboptimal tradable copies,
Necrozma (Dawn Wings),800,necrozma_dawn_wings,Available in GO,ML,,,,,Necrozma (Dawn Wings) #18,15/15/15,,,15/15/15,Keep strong PvP IVs or raid IV >90%; trade suboptimal tradable copies,
Necrozma (Dusk Mane),800,necrozma_dusk_mane,Available in GO,ML,,,,,Necrozma (Dusk Mane) #21,15/15/15,,,15/15/15,Keep strong PvP IVs or raid IV >90%; trade suboptimal tradable copies,
Nickit,827,nickit,Available in GO,"GL, UL",Thievul #15,0/15/11,Thievul #164,15/15/15,,,,,15/15/15,Keep strong PvP IVs or raid IV >90%; trade suboptimal tradable copies,
Nidoking,34,nidoking,Available in GO,UL,,,Nidoking #167,0/14/14,,,,,15/15/15,Keep strong PvP IVs or raid IV >90%; trade suboptimal tradable copies,
Nidoking (Shadow),34,nidoking_shadow,Available in GO,Collection,,,,,,,,,15/15/15,Keep for collection; transfer ordinary extras,Shadow cannot be traded
Nidoqueen,31,nidoqueen,Available in GO,UL,,,Nidoqueen #123,0/14/15,,,,,15/15/15,Keep strong PvP IVs or raid IV >90%; trade suboptimal tradable copies,
Nidoqueen (Shadow),31,nidoqueen_shadow,Available in GO,UL,,,Nidoqueen (Shadow) #172,0/14/15,,,,,15/15/15,Keep strong PvP IVs or raid IV >90%; trade suboptimal tradable copies,Shadow cannot be traded
Nidoran Female,29,nidoran_female,Available in GO,UL,,,Nidoqueen #123,0/14/15,,,,,15/15/15,Keep strong PvP IVs or raid IV >90%; trade suboptimal tradable copies,
Nidoran Female (Shadow),29,nidoran_female_shadow,Available in GO,UL,,,Nidoqueen (Shadow) #172,0/14/15,,,,,15/15/15,Keep strong PvP IVs or raid IV >90%; trade suboptimal tradable copies,Shadow cannot be traded
Nidoran Male,32,nidoran_male,Available in GO,UL,,,Nidoking #167,0/14/14,,,,,15/15/15,Keep strong PvP IVs or raid IV >90%; trade suboptimal tradable copies,
Nidoran Male (Shadow),32,nidoran_male_shadow,Available in GO,Collection,,,,,,,,,15/15/15,Keep for collection; transfer ordinary extras,Shadow cannot be traded
Nidorina,30,nidorina,Available in GO,UL,,,Nidoqueen #123,0/14/15,,,,,15/15/15,Keep strong PvP IVs or raid IV >90%; trade suboptimal tradable copies,
Nidorina (Shadow),30,nidorina_shadow,Available in GO,UL,,,Nidoqueen (Shadow) #172,0/14/15,,,,,15/15/15,Keep strong PvP IVs or raid IV >90%; trade suboptimal tradable copies,Shadow cannot be traded
Nidorino,33,nidorino,Available in GO,UL,,,Nidoking #167,0/14/14,,,,,15/15/15,Keep strong PvP IVs or raid IV >90%; trade suboptimal tradable copies,
Nidorino (Shadow),33,nidorino_shadow,Available in GO,Collection,,,,,,,,,15/15/15,Keep for collection; transfer ordinary extras,Shadow cannot be traded
Nihilego,793,nihilego,Available in GO,"ML, Raids",,,,,Nihilego #196,15/15/15,Nihilego (raid top-10 listing),15/15/15,15/15/15,Keep strong PvP IVs or raid IV >90%; trade suboptimal tradable copies,
Nincada,290,nincada,Available in GO,Collection,,,,,,,,,15/15/15,Keep for collection; transfer ordinary extras,
Ninetales,38,ninetales,Available in GO,"GL, UL",Ninetales #13,0/15/15,Ninetales #34,9/15/15,,,,,15/15/15,Keep strong PvP IVs or raid IV >90%; trade suboptimal tradable copies,
Ninetales (Alolan),38,ninetales_alolan,Available in GO,"GL, UL",Ninetales (Alolan) #68,0/14/12,Ninetales (Alolan) #25,7/15/15,,,,,15/15/15,Keep strong PvP IVs or raid IV >90%; trade suboptimal tradable copies,
Ninetales (Alolan) (Shadow),38,ninetales_alolan_shadow,Available in GO,"GL, UL",Ninetales (Alolan) (Shadow) #73,0/14/12,Ninetales (Alolan) (Shadow) #30,7/15/15,,,,,15/15/15,Keep strong PvP IVs or raid IV >90%; trade suboptimal tradable copies,Shadow cannot be traded
Ninetales (Shadow),38,ninetales_shadow,Available in GO,"GL, UL",Ninetales (Shadow) #3,0/15/15,Ninetales (Shadow) #64,9/15/15,,,,,15/15/15,Keep strong PvP IVs or raid IV >90%; trade suboptimal tradable copies,Shadow cannot be traded
Ninjask,291,ninjask,Available in GO,Collection,,,,,,,,,15/15/15,Keep for collection; transfer ordinary extras,
Noctowl,164,noctowl,Available in GO,Collection,,,,,,,,,15/15/15,Keep for collection; transfer ordinary extras,
Noctowl (Shadow),164,noctowl_shadow,Available in GO,Collection,,,,,,,,,15/15/15,Keep for collection; transfer ordinary extras,Shadow cannot be traded
Noibat,714,noibat,Available in GO,Collection,,,,,,,,,15/15/15,Keep for collection; transfer ordinary extras,
Noibat (Shadow),714,noibat_shadow,Available in GO,Collection,,,,,,,,,15/15/15,Keep for collection; transfer ordinary extras,Shadow cannot be traded
Noivern,715,noivern,Available in GO,Collection,,,,,,,,,15/15/15,Keep for collection; transfer ordinary extras,
Noivern (Shadow),715,noivern_shadow,Available in GO,Collection,,,,,,,,,15/15/15,Keep for collection; transfer ordinary extras,Shadow cannot be traded
Nosepass,299,nosepass,Available in GO,Collection,,,,,,,,,15/15/15,Keep for collection; transfer ordinary extras,
Nosepass (Shadow),299,nosepass_shadow,Available in GO,Collection,,,,,,,,,15/15/15,Keep for collection; transfer ordinary extras,Shadow cannot be traded
Numel,322,numel,Available in GO,Collection,,,,,,,,,15/15/15,Keep for collection; transfer ordinary extras,
Numel (Shadow),322,numel_shadow,Available in GO,Collection,,,,,,,,,15/15/15,Keep for collection; transfer ordinary extras,Shadow cannot be traded
Nuzleaf,274,nuzleaf,Available in GO,Collection,,,,,,,,,15/15/15,Keep for collection; transfer ordinary extras,
Nuzleaf (Shadow),274,nuzleaf_shadow,Available in GO,Collection,,,,,,,,,15/15/15,Keep for collection; transfer ordinary extras,Shadow cannot be traded
Nymble,919,nymble,Available in GO,Collection,,,,,,,,,15/15/15,Keep for collection; transfer ordinary extras,
Obstagoon,862,obstagoon,Available in GO,Collection,,,,,,,,,15/15/15,Keep for collection; transfer ordinary extras,
Obstagoon (Shadow),862,obstagoon_shadow,Available in GO,Collection,,,,,,,,,15/15/15,Keep for collection; transfer ordinary extras,Shadow cannot be traded
Octillery,224,octillery,Available in GO,Collection,,,,,,,,,15/15/15,Keep for collection; transfer ordinary extras,
Oddish,43,oddish,Available in GO,UL,,,Bellossom #198,9/15/15,,,,,15/15/15,Keep strong PvP IVs or raid IV >90%; trade suboptimal tradable copies,
Oddish (Shadow),43,oddish_shadow,Available in GO,UL,,,Bellossom (Shadow) #191,9/15/15,,,,,15/15/15,Keep strong PvP IVs or raid IV >90%; trade suboptimal tradable copies,Shadow cannot be traded
Oinkologne,916,oinkologne,Available in GO,UL,,,Oinkologne #168,0/14/12,,,,,15/15/15,Keep strong PvP IVs or raid IV >90%; trade suboptimal tradable copies,
Oinkologne (Female),916,oinkologne_female,Available in GO,"GL, UL",Oinkologne (Female) #113,0/14/15,Oinkologne (Female) #77,0/15/15,,,,,15/15/15,Keep strong PvP IVs or raid IV >90%; trade suboptimal tradable copies,
Omanyte,138,omanyte,Available in GO,Collection,,,,,,,,,15/15/15,Keep for collection; transfer ordinary extras,
Omanyte (Shadow),138,omanyte_shadow,Available in GO,Collection,,,,,,,,,15/15/15,Keep for collection; transfer ordinary extras,Shadow cannot be traded
Omastar,139,omastar,Available in GO,Collection,,,,,,,,,15/15/15,Keep for collection; transfer ordinary extras,
Omastar (Shadow),139,omastar_shadow,Available in GO,Collection,,,,,,,,,15/15/15,Keep for collection; transfer ordinary extras,Shadow cannot be traded
Onix,95,onix,Available in GO,"GL, UL",Steelix #134,0/14/15,Steelix #44,2/15/15,,,,,15/15/15,Keep strong PvP IVs or raid IV >90%; trade suboptimal tradable copies,
Onix (Shadow),95,onix_shadow,Available in GO,"GL, UL",Steelix (Shadow) #87,0/14/15,Steelix (Shadow) #47,2/15/15,,,,,15/15/15,Keep strong PvP IVs or raid IV >90%; trade suboptimal tradable copies,Shadow cannot be traded
Oranguru,765,oranguru,Available in GO,"GL, UL",Oranguru #96,0/13/14,Oranguru #76,0/13/15,,,,,15/15/15,Keep strong PvP IVs or raid IV >90%; trade suboptimal tradable copies,
Orbeetle,826,orbeetle,Available in GO,Collection,,,,,,,,,15/15/15,Keep for collection; transfer ordinary extras,
Oricorio (Baile),741,oricorio_baile,Available in GO,Collection,,,,,,,,,15/15/15,Keep for collection; transfer ordinary extras,
Oricorio (Pa'u),741,oricorio_pau,Available in GO,Collection,,,,,,,,,15/15/15,Keep for collection; transfer ordinary extras,
Oricorio (Pom-Pom),741,oricorio_pom_pom,Available in GO,Collection,,,,,,,,,15/15/15,Keep for collection; transfer ordinary extras,
Oricorio (Sensu),741,oricorio_sensu,Available in GO,Collection,,,,,,,,,15/15/15,Keep for collection; transfer ordinary extras,
Orthworm,968,orthworm,Available in GO,"GL, UL",Orthworm #133,0/15/14,Orthworm #80,8/15/15,,,,,15/15/15,Keep strong PvP IVs or raid IV >90%; trade suboptimal tradable copies,
Oshawott,501,oshawott,Available in GO,"GL, UL, Raids",Samurott #105,0/14/14,Samurott #65,1/15/15,,,Samurott (Water backup),15/15/15,15/15/15,Keep strong PvP IVs or raid IV >90%; trade suboptimal tradable copies,
Oshawott (Shadow),501,oshawott_shadow,Available in GO,"UL, Raids",,,Samurott (Shadow) #99,1/15/15,,,Samurott (Shadow) (Water backup),15/15/15,15/15/15,Keep strong PvP IVs or raid IV >90%; trade suboptimal tradable copies,Shadow cannot be traded
Overqwil,904,overqwil,Available in GO,UL,,,Overqwil #195,0/14/15,,,,,15/15/15,Keep strong PvP IVs or raid IV >90%; trade suboptimal tradable copies,
Pachirisu,417,pachirisu,Available in GO,GL,Pachirisu #65,15/15/15,,,,,,,15/15/15,Keep strong PvP IVs or raid IV >90%; trade suboptimal tradable copies,
Palkia,484,palkia,Available in GO,ML,,,,,Palkia #33,15/15/15,,,15/15/15,Keep strong PvP IVs or raid IV >90%; trade suboptimal tradable copies,
Palkia (Origin),484,palkia_origin,Available in GO,ML,,,,,Palkia (Origin) #1,15/15/15,,,15/15/15,Keep strong PvP IVs or raid IV >90%; trade suboptimal tradable copies,
Palkia (Shadow),484,palkia_shadow,Available in GO,"ML, Raids",,,,,Palkia (Shadow) #23,15/15/15,Palkia (Shadow) (raid top-10 listing),15/15/15,15/15/15,Keep strong PvP IVs or raid IV >90%; trade suboptimal tradable copies,Shadow cannot be traded
Palossand,770,palossand,Available in GO,Collection,,,,,,,,,15/15/15,Keep for collection; transfer ordinary extras,
Palpitoad,536,palpitoad,Available in GO,"GL, UL",Seismitoad #83,1/15/15,Seismitoad #58,0/15/12,,,,,15/15/15,Keep strong PvP IVs or raid IV >90%; trade suboptimal tradable copies,
Pancham,674,pancham,Available in GO,"UL, ML",,,Pangoro #196,0/14/15,Pangoro #179,15/15/15,,,15/15/15,Keep strong PvP IVs or raid IV >90%; trade suboptimal tradable copies,
Pangoro,675,pangoro,Available in GO,"UL, ML",,,Pangoro #196,0/14/15,Pangoro #179,15/15/15,,,15/15/15,Keep strong PvP IVs or raid IV >90%; trade suboptimal tradable copies,
Panpour,515,panpour,Available in GO,Collection,,,,,,,,,15/15/15,Keep for collection; transfer ordinary extras,
Pansage,511,pansage,Available in GO,Collection,,,,,,,,,15/15/15,Keep for collection; transfer ordinary extras,
Pansear,513,pansear,Available in GO,Collection,,,,,,,,,15/15/15,Keep for collection; transfer ordinary extras,
Paras,46,paras,Available in GO,Collection,,,,,,,,,15/15/15,Keep for collection; transfer ordinary extras,
Parasect,47,parasect,Available in GO,Collection,,,,,,,,,15/15/15,Keep for collection; transfer ordinary extras,
Passimian,766,passimian,Available in GO,Collection,,,,,,,,,15/15/15,Keep for collection; transfer ordinary extras,
Patrat,504,patrat,Available in GO,Collection,,,,,,,,,15/15/15,Keep for collection; transfer ordinary extras,
Patrat (Shadow),504,patrat_shadow,Available in GO,Collection,,,,,,,,,15/15/15,Keep for collection; transfer ordinary extras,Shadow cannot be traded
Pawmi,921,pawmi,Available in GO,Collection,,,,,,,,,15/15/15,Keep for collection; transfer ordinary extras,
Pawmo,922,pawmo,Available in GO,Collection,,,,,,,,,15/15/15,Keep for collection; transfer ordinary extras,
Pawmot,923,pawmot,Available in GO,Collection,,,,,,,,,15/15/15,Keep for collection; transfer ordinary extras,
Pawniard,624,pawniard,Available in GO,"UL, ML",,,Kingambit #152,0/15/10,Kingambit #78,15/15/15,,,15/15/15,Keep strong PvP IVs or raid IV >90%; trade suboptimal tradable copies,
Pelipper,279,pelipper,Available in GO,"GL, UL",Pelipper #120,0/12/15,Pelipper #138,15/15/15,,,,,15/15/15,Keep strong PvP IVs or raid IV >90%; trade suboptimal tradable copies,
Perrserker,863,perrserker,Available in GO,Collection,,,,,,,,,15/15/15,Keep for collection; transfer ordinary extras,
Persian,53,persian,Available in GO,GL,Persian #118,0/14/13,,,,,,,15/15/15,Keep strong PvP IVs or raid IV >90%; trade suboptimal tradable copies,
Persian (Alolan),53,persian_alolan,Available in GO,Collection,,,,,,,,,15/15/15,Keep for collection; transfer ordinary extras,
Persian (Shadow),53,persian_shadow,Available in GO,GL,Persian (Shadow) #148,0/14/13,,,,,,,15/15/15,Keep strong PvP IVs or raid IV >90%; trade suboptimal tradable copies,Shadow cannot be traded
Petilil,548,petilil,Available in GO,Collection,,,,,,,,,15/15/15,Keep for collection; transfer ordinary extras,
Phanpy,231,phanpy,Available in GO,Collection,,,,,,,,,15/15/15,Keep for collection; transfer ordinary extras,
Phanpy (Shadow),231,phanpy_shadow,Available in GO,Collection,,,,,,,,,15/15/15,Keep for collection; transfer ordinary extras,Shadow cannot be traded
Phantump,708,phantump,Available in GO,UL,,,Trevenant #154,1/15/15,,,,,15/15/15,Keep strong PvP IVs or raid IV >90%; trade suboptimal tradable copies,
Phantump (Shadow),708,phantump_shadow,Available in GO,UL,,,Trevenant (Shadow) #145,1/15/15,,,,,15/15/15,Keep strong PvP IVs or raid IV >90%; trade suboptimal tradable copies,Shadow cannot be traded
Pheromosa,795,pheromosa,Available in GO,Collection,,,,,,,,,15/15/15,Keep for collection; transfer ordinary extras,
Pichu,172,pichu,Available in GO,"GL, Raids",Raichu #165,0/15/14,,,,,Raichu (Mega X) (raid top-10 listing),15/15/15,15/15/15,Keep strong PvP IVs or raid IV >90%; trade suboptimal tradable copies,
Pidgeot,18,pidgeot,Available in GO,Collection,,,,,,,,,15/15/15,Keep for collection; transfer ordinary extras,
Pidgeot (Mega),18,pidgeot_mega,Available in GO,Collection,,,,,,,,,15/15/15,Keep for collection; transfer ordinary extras,Mega form uses the base Pokémon’s IVs
Pidgeot (Shadow),18,pidgeot_shadow,Available in GO,Collection,,,,,,,,,15/15/15,Keep for collection; transfer ordinary extras,Shadow cannot be traded
Pidgeotto,17,pidgeotto,Available in GO,Collection,,,,,,,,,15/15/15,Keep for collection; transfer ordinary extras,
Pidgeotto (Shadow),17,pidgeotto_shadow,Available in GO,Collection,,,,,,,,,15/15/15,Keep for collection; transfer ordinary extras,Shadow cannot be traded
Pidgey,16,pidgey,Available in GO,Collection,,,,,,,,,15/15/15,Keep for collection; transfer ordinary extras,
Pidgey (Shadow),16,pidgey_shadow,Available in GO,Collection,,,,,,,,,15/15/15,Keep for collection; transfer ordinary extras,Shadow cannot be traded
Pidove,519,pidove,Available in GO,Raids,,,,,,,Unfezant (Flying backup),15/15/15,15/15/15,Keep strong PvP IVs or raid IV >90%; trade suboptimal tradable copies,
Pidove (Shadow),519,pidove_shadow,Available in GO,Raids,,,,,,,Unfezant (Shadow) (Flying backup),15/15/15,15/15/15,Keep strong PvP IVs or raid IV >90%; trade suboptimal tradable copies,Shadow cannot be traded
Pignite,499,pignite,Available in GO,Collection,,,,,,,,,15/15/15,Keep for collection; transfer ordinary extras,
Pignite (Shadow),499,pignite_shadow,Available in GO,Collection,,,,,,,,,15/15/15,Keep for collection; transfer ordinary extras,Shadow cannot be traded
Pikachu,25,pikachu,Available in GO,"GL, Raids",Raichu #165,0/15/14,,,,,Raichu (Mega X) (raid top-10 listing),15/15/15,15/15/15,Keep strong PvP IVs or raid IV >90%; trade suboptimal tradable copies,
Pikachu (5th Anniversary),25,pikachu_5th_anniversary,Available in GO,Collection,,,,,,,,,15/15/15,Keep for collection; transfer ordinary extras,
Pikachu (Flying),25,pikachu_flying,Available in GO,Collection,,,,,,,,,15/15/15,Keep for collection; transfer ordinary extras,
Pikachu (Horizons),25,pikachu_horizons,Available in GO,Collection,,,,,,,,,15/15/15,Keep for collection; transfer ordinary extras,
Pikachu (Kariyushi),25,pikachu_kariyushi,Available in GO,Collection,,,,,,,,,15/15/15,Keep for collection; transfer ordinary extras,
Pikachu (Libre),25,pikachu_libre,Available in GO,Collection,,,,,,,,,15/15/15,Keep for collection; transfer ordinary extras,
Pikachu (Pop Star),25,pikachu_pop_star,Available in GO,Collection,,,,,,,,,15/15/15,Keep for collection; transfer ordinary extras,
Pikachu (Rock Star),25,pikachu_rock_star,Available in GO,Collection,,,,,,,,,15/15/15,Keep for collection; transfer ordinary extras,
Pikachu (Shaymin Scarf),25,pikachu_shaymin,Available in GO,"GL, Raids",Raichu #165,0/15/14,,,,,Raichu (Mega X) (raid top-10 listing),15/15/15,15/15/15,Keep strong PvP IVs or raid IV >90%; trade suboptimal tradable copies,
Pikipek,731,pikipek,Available in GO,"GL, UL",Toucannon #137,0/14/13,Toucannon #49,2/15/14,,,,,15/15/15,Keep strong PvP IVs or raid IV >90%; trade suboptimal tradable copies,
Pikipek (Shadow),731,pikipek_shadow,Available in GO,"GL, UL, Raids",Toucannon (Shadow) #140,0/14/13,Toucannon (Shadow) #63,2/15/14,,,Toucannon (Shadow) (raid top-10 listing),15/15/15,15/15/15,Keep strong PvP IVs or raid IV >90%; trade suboptimal tradable copies,Shadow cannot be traded
Piloswine,221,piloswine,Available in GO,"GL, UL, ML",Piloswine #130,0/15/10,Piloswine #92,5/15/12,Mamoswine #106,15/15/15,,,15/15/15,Keep strong PvP IVs or raid IV >90%; trade suboptimal tradable copies,
Piloswine (Shadow),221,piloswine_shadow,Available in GO,"UL, ML, Raids",,,Piloswine (Shadow) #81,5/15/12,Mamoswine (Shadow) #94,15/15/15,Mamoswine (Shadow) (raid top-10 listing),15/15/15,15/15/15,Keep strong PvP IVs or raid IV >90%; trade suboptimal tradable copies,Shadow cannot be traded
Pineco,204,pineco,Available in GO,"GL, UL",Forretress #53,0/9/15,Forretress #31,9/15/15,,,,,15/15/15,Keep strong PvP IVs or raid IV >90%; trade suboptimal tradable copies,
Pineco (Shadow),204,pineco_shadow,Available in GO,"GL, UL",Forretress (Shadow) #48,0/9/15,Forretress (Shadow) #39,9/15/15,,,,,15/15/15,Keep strong PvP IVs or raid IV >90%; trade suboptimal tradable copies,Shadow cannot be traded
Pinsir,127,pinsir,Available in GO,Raids,,,,,,,Pinsir (Mega) (raid top-10 listing),15/15/15,15/15/15,Keep strong PvP IVs or raid IV >90%; trade suboptimal tradable copies,
Pinsir (Mega),127,pinsir_mega,Available in GO,Raids,,,,,,,Pinsir (Mega) (raid top-10 listing),15/15/15,15/15/15,Keep strong PvP IVs or raid IV >90%; trade suboptimal tradable copies,Mega form uses the base Pokémon’s IVs
Pinsir (Shadow),127,pinsir_shadow,Available in GO,Raids,,,,,,,Pinsir (Shadow) (raid top-10 listing),15/15/15,15/15/15,Keep strong PvP IVs or raid IV >90%; trade suboptimal tradable copies,Shadow cannot be traded
Piplup,393,piplup,Available in GO,"GL, UL, ML, Raids",Empoleon #23,0/13/15,Empoleon #8,1/15/14,Empoleon #189,15/15/15,Empoleon (Water backup),15/15/15,15/15/15,Keep strong PvP IVs or raid IV >90%; trade suboptimal tradable copies,
Piplup (Shadow),393,piplup_shadow,Available in GO,"GL, UL, ML, Raids",Empoleon (Shadow) #24,0/13/15,Empoleon (Shadow) #9,1/15/14,Empoleon (Shadow) #194,15/15/15,Empoleon (Shadow) (Water backup),15/15/15,15/15/15,Keep strong PvP IVs or raid IV >90%; trade suboptimal tradable copies,Shadow cannot be traded
Plusle,311,plusle,Available in GO,Collection,,,,,,,,,15/15/15,Keep for collection; transfer ordinary extras,
Poipole,803,poipole,Available in GO,Raids,,,,,,,Naganadel (raid top-10 listing),15/15/15,15/15/15,Keep strong PvP IVs or raid IV >90%; trade suboptimal tradable copies,
Politoed,186,politoed,Available in GO,"GL, UL",Politoed #138,0/15/11,Politoed #113,0/15/14,,,,,15/15/15,Keep strong PvP IVs or raid IV >90%; trade suboptimal tradable copies,
Politoed (Shadow),186,politoed_shadow,Available in GO,"GL, UL",Politoed (Shadow) #124,0/15/11,Politoed (Shadow) #86,0/15/14,,,,,15/15/15,Keep strong PvP IVs or raid IV >90%; trade suboptimal tradable copies,Shadow cannot be traded
Poliwag,60,poliwag,Available in GO,"GL, UL",Politoed #138,0/15/11,Politoed #113,0/15/14,,,,,15/15/15,Keep strong PvP IVs or raid IV >90%; trade suboptimal tradable copies,
Poliwag (Shadow),60,poliwag_shadow,Available in GO,"GL, UL",Politoed (Shadow) #124,0/15/11,Politoed (Shadow) #86,0/15/14,,,,,15/15/15,Keep strong PvP IVs or raid IV >90%; trade suboptimal tradable copies,Shadow cannot be traded
Poliwhirl,61,poliwhirl,Available in GO,"GL, UL",Politoed #138,0/15/11,Politoed #113,0/15/14,,,,,15/15/15,Keep strong PvP IVs or raid IV >90%; trade suboptimal tradable copies,
Poliwhirl (Shadow),61,poliwhirl_shadow,Available in GO,"GL, UL",Politoed (Shadow) #124,0/15/11,Politoed (Shadow) #86,0/15/14,,,,,15/15/15,Keep strong PvP IVs or raid IV >90%; trade suboptimal tradable copies,Shadow cannot be traded
Poliwrath,62,poliwrath,Available in GO,Collection,,,,,,,,,15/15/15,Keep for collection; transfer ordinary extras,
Poliwrath (Shadow),62,poliwrath_shadow,Available in GO,Collection,,,,,,,,,15/15/15,Keep for collection; transfer ordinary extras,Shadow cannot be traded
Poltchageist,1012,poltchageist,Available in GO,Collection,,,,,,,,,15/15/15,Keep for collection; transfer ordinary extras,
Polteageist,855,polteageist,Available in GO,Raids,,,,,,,Polteageist (Ghost backup),15/15/15,15/15/15,Keep strong PvP IVs or raid IV >90%; trade suboptimal tradable copies,
Ponyta,77,ponyta,Available in GO,UL,,,Rapidash #130,0/15/14,,,,,15/15/15,Keep strong PvP IVs or raid IV >90%; trade suboptimal tradable copies,
Ponyta (Galarian),77,ponyta_galarian,Available in GO,Collection,,,,,,,,,15/15/15,Keep for collection; transfer ordinary extras,
Ponyta (Shadow),77,ponyta_shadow,Available in GO,UL,,,Rapidash (Shadow) #124,0/15/14,,,,,15/15/15,Keep strong PvP IVs or raid IV >90%; trade suboptimal tradable copies,Shadow cannot be traded
Poochyena,261,poochyena,Available in GO,Collection,,,,,,,,,15/15/15,Keep for collection; transfer ordinary extras,
Poochyena (Shadow),261,poochyena_shadow,Available in GO,Collection,,,,,,,,,15/15/15,Keep for collection; transfer ordinary extras,Shadow cannot be traded
Popplio,728,popplio,Available in GO,"UL, ML, Raids",,,Primarina #51,2/15/13,Primarina #45,15/15/15,Primarina (Water/Fairy backup),15/15/15,15/15/15,Keep strong PvP IVs or raid IV >90%; trade suboptimal tradable copies,
Porygon,137,porygon,Available in GO,Collection,,,,,,,,,15/15/15,Keep for collection; transfer ordinary extras,
Porygon (Shadow),137,porygon_shadow,Available in GO,Collection,,,,,,,,,15/15/15,Keep for collection; transfer ordinary extras,Shadow cannot be traded
Porygon-Z,474,porygon_z,Available in GO,Collection,,,,,,,,,15/15/15,Keep for collection; transfer ordinary extras,
Porygon-Z (Shadow),474,porygon_z_shadow,Available in GO,Collection,,,,,,,,,15/15/15,Keep for collection; transfer ordinary extras,Shadow cannot be traded
Porygon2,233,porygon2,Available in GO,Collection,,,,,,,,,15/15/15,Keep for collection; transfer ordinary extras,
Porygon2 (Shadow),233,porygon2_shadow,Available in GO,Collection,,,,,,,,,15/15/15,Keep for collection; transfer ordinary extras,Shadow cannot be traded
Primarina,730,primarina,Available in GO,"UL, ML, Raids",,,Primarina #51,2/15/13,Primarina #45,15/15/15,Primarina (Water/Fairy backup),15/15/15,15/15/15,Keep strong PvP IVs or raid IV >90%; trade suboptimal tradable copies,
Primeape,57,primeape,Available in GO,"GL, UL, ML",Annihilape #31,2/15/14,Annihilape #59,0/15/15,Annihilape #93,15/15/15,,,15/15/15,Keep strong PvP IVs or raid IV >90%; trade suboptimal tradable copies,
Primeape (Shadow),57,primeape_shadow,Available in GO,"GL, UL, ML",Annihilape (Shadow) #38,2/15/14,Annihilape (Shadow) #74,0/15/15,Annihilape (Shadow) #91,15/15/15,,,15/15/15,Keep strong PvP IVs or raid IV >90%; trade suboptimal tradable copies,Shadow cannot be traded
Prinplup,394,prinplup,Available in GO,"GL, UL, ML, Raids",Empoleon #23,0/13/15,Empoleon #8,1/15/14,Empoleon #189,15/15/15,Empoleon (Water backup),15/15/15,15/15/15,Keep strong PvP IVs or raid IV >90%; trade suboptimal tradable copies,
Prinplup (Shadow),394,prinplup_shadow,Available in GO,"GL, UL, ML, Raids",Empoleon (Shadow) #24,0/13/15,Empoleon (Shadow) #9,1/15/14,Empoleon (Shadow) #194,15/15/15,Empoleon (Shadow) (Water backup),15/15/15,15/15/15,Keep strong PvP IVs or raid IV >90%; trade suboptimal tradable copies,Shadow cannot be traded
Probopass,476,probopass,Available in GO,Collection,,,,,,,,,15/15/15,Keep for collection; transfer ordinary extras,
Probopass (Shadow),476,probopass_shadow,Available in GO,Collection,,,,,,,,,15/15/15,Keep for collection; transfer ordinary extras,Shadow cannot be traded
Psyduck,54,psyduck,Available in GO,Collection,,,,,,,,,15/15/15,Keep for collection; transfer ordinary extras,
Psyduck (Shadow),54,psyduck_shadow,Available in GO,Collection,,,,,,,,,15/15/15,Keep for collection; transfer ordinary extras,Shadow cannot be traded
Pumpkaboo (Average),710,pumpkaboo_average,Available in GO,GL,Gourgeist (Average) #95,0/14/13,,,,,,,15/15/15,Keep strong PvP IVs or raid IV >90%; trade suboptimal tradable copies,
Pumpkaboo (Large),710,pumpkaboo_large,Available in GO,GL,Gourgeist (Large) #88,1/14/15,,,,,,,15/15/15,Keep strong PvP IVs or raid IV >90%; trade suboptimal tradable copies,
Pumpkaboo (Small),710,pumpkaboo_small,Available in GO,GL,Gourgeist (Small) #102,0/15/13,,,,,,,15/15/15,Keep strong PvP IVs or raid IV >90%; trade suboptimal tradable copies,
Pumpkaboo (Super),710,pumpkaboo_super,Available in GO,"GL, UL",Gourgeist (Super) #90,1/15/14,Gourgeist (Super) #188,0/14/14,,,,,15/15/15,Keep strong PvP IVs or raid IV >90%; trade suboptimal tradable copies,
Pupitar,247,pupitar,Available in GO,"ML, Raids",,,,,Tyranitar #83,15/15/15,Tyranitar (Mega) (raid top-10 listing),15/15/15,15/15/15,Keep strong PvP IVs or raid IV >90%; trade suboptimal tradable copies,
Pupitar (Shadow),247,pupitar_shadow,Available in GO,"ML, Raids",,,,,Tyranitar (Shadow) #63,15/15/15,Tyranitar (Shadow) (raid top-10 listing),15/15/15,15/15/15,Keep strong PvP IVs or raid IV >90%; trade suboptimal tradable copies,Shadow cannot be traded
Purrloin,509,purrloin,Available in GO,Collection,,,,,,,,,15/15/15,Keep for collection; transfer ordinary extras,
Purrloin (Shadow),509,purrloin_shadow,Available in GO,Collection,,,,,,,,,15/15/15,Keep for collection; transfer ordinary extras,Shadow cannot be traded
Purugly,432,purugly,Available in GO,Collection,,,,,,,,,15/15/15,Keep for collection; transfer ordinary extras,
Purugly (Shadow),432,purugly_shadow,Available in GO,Collection,,,,,,,,,15/15/15,Keep for collection; transfer ordinary extras,Shadow cannot be traded
Pyroar,668,pyroar,Available in GO,Collection,,,,,,,,,15/15/15,Keep for collection; transfer ordinary extras,
Quagsire,195,quagsire,Available in GO,GL,Quagsire #14,0/15/14,,,,,,,15/15/15,Keep strong PvP IVs or raid IV >90%; trade suboptimal tradable copies,
Quagsire (Shadow),195,quagsire_shadow,Available in GO,GL,Quagsire (Shadow) #12,0/15/14,,,,,,,15/15/15,Keep strong PvP IVs or raid IV >90%; trade suboptimal tradable copies,Shadow cannot be traded
Quaquaval,914,quaquaval,Available in GO,ML,,,,,Quaquaval #138,15/15/15,,,15/15/15,Keep strong PvP IVs or raid IV >90%; trade suboptimal tradable copies,
Quaxly,912,quaxly,Available in GO,ML,,,,,Quaquaval #138,15/15/15,,,15/15/15,Keep strong PvP IVs or raid IV >90%; trade suboptimal tradable copies,
Quaxwell,913,quaxwell,Available in GO,ML,,,,,Quaquaval #138,15/15/15,,,15/15/15,Keep strong PvP IVs or raid IV >90%; trade suboptimal tradable copies,
Quilava,156,quilava,Available in GO,Raids,,,,,,,Typhlosion (Fire backup),15/15/15,15/15/15,Keep strong PvP IVs or raid IV >90%; trade suboptimal tradable copies,
Quilava (Shadow),156,quilava_shadow,Available in GO,"UL, Raids",,,Typhlosion (Shadow) #197,0/13/15,,,Typhlosion (Shadow) (Fire backup),15/15/15,15/15/15,Keep strong PvP IVs or raid IV >90%; trade suboptimal tradable copies,Shadow cannot be traded
Quilladin,651,quilladin,Available in GO,"ML, Raids",,,,,Chesnaught #173,15/15/15,Chesnaught (Mega) (raid top-10 listing),15/15/15,15/15/15,Keep strong PvP IVs or raid IV >90%; trade suboptimal tradable copies,
Quilladin (Shadow),651,quilladin_shadow,Available in GO,"ML, Raids",,,,,Chesnaught (Shadow) #121,15/15/15,Chesnaught (Shadow) (raid top-10 listing),15/15/15,15/15/15,Keep strong PvP IVs or raid IV >90%; trade suboptimal tradable copies,Shadow cannot be traded
Qwilfish,211,qwilfish,Available in GO,Collection,,,,,,,,,15/15/15,Keep for collection; transfer ordinary extras,
Qwilfish (Hisuian),211,qwilfish_hisuian,Available in GO,"GL, UL",Qwilfish (Hisuian) #171,0/15/15,Overqwil #195,0/14/15,,,,,15/15/15,Keep strong PvP IVs or raid IV >90%; trade suboptimal tradable copies,
Qwilfish (Shadow),211,qwilfish_shadow,Available in GO,GL,Qwilfish (Shadow) #177,0/12/14,,,,,,,15/15/15,Keep strong PvP IVs or raid IV >90%; trade suboptimal tradable copies,Shadow cannot be traded
Raboot,814,raboot,Available in GO,Raids,,,,,,,Cinderace (Fire backup),15/15/15,15/15/15,Keep strong PvP IVs or raid IV >90%; trade suboptimal tradable copies,
Raichu,26,raichu,Available in GO,"GL, Raids",Raichu #165,0/15/14,,,,,Raichu (Mega X) (raid top-10 listing),15/15/15,15/15/15,Keep strong PvP IVs or raid IV >90%; trade suboptimal tradable copies,
Raichu (Alolan),26,raichu_alolan,Available in GO,Collection,,,,,,,,,15/15/15,Keep for collection; transfer ordinary extras,
Raichu (Mega X),26,raichu_mega_x,Available in GO,Raids,,,,,,,Raichu (Mega X) (raid top-10 listing),15/15/15,15/15/15,Keep strong PvP IVs or raid IV >90%; trade suboptimal tradable copies,Mega form uses the base Pokémon’s IVs
Raichu (Mega Y),26,raichu_mega_y,Available in GO,Raids,,,,,,,Raichu (Mega Y) (raid top-10 listing),15/15/15,15/15/15,Keep strong PvP IVs or raid IV >90%; trade suboptimal tradable copies,Mega form uses the base Pokémon’s IVs
Raikou,243,raikou,Available in GO,"GL, UL, ML",Raikou #155,3/15/14,Raikou #114,1/15/12,Raikou #85,15/15/15,,,15/15/15,Keep strong PvP IVs or raid IV >90%; trade suboptimal tradable copies,
Raikou (Shadow),243,raikou_shadow,Available in GO,"UL, ML, Raids",,,Raikou (Shadow) #93,1/15/12,Raikou (Shadow) #73,15/15/15,Raikou (Shadow) (raid top-10 listing),15/15/15,15/15/15,Keep strong PvP IVs or raid IV >90%; trade suboptimal tradable copies,Shadow cannot be traded
Ralts,280,ralts,Available in GO,"ML, Raids",,,,,Gallade #165,15/15/15,Gallade (Mega) (raid top-10 listing),15/15/15,15/15/15,Keep strong PvP IVs or raid IV >90%; trade suboptimal tradable copies,
Ralts (Shadow),280,ralts_shadow,Available in GO,"ML, Raids",,,,,Gallade (Shadow) #153,15/15/15,Gardevoir (Shadow) (raid top-10 listing),15/15/15,15/15/15,Keep strong PvP IVs or raid IV >90%; trade suboptimal tradable copies,Shadow cannot be traded
Rampardos,409,rampardos,Available in GO,Raids,,,,,,,Rampardos (Rock backup),15/15/15,15/15/15,Keep strong PvP IVs or raid IV >90%; trade suboptimal tradable copies,
Rampardos (Shadow),409,rampardos_shadow,Available in GO,Raids,,,,,,,Rampardos (Shadow) (raid top-10 listing),15/15/15,15/15/15,Keep strong PvP IVs or raid IV >90%; trade suboptimal tradable copies,Shadow cannot be traded
Rapidash,78,rapidash,Available in GO,UL,,,Rapidash #130,0/15/14,,,,,15/15/15,Keep strong PvP IVs or raid IV >90%; trade suboptimal tradable copies,
Rapidash (Galarian),78,rapidash_galarian,Available in GO,Collection,,,,,,,,,15/15/15,Keep for collection; transfer ordinary extras,
Rapidash (Shadow),78,rapidash_shadow,Available in GO,UL,,,Rapidash (Shadow) #124,0/15/14,,,,,15/15/15,Keep strong PvP IVs or raid IV >90%; trade suboptimal tradable copies,Shadow cannot be traded
Raticate,20,raticate,Available in GO,Collection,,,,,,,,,15/15/15,Keep for collection; transfer ordinary extras,
Raticate (Alolan),20,raticate_alolan,Available in GO,Collection,,,,,,,,,15/15/15,Keep for collection; transfer ordinary extras,
Raticate (Alolan) (Shadow),20,raticate_alolan_shadow,Available in GO,Collection,,,,,,,,,15/15/15,Keep for collection; transfer ordinary extras,Shadow cannot be traded
Raticate (Shadow),20,raticate_shadow,Available in GO,Collection,,,,,,,,,15/15/15,Keep for collection; transfer ordinary extras,Shadow cannot be traded
Rattata,19,rattata,Available in GO,Collection,,,,,,,,,15/15/15,Keep for collection; transfer ordinary extras,
Rattata (Alolan),19,rattata_alolan,Available in GO,Collection,,,,,,,,,15/15/15,Keep for collection; transfer ordinary extras,
Rattata (Alolan) (Shadow),19,rattata_alolan_shadow,Available in GO,Collection,,,,,,,,,15/15/15,Keep for collection; transfer ordinary extras,Shadow cannot be traded
Rattata (Shadow),19,rattata_shadow,Available in GO,Collection,,,,,,,,,15/15/15,Keep for collection; transfer ordinary extras,Shadow cannot be traded
Rayquaza,384,rayquaza,Available in GO,"ML, Raids",,,,,Rayquaza #103,15/15/15,Rayquaza (raid top-10 listing),15/15/15,15/15/15,Keep strong PvP IVs or raid IV >90%; trade suboptimal tradable copies,
Rayquaza (Mega),384,rayquaza_mega,Available in GO,Raids,,,,,,,Rayquaza (Mega) (raid top-10 listing),15/15/15,15/15/15,Keep strong PvP IVs or raid IV >90%; trade suboptimal tradable copies,Mega form uses the base Pokémon’s IVs
Regice,378,regice,Available in GO,UL,,,Regice #186,0/12/15,,,,,15/15/15,Keep strong PvP IVs or raid IV >90%; trade suboptimal tradable copies,
Regice (Shadow),378,regice_shadow,Available in GO,Collection,,,,,,,,,15/15/15,Keep for collection; transfer ordinary extras,Shadow cannot be traded
Regidrago,895,regidrago,Available in GO,"GL, UL, ML",Regidrago #97,0/15/14,Regidrago #33,0/14/15,Regidrago #137,15/15/15,,,15/15/15,Keep strong PvP IVs or raid IV >90%; trade suboptimal tradable copies,
Regieleki,894,regieleki,Available in GO,Raids,,,,,,,Regieleki (raid top-10 listing),15/15/15,15/15/15,Keep strong PvP IVs or raid IV >90%; trade suboptimal tradable copies,
Regigigas,486,regigigas,Available in GO,Raids,,,,,,,Regigigas (raid top-10 listing),15/15/15,15/15/15,Keep strong PvP IVs or raid IV >90%; trade suboptimal tradable copies,
Regigigas (Shadow),486,regigigas_shadow,Available in GO,Raids,,,,,,,Regigigas (Shadow) (raid top-10 listing),15/15/15,15/15/15,Keep strong PvP IVs or raid IV >90%; trade suboptimal tradable copies,Shadow cannot be traded
Regirock,377,regirock,Available in GO,ML,,,,,Regirock #185,15/15/15,,,15/15/15,Keep strong PvP IVs or raid IV >90%; trade suboptimal tradable copies,
Regirock (Shadow),377,regirock_shadow,Available in GO,ML,,,,,Regirock (Shadow) #192,15/15/15,,,15/15/15,Keep strong PvP IVs or raid IV >90%; trade suboptimal tradable copies,Shadow cannot be traded
Registeel,379,registeel,Available in GO,"GL, UL",Registeel #89,0/8/15,Registeel #28,0/14/15,,,,,15/15/15,Keep strong PvP IVs or raid IV >90%; trade suboptimal tradable copies,
Registeel (Shadow),379,registeel_shadow,Available in GO,Collection,,,,,,,,,15/15/15,Keep for collection; transfer ordinary extras,Shadow cannot be traded
Relicanth,369,relicanth,Available in GO,Collection,,,,,,,,,15/15/15,Keep for collection; transfer ordinary extras,
Remoraid,223,remoraid,Available in GO,Collection,,,,,,,,,15/15/15,Keep for collection; transfer ordinary extras,
Reshiram,643,reshiram,Available in GO,"ML, Raids",,,,,Reshiram #9,15/15/15,Reshiram (raid top-10 listing),15/15/15,15/15/15,Keep strong PvP IVs or raid IV >90%; trade suboptimal tradable copies,
Reshiram (Shadow),643,reshiram_shadow,Available in GO,"ML, Raids",,,,,Reshiram (Shadow) #12,15/15/15,Reshiram (Shadow) (raid top-10 listing),15/15/15,15/15/15,Keep strong PvP IVs or raid IV >90%; trade suboptimal tradable copies,Shadow cannot be traded
Reuniclus,579,reuniclus,Available in GO,Collection,,,,,,,,,15/15/15,Keep for collection; transfer ordinary extras,
Reuniclus (Shadow),579,reuniclus_shadow,Available in GO,Collection,,,,,,,,,15/15/15,Keep for collection; transfer ordinary extras,Shadow cannot be traded
Revavroom,966,revavroom,Available in GO,Collection,,,,,,,,,15/15/15,Keep for collection; transfer ordinary extras,
Rhydon,112,rhydon,Available in GO,"ML, Raids",,,,,Rhyperior #69,15/15/15,Rhyperior (raid top-10 listing),15/15/15,15/15/15,Keep strong PvP IVs or raid IV >90%; trade suboptimal tradable copies,
Rhydon (Shadow),112,rhydon_shadow,Available in GO,"ML, Raids",,,,,Rhyperior (Shadow) #68,15/15/15,Rhyperior (Shadow) (raid top-10 listing),15/15/15,15/15/15,Keep strong PvP IVs or raid IV >90%; trade suboptimal tradable copies,Shadow cannot be traded
Rhyhorn,111,rhyhorn,Available in GO,"ML, Raids",,,,,Rhyperior #69,15/15/15,Rhyperior (raid top-10 listing),15/15/15,15/15/15,Keep strong PvP IVs or raid IV >90%; trade suboptimal tradable copies,
Rhyhorn (Shadow),111,rhyhorn_shadow,Available in GO,"ML, Raids",,,,,Rhyperior (Shadow) #68,15/15/15,Rhyperior (Shadow) (raid top-10 listing),15/15/15,15/15/15,Keep strong PvP IVs or raid IV >90%; trade suboptimal tradable copies,Shadow cannot be traded
Rhyperior,464,rhyperior,Available in GO,"ML, Raids",,,,,Rhyperior #69,15/15/15,Rhyperior (raid top-10 listing),15/15/15,15/15/15,Keep strong PvP IVs or raid IV >90%; trade suboptimal tradable copies,
Rhyperior (Shadow),464,rhyperior_shadow,Available in GO,"ML, Raids",,,,,Rhyperior (Shadow) #68,15/15/15,Rhyperior (Shadow) (raid top-10 listing),15/15/15,15/15/15,Keep strong PvP IVs or raid IV >90%; trade suboptimal tradable copies,Shadow cannot be traded
Ribombee,743,ribombee,Available in GO,Collection,,,,,,,,,15/15/15,Keep for collection; transfer ordinary extras,
Rillaboom,812,rillaboom,Available in GO,"GL, UL, ML",Rillaboom #35,0/12/13,Rillaboom #21,0/14/15,Rillaboom #34,15/15/15,,,15/15/15,Keep strong PvP IVs or raid IV >90%; trade suboptimal tradable copies,
Riolu,447,riolu,Available in GO,Raids,,,,,,,Lucario (Mega) (raid top-10 listing),15/15/15,15/15/15,Keep strong PvP IVs or raid IV >90%; trade suboptimal tradable copies,
Rockruff,744,rockruff,Available in GO,Collection,,,,,,,,,15/15/15,Keep for collection; transfer ordinary extras,
Roggenrola,524,roggenrola,Available in GO,"ML, Raids",,,,,Gigalith #170,15/15/15,Gigalith (Rock backup),15/15/15,15/15/15,Keep strong PvP IVs or raid IV >90%; trade suboptimal tradable copies,
Roggenrola (Shadow),524,roggenrola_shadow,Available in GO,"ML, Raids",,,,,Gigalith (Shadow) #136,15/15/15,Gigalith (Shadow) (raid top-10 listing),15/15/15,15/15/15,Keep strong PvP IVs or raid IV >90%; trade suboptimal tradable copies,Shadow cannot be traded
Rolycoly,837,rolycoly,Available in GO,Collection,,,,,,,,,15/15/15,Keep for collection; transfer ordinary extras,
Rookidee,821,rookidee,Available in GO,"GL, UL",Corviknight #7,0/13/14,Corviknight #2,0/15/15,,,,,15/15/15,Keep strong PvP IVs or raid IV >90%; trade suboptimal tradable copies,
Rookidee (Shadow),821,rookidee_shadow,Available in GO,"GL, UL",Corviknight (Shadow) #10,0/13/14,Corviknight (Shadow) #4,0/15/15,,,,,15/15/15,Keep strong PvP IVs or raid IV >90%; trade suboptimal tradable copies,Shadow cannot be traded
Roselia,315,roselia,Available in GO,Raids,,,,,,,Roserade (raid top-10 listing),15/15/15,15/15/15,Keep strong PvP IVs or raid IV >90%; trade suboptimal tradable copies,
Roserade,407,roserade,Available in GO,Raids,,,,,,,Roserade (raid top-10 listing),15/15/15,15/15/15,Keep strong PvP IVs or raid IV >90%; trade suboptimal tradable copies,
Rotom,479,rotom,Available in GO,Collection,,,,,,,,,15/15/15,Keep for collection; transfer ordinary extras,
Rotom (Fan),479,rotom_fan,Available in GO,Collection,,,,,,,,,15/15/15,Keep for collection; transfer ordinary extras,
Rotom (Frost),479,rotom_frost,Available in GO,Collection,,,,,,,,,15/15/15,Keep for collection; transfer ordinary extras,
Rotom (Heat),479,rotom_heat,Available in GO,Collection,,,,,,,,,15/15/15,Keep for collection; transfer ordinary extras,
Rotom (Mow),479,rotom_mow,Available in GO,Collection,,,,,,,,,15/15/15,Keep for collection; transfer ordinary extras,
Rotom (Wash),479,rotom_wash,Available in GO,Collection,,,,,,,,,15/15/15,Keep for collection; transfer ordinary extras,
Rowlet,722,rowlet,Available in GO,"GL, Raids",Dartrix #187,0/15/14,,,,,Decidueye (Grass backup),15/15/15,15/15/15,Keep strong PvP IVs or raid IV >90%; trade suboptimal tradable copies,
Rufflet,627,rufflet,Available in GO,Collection,,,,,,,,,15/15/15,Keep for collection; transfer ordinary extras,
Runerigus,867,runerigus,Available in GO,"GL, UL",Runerigus #199,0/11/14,Runerigus #43,10/15/15,,,,,15/15/15,Keep strong PvP IVs or raid IV >90%; trade suboptimal tradable copies,
Sableye,302,sableye,Available in GO,GL,Sableye #36,0/15/15,,,,,,,15/15/15,Keep strong PvP IVs or raid IV >90%; trade suboptimal tradable copies,
Sableye (Mega),302,sableye_mega,Available in GO,Collection,,,,,,,,,15/15/15,Keep for collection; transfer ordinary extras,Mega form uses the base Pokémon’s IVs
Sableye (Shadow),302,sableye_shadow,Available in GO,GL,Sableye (Shadow) #18,0/15/15,,,,,,,15/15/15,Keep strong PvP IVs or raid IV >90%; trade suboptimal tradable copies,Shadow cannot be traded
Salamence,373,salamence,Available in GO,"ML, Raids",,,,,Salamence #114,15/15/15,Salamence (Mega) (raid top-10 listing),15/15/15,15/15/15,Keep strong PvP IVs or raid IV >90%; trade suboptimal tradable copies,
Salamence (Mega),373,salamence_mega,Available in GO,Raids,,,,,,,Salamence (Mega) (raid top-10 listing),15/15/15,15/15/15,Keep strong PvP IVs or raid IV >90%; trade suboptimal tradable copies,Mega form uses the base Pokémon’s IVs
Salamence (Shadow),373,salamence_shadow,Available in GO,"ML, Raids",,,,,Salamence (Shadow) #76,15/15/15,Salamence (Shadow) (raid top-10 listing),15/15/15,15/15/15,Keep strong PvP IVs or raid IV >90%; trade suboptimal tradable copies,Shadow cannot be traded
Salandit,757,salandit,Available in GO,Collection,,,,,,,,,15/15/15,Keep for collection; transfer ordinary extras,
Salazzle,758,salazzle,Available in GO,Collection,,,,,,,,,15/15/15,Keep for collection; transfer ordinary extras,
Samurott,503,samurott,Available in GO,"GL, UL, Raids",Samurott #105,0/14/14,Samurott #65,1/15/15,,,Samurott (Water backup),15/15/15,15/15/15,Keep strong PvP IVs or raid IV >90%; trade suboptimal tradable copies,
Samurott (Hisuian),503,samurott_hisuian,Available in GO,Collection,,,,,,,,,15/15/15,Keep for collection; transfer ordinary extras,
Samurott (Shadow),503,samurott_shadow,Available in GO,"UL, Raids",,,Samurott (Shadow) #99,1/15/15,,,Samurott (Shadow) (Water backup),15/15/15,15/15/15,Keep strong PvP IVs or raid IV >90%; trade suboptimal tradable copies,Shadow cannot be traded
Sandaconda,844,sandaconda,Available in GO,Collection,,,,,,,,,15/15/15,Keep for collection; transfer ordinary extras,
Sandile,551,sandile,Available in GO,Collection,,,,,,,,,15/15/15,Keep for collection; transfer ordinary extras,
Sandshrew,27,sandshrew,Available in GO,Collection,,,,,,,,,15/15/15,Keep for collection; transfer ordinary extras,
Sandshrew (Alolan),27,sandshrew_alolan,Available in GO,"GL, UL",Sandslash (Alolan) #141,0/14/14,Sandslash (Alolan) #101,0/14/15,,,,,15/15/15,Keep strong PvP IVs or raid IV >90%; trade suboptimal tradable copies,
Sandshrew (Alolan) (Shadow),27,sandshrew_alolan_shadow,Available in GO,"GL, UL",Sandslash (Alolan) (Shadow) #182,0/14/14,Sandslash (Alolan) (Shadow) #127,0/14/15,,,,,15/15/15,Keep strong PvP IVs or raid IV >90%; trade suboptimal tradable copies,Shadow cannot be traded
Sandshrew (Shadow),27,sandshrew_shadow,Available in GO,Collection,,,,,,,,,15/15/15,Keep for collection; transfer ordinary extras,Shadow cannot be traded
Sandslash,28,sandslash,Available in GO,Collection,,,,,,,,,15/15/15,Keep for collection; transfer ordinary extras,
Sandslash (Alolan),28,sandslash_alolan,Available in GO,"GL, UL",Sandslash (Alolan) #141,0/14/14,Sandslash (Alolan) #101,0/14/15,,,,,15/15/15,Keep strong PvP IVs or raid IV >90%; trade suboptimal tradable copies,
Sandslash (Alolan) (Shadow),28,sandslash_alolan_shadow,Available in GO,"GL, UL",Sandslash (Alolan) (Shadow) #182,0/14/14,Sandslash (Alolan) (Shadow) #127,0/14/15,,,,,15/15/15,Keep strong PvP IVs or raid IV >90%; trade suboptimal tradable copies,Shadow cannot be traded
Sandslash (Shadow),28,sandslash_shadow,Available in GO,Collection,,,,,,,,,15/15/15,Keep for collection; transfer ordinary extras,Shadow cannot be traded
Sandygast,769,sandygast,Available in GO,Collection,,,,,,,,,15/15/15,Keep for collection; transfer ordinary extras,
Sawk,539,sawk,Available in GO,Collection,,,,,,,,,15/15/15,Keep for collection; transfer ordinary extras,
Sawk (Shadow),539,sawk_shadow,Available in GO,Collection,,,,,,,,,15/15/15,Keep for collection; transfer ordinary extras,Shadow cannot be traded
Sawsbuck,586,sawsbuck,Available in GO,Collection,,,,,,,,,15/15/15,Keep for collection; transfer ordinary extras,
Scatterbug,664,scatterbug,Available in GO,Collection,,,,,,,,,15/15/15,Keep for collection; transfer ordinary extras,
Sceptile,254,sceptile,Available in GO,Raids,,,,,,,Sceptile (Mega) (raid top-10 listing),15/15/15,15/15/15,Keep strong PvP IVs or raid IV >90%; trade suboptimal tradable copies,
Sceptile (Mega),254,sceptile_mega,Available in GO,Raids,,,,,,,Sceptile (Mega) (raid top-10 listing),15/15/15,15/15/15,Keep strong PvP IVs or raid IV >90%; trade suboptimal tradable copies,Mega form uses the base Pokémon’s IVs
Sceptile (Shadow),254,sceptile_shadow,Available in GO,Raids,,,,,,,Sceptile (Shadow) (raid top-10 listing),15/15/15,15/15/15,Keep strong PvP IVs or raid IV >90%; trade suboptimal tradable copies,Shadow cannot be traded
Scizor,212,scizor,Available in GO,"UL, Raids",,,Scizor #181,0/15/15,,,Scizor (Mega) (raid top-10 listing),15/15/15,15/15/15,Keep strong PvP IVs or raid IV >90%; trade suboptimal tradable copies,
Scizor (Mega),212,scizor_mega,Available in GO,Raids,,,,,,,Scizor (Mega) (raid top-10 listing),15/15/15,15/15/15,Keep strong PvP IVs or raid IV >90%; trade suboptimal tradable copies,Mega form uses the base Pokémon’s IVs
Scizor (Shadow),212,scizor_shadow,Available in GO,"UL, ML, Raids",,,Scizor (Shadow) #158,0/15/15,Scizor (Shadow) #197,15/15/15,Scizor (Shadow) (raid top-10 listing),15/15/15,15/15/15,Keep strong PvP IVs or raid IV >90%; trade suboptimal tradable copies,Shadow cannot be traded
Scolipede,545,scolipede,Available in GO,Collection,,,,,,,,,15/15/15,Keep for collection; transfer ordinary extras,
Scolipede (Shadow),545,scolipede_shadow,Available in GO,Collection,,,,,,,,,15/15/15,Keep for collection; transfer ordinary extras,Shadow cannot be traded
Scorbunny,813,scorbunny,Available in GO,Raids,,,,,,,Cinderace (Fire backup),15/15/15,15/15/15,Keep strong PvP IVs or raid IV >90%; trade suboptimal tradable copies,
Scrafty,560,scrafty,Available in GO,Collection,,,,,,,,,15/15/15,Keep for collection; transfer ordinary extras,
Scraggy,559,scraggy,Available in GO,Collection,,,,,,,,,15/15/15,Keep for collection; transfer ordinary extras,
Scyther,123,scyther,Available in GO,"UL, Raids",,,Scizor #181,0/15/15,,,Scizor (Mega) (raid top-10 listing),15/15/15,15/15/15,Keep strong PvP IVs or raid IV >90%; trade suboptimal tradable copies,
Scyther (Shadow),123,scyther_shadow,Available in GO,"UL, ML, Raids",,,Scizor (Shadow) #158,0/15/15,Scizor (Shadow) #197,15/15/15,Scizor (Shadow) (raid top-10 listing),15/15/15,15/15/15,Keep strong PvP IVs or raid IV >90%; trade suboptimal tradable copies,Shadow cannot be traded
Seadra,117,seadra,Available in GO,"GL, UL",Kingdra #57,0/15/13,Kingdra #66,0/15/15,,,,,15/15/15,Keep strong PvP IVs or raid IV >90%; trade suboptimal tradable copies,
Seadra (Shadow),117,seadra_shadow,Available in GO,"GL, UL",Kingdra (Shadow) #62,0/15/13,Kingdra (Shadow) #73,0/15/15,,,,,15/15/15,Keep strong PvP IVs or raid IV >90%; trade suboptimal tradable copies,Shadow cannot be traded
Seaking,119,seaking,Available in GO,"GL, UL",Seaking #106,0/14/14,Seaking #45,15/15/15,,,,,15/15/15,Keep strong PvP IVs or raid IV >90%; trade suboptimal tradable copies,
Sealeo,364,sealeo,Available in GO,"GL, UL, ML",Sealeo #98,0/15/14,Walrein #40,0/15/15,Walrein #174,15/15/15,,,15/15/15,Keep strong PvP IVs or raid IV >90%; trade suboptimal tradable copies,
Sealeo (Shadow),364,sealeo_shadow,Available in GO,"GL, UL, ML",Walrein (Shadow) #142,0/12/15,Walrein (Shadow) #41,0/15/15,Walrein (Shadow) #190,15/15/15,,,15/15/15,Keep strong PvP IVs or raid IV >90%; trade suboptimal tradable copies,Shadow cannot be traded
Seedot,273,seedot,Available in GO,Collection,,,,,,,,,15/15/15,Keep for collection; transfer ordinary extras,
Seedot (Shadow),273,seedot_shadow,Available in GO,Collection,,,,,,,,,15/15/15,Keep for collection; transfer ordinary extras,Shadow cannot be traded
Seel,86,seel,Available in GO,GL,Dewgong #69,0/12/15,,,,,,,15/15/15,Keep strong PvP IVs or raid IV >90%; trade suboptimal tradable copies,
Seel (Shadow),86,seel_shadow,Available in GO,Collection,,,,,,,,,15/15/15,Keep for collection; transfer ordinary extras,Shadow cannot be traded
Seismitoad,537,seismitoad,Available in GO,"GL, UL",Seismitoad #83,1/15/15,Seismitoad #58,0/15/12,,,,,15/15/15,Keep strong PvP IVs or raid IV >90%; trade suboptimal tradable copies,
Sentret,161,sentret,Available in GO,GL,Furret #43,1/15/14,,,,,,,15/15/15,Keep strong PvP IVs or raid IV >90%; trade suboptimal tradable copies,
Serperior,497,serperior,Available in GO,Collection,,,,,,,,,15/15/15,Keep for collection; transfer ordinary extras,
Serperior (Shadow),497,serperior_shadow,Available in GO,Collection,,,,,,,,,15/15/15,Keep for collection; transfer ordinary extras,Shadow cannot be traded
Servine,496,servine,Available in GO,Collection,,,,,,,,,15/15/15,Keep for collection; transfer ordinary extras,
Servine (Shadow),496,servine_shadow,Available in GO,Collection,,,,,,,,,15/15/15,Keep for collection; transfer ordinary extras,Shadow cannot be traded
Seviper,336,seviper,Available in GO,Collection,,,,,,,,,15/15/15,Keep for collection; transfer ordinary extras,
Sewaddle,540,sewaddle,Available in GO,Collection,,,,,,,,,15/15/15,Keep for collection; transfer ordinary extras,
Sharpedo,319,sharpedo,Available in GO,Collection,,,,,,,,,15/15/15,Keep for collection; transfer ordinary extras,
Sharpedo (Mega),319,sharpedo_mega,Available in GO,Collection,,,,,,,,,15/15/15,Keep for collection; transfer ordinary extras,Mega form uses the base Pokémon’s IVs
Sharpedo (Shadow),319,sharpedo_shadow,Available in GO,Collection,,,,,,,,,15/15/15,Keep for collection; transfer ordinary extras,Shadow cannot be traded
Shaymin (Land),492,shaymin_land,Available in GO,Collection,,,,,,,,,15/15/15,Keep for collection; transfer ordinary extras,
Shaymin (Sky),492,shaymin_sky,Available in GO,Collection,,,,,,,,,15/15/15,Keep for collection; transfer ordinary extras,
Shedinja,292,shedinja,GO species; excluded from PvPoke ranking,Collection,,,,,,,,,15/15/15,Keep for collection; transfer ordinary extras,
Shelgon,372,shelgon,Available in GO,"GL, ML, Raids",Shelgon #117,1/15/14,,,Salamence #114,15/15/15,Salamence (Mega) (raid top-10 listing),15/15/15,15/15/15,Keep strong PvP IVs or raid IV >90%; trade suboptimal tradable copies,
Shelgon (Shadow),372,shelgon_shadow,Available in GO,"GL, ML, Raids",Shelgon (Shadow) #92,1/15/14,,,Salamence (Shadow) #76,15/15/15,Salamence (Shadow) (raid top-10 listing),15/15/15,15/15/15,Keep strong PvP IVs or raid IV >90%; trade suboptimal tradable copies,Shadow cannot be traded
Shellder,90,shellder,Available in GO,Collection,,,,,,,,,15/15/15,Keep for collection; transfer ordinary extras,
Shellder (Shadow),90,shellder_shadow,Available in GO,Collection,,,,,,,,,15/15/15,Keep for collection; transfer ordinary extras,Shadow cannot be traded
Shellos,422,shellos,Available in GO,UL,,,Gastrodon #98,6/15/15,,,,,15/15/15,Keep strong PvP IVs or raid IV >90%; trade suboptimal tradable copies,
Shelmet,616,shelmet,Available in GO,Collection,,,,,,,,,15/15/15,Keep for collection; transfer ordinary extras,
Shelmet (Shadow),616,shelmet_shadow,Available in GO,Collection,,,,,,,,,15/15/15,Keep for collection; transfer ordinary extras,Shadow cannot be traded
Shieldon,410,shieldon,Available in GO,GL,Bastiodon #168,0/15/14,,,,,,,15/15/15,Keep strong PvP IVs or raid IV >90%; trade suboptimal tradable copies,
Shieldon (Shadow),410,shieldon_shadow,Available in GO,Collection,,,,,,,,,15/15/15,Keep for collection; transfer ordinary extras,Shadow cannot be traded
Shiftry,275,shiftry,Available in GO,Collection,,,,,,,,,15/15/15,Keep for collection; transfer ordinary extras,
Shiftry (Shadow),275,shiftry_shadow,Available in GO,Collection,,,,,,,,,15/15/15,Keep for collection; transfer ordinary extras,Shadow cannot be traded
Shiinotic,756,shiinotic,Available in GO,Collection,,,,,,,,,15/15/15,Keep for collection; transfer ordinary extras,
Shiinotic (Shadow),756,shiinotic_shadow,Available in GO,Collection,,,,,,,,,15/15/15,Keep for collection; transfer ordinary extras,Shadow cannot be traded
Shinx,403,shinx,Available in GO,Collection,,,,,,,,,15/15/15,Keep for collection; transfer ordinary extras,
Shinx (Shadow),403,shinx_shadow,Available in GO,Collection,,,,,,,,,15/15/15,Keep for collection; transfer ordinary extras,Shadow cannot be traded
Shroodle,944,shroodle,Available in GO,UL,,,Grafaiai #190,10/15/15,,,,,15/15/15,Keep strong PvP IVs or raid IV >90%; trade suboptimal tradable copies,
Shroomish,285,shroomish,Available in GO,Collection,,,,,,,,,15/15/15,Keep for collection; transfer ordinary extras,
Shuckle,213,shuckle,Available in GO,Collection,,,,,,,,,15/15/15,Keep for collection; transfer ordinary extras,
Shuckle (Shadow),213,shuckle_shadow,Available in GO,Collection,,,,,,,,,15/15/15,Keep for collection; transfer ordinary extras,Shadow cannot be traded
Shuppet,353,shuppet,Available in GO,Raids,,,,,,,Banette (Mega) (raid top-10 listing),15/15/15,15/15/15,Keep strong PvP IVs or raid IV >90%; trade suboptimal tradable copies,
Shuppet (Shadow),353,shuppet_shadow,Available in GO,Collection,,,,,,,,,15/15/15,Keep for collection; transfer ordinary extras,Shadow cannot be traded
Sigilyph,561,sigilyph,Available in GO,Collection,,,,,,,,,15/15/15,Keep for collection; transfer ordinary extras,
Silcoon,266,silcoon,Available in GO,Collection,,,,,,,,,15/15/15,Keep for collection; transfer ordinary extras,
Silicobra,843,silicobra,Available in GO,Collection,,,,,,,,,15/15/15,Keep for collection; transfer ordinary extras,
Simipour,516,simipour,Available in GO,Collection,,,,,,,,,15/15/15,Keep for collection; transfer ordinary extras,
Simisage,512,simisage,Available in GO,Collection,,,,,,,,,15/15/15,Keep for collection; transfer ordinary extras,
Simisear,514,simisear,Available in GO,Collection,,,,,,,,,15/15/15,Keep for collection; transfer ordinary extras,
Sinistcha,1013,sinistcha,Available in GO,Collection,,,,,,,,,15/15/15,Keep for collection; transfer ordinary extras,
Sinistea,854,sinistea,Available in GO,Raids,,,,,,,Polteageist (Ghost backup),15/15/15,15/15/15,Keep strong PvP IVs or raid IV >90%; trade suboptimal tradable copies,
Sirfetch'd,865,sirfetchd,Available in GO,Collection,,,,,,,,,15/15/15,Keep for collection; transfer ordinary extras,
Sizzlipede,850,sizzlipede,Available in GO,"UL, ML",,,Centiskorch #163,0/15/15,Centiskorch #145,15/15/15,,,15/15/15,Keep strong PvP IVs or raid IV >90%; trade suboptimal tradable copies,
Skarmory,227,skarmory,Available in GO,"GL, UL, Raids",Skarmory #186,0/15/13,Skarmory #179,15/15/15,,,Skarmory (Mega) (raid top-10 listing),15/15/15,15/15/15,Keep strong PvP IVs or raid IV >90%; trade suboptimal tradable copies,
Skarmory (Mega),227,skarmory_mega,Available in GO,Raids,,,,,,,Skarmory (Mega) (raid top-10 listing),15/15/15,15/15/15,Keep strong PvP IVs or raid IV >90%; trade suboptimal tradable copies,Mega form uses the base Pokémon’s IVs
Skarmory (Shadow),227,skarmory_shadow,Available in GO,UL,,,Skarmory (Shadow) #184,15/15/15,,,,,15/15/15,Keep strong PvP IVs or raid IV >90%; trade suboptimal tradable copies,Shadow cannot be traded
Skeledirge,911,skeledirge,Available in GO,"UL, ML",,,Skeledirge #20,0/15/15,Skeledirge #134,15/15/15,,,15/15/15,Keep strong PvP IVs or raid IV >90%; trade suboptimal tradable copies,
Skiddo,672,skiddo,Available in GO,UL,,,Gogoat #189,0/14/15,,,,,15/15/15,Keep strong PvP IVs or raid IV >90%; trade suboptimal tradable copies,
Skiploom,188,skiploom,Available in GO,GL,Jumpluff #55,0/14/14,,,,,,,15/15/15,Keep strong PvP IVs or raid IV >90%; trade suboptimal tradable copies,
Skiploom (Shadow),188,skiploom_shadow,Available in GO,GL,Jumpluff (Shadow) #81,0/14/14,,,,,,,15/15/15,Keep strong PvP IVs or raid IV >90%; trade suboptimal tradable copies,Shadow cannot be traded
Skitty,300,skitty,Available in GO,Collection,,,,,,,,,15/15/15,Keep for collection; transfer ordinary extras,
Skorupi,451,skorupi,Available in GO,"GL, UL",Drapion #115,2/15/14,Drapion #90,0/15/15,,,,,15/15/15,Keep strong PvP IVs or raid IV >90%; trade suboptimal tradable copies,
Skorupi (Shadow),451,skorupi_shadow,Available in GO,"GL, UL",Drapion (Shadow) #99,2/15/14,Drapion (Shadow) #140,0/15/15,,,,,15/15/15,Keep strong PvP IVs or raid IV >90%; trade suboptimal tradable copies,Shadow cannot be traded
Skrelp,690,skrelp,Available in GO,"GL, UL",Dragalge #151,0/15/13,Dragalge #129,1/15/15,,,,,15/15/15,Keep strong PvP IVs or raid IV >90%; trade suboptimal tradable copies,
Skuntank,435,skuntank,Available in GO,Collection,,,,,,,,,15/15/15,Keep for collection; transfer ordinary extras,
Skuntank (Shadow),435,skuntank_shadow,Available in GO,Collection,,,,,,,,,15/15/15,Keep for collection; transfer ordinary extras,Shadow cannot be traded
Skwovet,819,skwovet,Available in GO,"GL, UL",Greedent #184,0/12/14,Greedent #148,3/15/15,,,,,15/15/15,Keep strong PvP IVs or raid IV >90%; trade suboptimal tradable copies,
Slaking,289,slaking,Available in GO,Collection,,,,,,,,,15/15/15,Keep for collection; transfer ordinary extras,
Slaking (Shadow),289,slaking_shadow,Available in GO,Collection,,,,,,,,,15/15/15,Keep for collection; transfer ordinary extras,Shadow cannot be traded
Slakoth,287,slakoth,Available in GO,GL,Vigoroth #21,1/15/15,,,,,,,15/15/15,Keep strong PvP IVs or raid IV >90%; trade suboptimal tradable copies,
Slakoth (Shadow),287,slakoth_shadow,Available in GO,GL,Vigoroth (Shadow) #37,1/15/15,,,,,,,15/15/15,Keep strong PvP IVs or raid IV >90%; trade suboptimal tradable copies,Shadow cannot be traded
Sliggoo,705,sliggoo,Available in GO,"GL, UL, ML",Goodra #108,1/14/14,Goodra #150,0/12/12,Goodra #55,15/15/15,,,15/15/15,Keep strong PvP IVs or raid IV >90%; trade suboptimal tradable copies,
Slowbro,80,slowbro,Available in GO,Collection,,,,,,,,,15/15/15,Keep for collection; transfer ordinary extras,
Slowbro (Galarian),80,slowbro_galarian,Available in GO,Collection,,,,,,,,,15/15/15,Keep for collection; transfer ordinary extras,
Slowbro (Mega),80,slowbro_mega,Available in GO,Collection,,,,,,,,,15/15/15,Keep for collection; transfer ordinary extras,Mega form uses the base Pokémon’s IVs
Slowbro (Shadow),80,slowbro_shadow,Available in GO,Collection,,,,,,,,,15/15/15,Keep for collection; transfer ordinary extras,Shadow cannot be traded
Slowking,199,slowking,Available in GO,Collection,,,,,,,,,15/15/15,Keep for collection; transfer ordinary extras,
Slowking (Galarian),199,slowking_galarian,Available in GO,Collection,,,,,,,,,15/15/15,Keep for collection; transfer ordinary extras,
Slowking (Shadow),199,slowking_shadow,Available in GO,Collection,,,,,,,,,15/15/15,Keep for collection; transfer ordinary extras,Shadow cannot be traded
Slowpoke,79,slowpoke,Available in GO,Collection,,,,,,,,,15/15/15,Keep for collection; transfer ordinary extras,
Slowpoke (Galarian),79,slowpoke_galarian,Available in GO,Collection,,,,,,,,,15/15/15,Keep for collection; transfer ordinary extras,
Slowpoke (Shadow),79,slowpoke_shadow,Available in GO,Collection,,,,,,,,,15/15/15,Keep for collection; transfer ordinary extras,Shadow cannot be traded
Slugma,218,slugma,Available in GO,Collection,,,,,,,,,15/15/15,Keep for collection; transfer ordinary extras,
Slurpuff,685,slurpuff,Available in GO,UL,,,Slurpuff #115,15/15/15,,,,,15/15/15,Keep strong PvP IVs or raid IV >90%; trade suboptimal tradable copies,
Smeargle,235,smeargle,Available in GO,Collection,,,,,,,,,15/15/15,Keep for collection; transfer ordinary extras,
Smoliv,928,smoliv,Available in GO,Collection,,,,,,,,,15/15/15,Keep for collection; transfer ordinary extras,
Smoochum,238,smoochum,Available in GO,Collection,,,,,,,,,15/15/15,Keep for collection; transfer ordinary extras,
Sneasel,215,sneasel,Available in GO,Collection,,,,,,,,,15/15/15,Keep for collection; transfer ordinary extras,
Sneasel (Hisuian),215,sneasel_hisuian,Available in GO,ML,,,,,Sneasler #198,15/15/15,,,15/15/15,Keep strong PvP IVs or raid IV >90%; trade suboptimal tradable copies,
Sneasel (Hisuian) (Shadow),215,sneasel_hisuian_shadow,Available in GO,ML,,,,,Sneasler (Shadow) #125,15/15/15,,,15/15/15,Keep strong PvP IVs or raid IV >90%; trade suboptimal tradable copies,Shadow cannot be traded
Sneasel (Shadow),215,sneasel_shadow,Available in GO,Raids,,,,,,,Weavile (Shadow) (raid top-10 listing),15/15/15,15/15/15,Keep strong PvP IVs or raid IV >90%; trade suboptimal tradable copies,Shadow cannot be traded
Sneasler,903,sneasler,Available in GO,ML,,,,,Sneasler #198,15/15/15,,,15/15/15,Keep strong PvP IVs or raid IV >90%; trade suboptimal tradable copies,
Sneasler (Shadow),903,sneasler_shadow,Available in GO,ML,,,,,Sneasler (Shadow) #125,15/15/15,,,15/15/15,Keep strong PvP IVs or raid IV >90%; trade suboptimal tradable copies,Shadow cannot be traded
Snivy,495,snivy,Available in GO,Collection,,,,,,,,,15/15/15,Keep for collection; transfer ordinary extras,
Snivy (Shadow),495,snivy_shadow,Available in GO,Collection,,,,,,,,,15/15/15,Keep for collection; transfer ordinary extras,Shadow cannot be traded
Snom,872,snom,Available in GO,Raids,,,,,,,Frosmoth (Bug backup),15/15/15,15/15/15,Keep strong PvP IVs or raid IV >90%; trade suboptimal tradable copies,
Snorlax,143,snorlax,Available in GO,"GL, UL, ML",Snorlax #27,1/15/14,Snorlax #11,0/12/15,Snorlax #90,15/15/15,,,15/15/15,Keep strong PvP IVs or raid IV >90%; trade suboptimal tradable copies,
Snorlax (Shadow),143,snorlax_shadow,Available in GO,"GL, UL, ML",Snorlax (Shadow) #40,1/15/14,Snorlax (Shadow) #3,0/12/15,Snorlax (Shadow) #79,15/15/15,,,15/15/15,Keep strong PvP IVs or raid IV >90%; trade suboptimal tradable copies,Shadow cannot be traded
Snorunt,361,snorunt,Available in GO,Collection,,,,,,,,,15/15/15,Keep for collection; transfer ordinary extras,
Snorunt (Shadow),361,snorunt_shadow,Available in GO,Collection,,,,,,,,,15/15/15,Keep for collection; transfer ordinary extras,Shadow cannot be traded
Snover,459,snover,Available in GO,UL,,,Abomasnow #143,3/15/14,,,,,15/15/15,Keep strong PvP IVs or raid IV >90%; trade suboptimal tradable copies,
Snover (Shadow),459,snover_shadow,Available in GO,"GL, UL",Abomasnow (Shadow) #196,0/15/15,Abomasnow (Shadow) #134,3/15/14,,,,,15/15/15,Keep strong PvP IVs or raid IV >90%; trade suboptimal tradable copies,Shadow cannot be traded
Snubbull,209,snubbull,Available in GO,Collection,,,,,,,,,15/15/15,Keep for collection; transfer ordinary extras,
Snubbull (Shadow),209,snubbull_shadow,Available in GO,Collection,,,,,,,,,15/15/15,Keep for collection; transfer ordinary extras,Shadow cannot be traded
Sobble,816,sobble,Available in GO,Raids,,,,,,,Inteleon (Water backup),15/15/15,15/15/15,Keep strong PvP IVs or raid IV >90%; trade suboptimal tradable copies,
Solgaleo,791,solgaleo,Available in GO,ML,,,,,Solgaleo #41,15/15/15,,,15/15/15,Keep strong PvP IVs or raid IV >90%; trade suboptimal tradable copies,
Solosis,577,solosis,Available in GO,Collection,,,,,,,,,15/15/15,Keep for collection; transfer ordinary extras,
Solosis (Shadow),577,solosis_shadow,Available in GO,Collection,,,,,,,,,15/15/15,Keep for collection; transfer ordinary extras,Shadow cannot be traded
Solrock,338,solrock,Available in GO,Collection,,,,,,,,,15/15/15,Keep for collection; transfer ordinary extras,
Spearow,21,spearow,Available in GO,GL,Fearow #25,0/15/14,,,,,,,15/15/15,Keep strong PvP IVs or raid IV >90%; trade suboptimal tradable copies,
Spheal,363,spheal,Available in GO,"GL, UL, ML",Sealeo #98,0/15/14,Walrein #40,0/15/15,Walrein #174,15/15/15,,,15/15/15,Keep strong PvP IVs or raid IV >90%; trade suboptimal tradable copies,
Spheal (Shadow),363,spheal_shadow,Available in GO,"GL, UL, ML",Walrein (Shadow) #142,0/12/15,Walrein (Shadow) #41,0/15/15,Walrein (Shadow) #190,15/15/15,,,15/15/15,Keep strong PvP IVs or raid IV >90%; trade suboptimal tradable copies,Shadow cannot be traded
Spidops,918,spidops,Available in GO,GL,Spidops #72,0/13/14,,,,,,,15/15/15,Keep strong PvP IVs or raid IV >90%; trade suboptimal tradable copies,
Spinarak,167,spinarak,Available in GO,Collection,,,,,,,,,15/15/15,Keep for collection; transfer ordinary extras,
Spinda,327,spinda,Available in GO,Collection,,,,,,,,,15/15/15,Keep for collection; transfer ordinary extras,
Spiritomb,442,spiritomb,Available in GO,"GL, UL",Spiritomb #139,0/15/15,Spiritomb #153,15/15/15,,,,,15/15/15,Keep strong PvP IVs or raid IV >90%; trade suboptimal tradable copies,
Spoink,325,spoink,Available in GO,"GL, UL",Grumpig #91,1/14/15,Grumpig #108,3/14/15,,,,,15/15/15,Keep strong PvP IVs or raid IV >90%; trade suboptimal tradable copies,
Spoink (Shadow),325,spoink_shadow,Available in GO,UL,,,Grumpig (Shadow) #109,3/14/15,,,,,15/15/15,Keep strong PvP IVs or raid IV >90%; trade suboptimal tradable copies,Shadow cannot be traded
Sprigatito,906,sprigatito,Available in GO,Raids,,,,,,,Meowscarada (Grass backup),15/15/15,15/15/15,Keep strong PvP IVs or raid IV >90%; trade suboptimal tradable copies,
Spritzee,682,spritzee,Available in GO,"GL, UL",Aromatisse #119,0/13/15,Aromatisse #82,6/15/14,,,,,15/15/15,Keep strong PvP IVs or raid IV >90%; trade suboptimal tradable copies,
Squawkabilly,931,squawkabilly,Available in GO,Collection,,,,,,,,,15/15/15,Keep for collection; transfer ordinary extras,
Squirtle,7,squirtle,Available in GO,"GL, UL, Raids",Blastoise #58,1/15/15,Blastoise #29,0/12/15,,,Blastoise (Mega) (raid top-10 listing),15/15/15,15/15/15,Keep strong PvP IVs or raid IV >90%; trade suboptimal tradable copies,
Squirtle (Shadow),7,squirtle_shadow,Available in GO,"GL, UL",Wartortle (Shadow) #135,0/14/15,Blastoise (Shadow) #84,0/12/15,,,,,15/15/15,Keep strong PvP IVs or raid IV >90%; trade suboptimal tradable copies,Shadow cannot be traded
Stakataka,805,stakataka,Available in GO,Collection,,,,,,,,,15/15/15,Keep for collection; transfer ordinary extras,
Stantler,234,stantler,Available in GO,Collection,,,,,,,,,15/15/15,Keep for collection; transfer ordinary extras,
Stantler (Shadow),234,stantler_shadow,Available in GO,Collection,,,,,,,,,15/15/15,Keep for collection; transfer ordinary extras,Shadow cannot be traded
Staraptor,398,staraptor,Available in GO,Raids,,,,,,,Staraptor (Mega) (raid top-10 listing),15/15/15,15/15/15,Keep strong PvP IVs or raid IV >90%; trade suboptimal tradable copies,
Staraptor (Mega),398,staraptor_mega,Available in GO,Raids,,,,,,,Staraptor (Mega) (raid top-10 listing),15/15/15,15/15/15,Keep strong PvP IVs or raid IV >90%; trade suboptimal tradable copies,Mega form uses the base Pokémon’s IVs
Staraptor (Shadow),398,staraptor_shadow,Available in GO,Raids,,,,,,,Staraptor (Shadow) (raid top-10 listing),15/15/15,15/15/15,Keep strong PvP IVs or raid IV >90%; trade suboptimal tradable copies,Shadow cannot be traded
Staravia,397,staravia,Available in GO,Raids,,,,,,,Staraptor (Mega) (raid top-10 listing),15/15/15,15/15/15,Keep strong PvP IVs or raid IV >90%; trade suboptimal tradable copies,
Staravia (Shadow),397,staravia_shadow,Available in GO,Raids,,,,,,,Staraptor (Shadow) (raid top-10 listing),15/15/15,15/15/15,Keep strong PvP IVs or raid IV >90%; trade suboptimal tradable copies,Shadow cannot be traded
Starly,396,starly,Available in GO,Raids,,,,,,,Staraptor (Mega) (raid top-10 listing),15/15/15,15/15/15,Keep strong PvP IVs or raid IV >90%; trade suboptimal tradable copies,
Starly (Shadow),396,starly_shadow,Available in GO,Raids,,,,,,,Staraptor (Shadow) (raid top-10 listing),15/15/15,15/15/15,Keep strong PvP IVs or raid IV >90%; trade suboptimal tradable copies,Shadow cannot be traded
Starmie,121,starmie,Available in GO,Raids,,,,,,,Starmie (Mega) (raid top-10 listing),15/15/15,15/15/15,Keep strong PvP IVs or raid IV >90%; trade suboptimal tradable copies,
Starmie (Mega),121,starmie_mega,Available in GO,Raids,,,,,,,Starmie (Mega) (raid top-10 listing),15/15/15,15/15/15,Keep strong PvP IVs or raid IV >90%; trade suboptimal tradable copies,Mega form uses the base Pokémon’s IVs
Starmie (Shadow),121,starmie_shadow,Available in GO,UL,,,Starmie (Shadow) #160,0/15/14,,,,,15/15/15,Keep strong PvP IVs or raid IV >90%; trade suboptimal tradable copies,Shadow cannot be traded
Staryu,120,staryu,Available in GO,Raids,,,,,,,Starmie (Mega) (raid top-10 listing),15/15/15,15/15/15,Keep strong PvP IVs or raid IV >90%; trade suboptimal tradable copies,
Staryu (Shadow),120,staryu_shadow,Available in GO,UL,,,Starmie (Shadow) #160,0/15/14,,,,,15/15/15,Keep strong PvP IVs or raid IV >90%; trade suboptimal tradable copies,Shadow cannot be traded
Steelix,208,steelix,Available in GO,"GL, UL",Steelix #134,0/14/15,Steelix #44,2/15/15,,,,,15/15/15,Keep strong PvP IVs or raid IV >90%; trade suboptimal tradable copies,
Steelix (Mega),208,steelix_mega,Available in GO,Collection,,,,,,,,,15/15/15,Keep for collection; transfer ordinary extras,Mega form uses the base Pokémon’s IVs
Steelix (Shadow),208,steelix_shadow,Available in GO,"GL, UL",Steelix (Shadow) #87,0/14/15,Steelix (Shadow) #47,2/15/15,,,,,15/15/15,Keep strong PvP IVs or raid IV >90%; trade suboptimal tradable copies,Shadow cannot be traded
Steenee,762,steenee,Available in GO,Raids,,,,,,,Tsareena (Grass backup),15/15/15,15/15/15,Keep strong PvP IVs or raid IV >90%; trade suboptimal tradable copies,
Stonjourner,874,stonjourner,Available in GO,Collection,,,,,,,,,15/15/15,Keep for collection; transfer ordinary extras,
Stoutland,508,stoutland,Available in GO,Collection,,,,,,,,,15/15/15,Keep for collection; transfer ordinary extras,
Stufful,759,stufful,Available in GO,Collection,,,,,,,,,15/15/15,Keep for collection; transfer ordinary extras,
Stufful (Shadow),759,stufful_shadow,Available in GO,ML,,,,,Bewear (Shadow) #191,15/15/15,,,15/15/15,Keep strong PvP IVs or raid IV >90%; trade suboptimal tradable copies,Shadow cannot be traded
Stunfisk,618,stunfisk,Available in GO,"GL, UL",Stunfisk #20,0/12/15,Stunfisk #132,15/15/15,,,,,15/15/15,Keep strong PvP IVs or raid IV >90%; trade suboptimal tradable copies,
Stunfisk (Galarian),618,stunfisk_galarian,Available in GO,"GL, UL",Stunfisk (Galarian) #86,0/12/15,Stunfisk (Galarian) #128,15/15/15,,,,,15/15/15,Keep strong PvP IVs or raid IV >90%; trade suboptimal tradable copies,
Stunky,434,stunky,Available in GO,Collection,,,,,,,,,15/15/15,Keep for collection; transfer ordinary extras,
Stunky (Shadow),434,stunky_shadow,Available in GO,Collection,,,,,,,,,15/15/15,Keep for collection; transfer ordinary extras,Shadow cannot be traded
Sudowoodo,185,sudowoodo,Available in GO,Collection,,,,,,,,,15/15/15,Keep for collection; transfer ordinary extras,
Sudowoodo (Shadow),185,sudowoodo_shadow,Available in GO,Collection,,,,,,,,,15/15/15,Keep for collection; transfer ordinary extras,Shadow cannot be traded
Suicune,245,suicune,Available in GO,ML,,,,,Suicune #193,15/15/15,,,15/15/15,Keep strong PvP IVs or raid IV >90%; trade suboptimal tradable copies,
Suicune (Shadow),245,suicune_shadow,Available in GO,Collection,,,,,,,,,15/15/15,Keep for collection; transfer ordinary extras,Shadow cannot be traded
Sunflora,192,sunflora,Available in GO,Collection,,,,,,,,,15/15/15,Keep for collection; transfer ordinary extras,
Sunkern,191,sunkern,Available in GO,Collection,,,,,,,,,15/15/15,Keep for collection; transfer ordinary extras,
Surskit,283,surskit,Available in GO,Collection,,,,,,,,,15/15/15,Keep for collection; transfer ordinary extras,
Swablu,333,swablu,Available in GO,GL,Altaria #2,0/14/15,,,,,,,15/15/15,Keep strong PvP IVs or raid IV >90%; trade suboptimal tradable copies,
Swablu (Shadow),333,swablu_shadow,Available in GO,GL,Altaria (Shadow) #9,0/14/15,,,,,,,15/15/15,Keep strong PvP IVs or raid IV >90%; trade suboptimal tradable copies,Shadow cannot be traded
Swadloon,541,swadloon,Available in GO,Collection,,,,,,,,,15/15/15,Keep for collection; transfer ordinary extras,
Swalot,317,swalot,Available in GO,GL,Swalot #149,0/14/14,,,,,,,15/15/15,Keep strong PvP IVs or raid IV >90%; trade suboptimal tradable copies,
Swampert,260,swampert,Available in GO,"GL, UL, ML, Raids",Swampert #78,0/14/14,Swampert #48,0/14/13,Swampert #104,15/15/15,Swampert (Mega) (raid top-10 listing),15/15/15,15/15/15,Keep strong PvP IVs or raid IV >90%; trade suboptimal tradable copies,
Swampert (Mega),260,swampert_mega,Available in GO,Raids,,,,,,,Swampert (Mega) (raid top-10 listing),15/15/15,15/15/15,Keep strong PvP IVs or raid IV >90%; trade suboptimal tradable copies,Mega form uses the base Pokémon’s IVs
Swampert (Shadow),260,swampert_shadow,Available in GO,"GL, UL, ML, Raids",Swampert (Shadow) #79,0/14/14,Swampert (Shadow) #89,0/14/13,Swampert (Shadow) #118,15/15/15,Swampert (Shadow) (raid top-10 listing),15/15/15,15/15/15,Keep strong PvP IVs or raid IV >90%; trade suboptimal tradable copies,Shadow cannot be traded
Swanna,581,swanna,Available in GO,Collection,,,,,,,,,15/15/15,Keep for collection; transfer ordinary extras,
Swanna (Shadow),581,swanna_shadow,Available in GO,Collection,,,,,,,,,15/15/15,Keep for collection; transfer ordinary extras,Shadow cannot be traded
Swellow,277,swellow,Available in GO,Collection,,,,,,,,,15/15/15,Keep for collection; transfer ordinary extras,
Swellow (Shadow),277,swellow_shadow,Available in GO,Collection,,,,,,,,,15/15/15,Keep for collection; transfer ordinary extras,Shadow cannot be traded
Swinub,220,swinub,Available in GO,"GL, UL, ML",Piloswine #130,0/15/10,Piloswine #92,5/15/12,Mamoswine #106,15/15/15,,,15/15/15,Keep strong PvP IVs or raid IV >90%; trade suboptimal tradable copies,
Swinub (Shadow),220,swinub_shadow,Available in GO,"UL, ML, Raids",,,Piloswine (Shadow) #81,5/15/12,Mamoswine (Shadow) #94,15/15/15,Mamoswine (Shadow) (raid top-10 listing),15/15/15,15/15/15,Keep strong PvP IVs or raid IV >90%; trade suboptimal tradable copies,Shadow cannot be traded
Swirlix,684,swirlix,Available in GO,UL,,,Slurpuff #115,15/15/15,,,,,15/15/15,Keep strong PvP IVs or raid IV >90%; trade suboptimal tradable copies,
Swoobat,528,swoobat,Available in GO,Collection,,,,,,,,,15/15/15,Keep for collection; transfer ordinary extras,
Sylveon,700,sylveon,Available in GO,"UL, ML, Raids",,,Sylveon #102,0/13/15,Sylveon #67,15/15/15,Sylveon (Fairy backup),15/15/15,15/15/15,Keep strong PvP IVs or raid IV >90%; trade suboptimal tradable copies,
Tadbulb,938,tadbulb,Available in GO,"GL, UL",Bellibolt #112,0/14/12,Bellibolt #57,0/15/10,,,,,15/15/15,Keep strong PvP IVs or raid IV >90%; trade suboptimal tradable copies,
Taillow,276,taillow,Available in GO,Collection,,,,,,,,,15/15/15,Keep for collection; transfer ordinary extras,
Taillow (Shadow),276,taillow_shadow,Available in GO,Collection,,,,,,,,,15/15/15,Keep for collection; transfer ordinary extras,Shadow cannot be traded
Talonflame,663,talonflame,Available in GO,"GL, UL",Talonflame #84,0/13/14,Talonflame #38,15/15/15,,,,,15/15/15,Keep strong PvP IVs or raid IV >90%; trade suboptimal tradable copies,
Talonflame (Shadow),663,talonflame_shadow,Available in GO,"GL, UL",Talonflame (Shadow) #104,0/13/14,Talonflame (Shadow) #56,15/15/15,,,,,15/15/15,Keep strong PvP IVs or raid IV >90%; trade suboptimal tradable copies,Shadow cannot be traded
Tandemaus,924,tandemaus,Available in GO,GL,Maushold #176,0/14/15,,,,,,,15/15/15,Keep strong PvP IVs or raid IV >90%; trade suboptimal tradable copies,
Tangela,114,tangela,Available in GO,Collection,,,,,,,,,15/15/15,Keep for collection; transfer ordinary extras,
Tangela (Shadow),114,tangela_shadow,Available in GO,Raids,,,,,,,Tangrowth (Shadow) (raid top-10 listing),15/15/15,15/15/15,Keep strong PvP IVs or raid IV >90%; trade suboptimal tradable copies,Shadow cannot be traded
Tangrowth,465,tangrowth,Available in GO,Collection,,,,,,,,,15/15/15,Keep for collection; transfer ordinary extras,
Tangrowth (Shadow),465,tangrowth_shadow,Available in GO,Raids,,,,,,,Tangrowth (Shadow) (raid top-10 listing),15/15/15,15/15/15,Keep strong PvP IVs or raid IV >90%; trade suboptimal tradable copies,Shadow cannot be traded
Tapu Bulu,787,tapu_bulu,Available in GO,"ML, Raids",,,,,Tapu Bulu #112,15/15/15,Tapu Bulu (raid top-10 listing),15/15/15,15/15/15,Keep strong PvP IVs or raid IV >90%; trade suboptimal tradable copies,
Tapu Fini,788,tapu_fini,Available in GO,"UL, ML",,,Tapu Fini #180,0/13/14,Tapu Fini #120,15/15/15,,,15/15/15,Keep strong PvP IVs or raid IV >90%; trade suboptimal tradable copies,
Tapu Koko,785,tapu_koko,Available in GO,"ML, Raids",,,,,Tapu Koko #168,15/15/15,Tapu Koko (raid top-10 listing),15/15/15,15/15/15,Keep strong PvP IVs or raid IV >90%; trade suboptimal tradable copies,
Tapu Lele,786,tapu_lele,Available in GO,"ML, Raids",,,,,Tapu Lele #59,15/15/15,Tapu Lele (raid top-10 listing),15/15/15,15/15/15,Keep strong PvP IVs or raid IV >90%; trade suboptimal tradable copies,
Tarountula,917,tarountula,Available in GO,GL,Spidops #72,0/13/14,,,,,,,15/15/15,Keep strong PvP IVs or raid IV >90%; trade suboptimal tradable copies,
Tatsugiri (Curly),978,tatsugiri_curly,Available in GO,Collection,,,,,,,,,15/15/15,Keep for collection; transfer ordinary extras,
Tatsugiri (Droopy),978,tatsugiri_droopy,Available in GO,Collection,,,,,,,,,15/15/15,Keep for collection; transfer ordinary extras,
Tatsugiri (Stretchy),978,tatsugiri_stretchy,Available in GO,Collection,,,,,,,,,15/15/15,Keep for collection; transfer ordinary extras,
Tauros,128,tauros,Available in GO,Collection,,,,,,,,,15/15/15,Keep for collection; transfer ordinary extras,
Tauros (Aqua),128,tauros_aqua,Available in GO,Collection,,,,,,,,,15/15/15,Keep for collection; transfer ordinary extras,
Tauros (Blaze),128,tauros_blaze,Available in GO,Collection,,,,,,,,,15/15/15,Keep for collection; transfer ordinary extras,
Tauros (Combat),128,tauros_combat,Available in GO,Collection,,,,,,,,,15/15/15,Keep for collection; transfer ordinary extras,
Teddiursa,216,teddiursa,Available in GO,"GL, UL, ML",Ursaluna #160,0/14/14,Ursaluna #142,1/15/15,Ursaluna #10,15/15/15,,,15/15/15,Keep strong PvP IVs or raid IV >90%; trade suboptimal tradable copies,
Teddiursa (Shadow),216,teddiursa_shadow,Available in GO,"UL, ML",,,Ursaluna (Shadow) #169,1/15/15,Ursaluna (Shadow) #17,15/15/15,,,15/15/15,Keep strong PvP IVs or raid IV >90%; trade suboptimal tradable copies,Shadow cannot be traded
Tentacool,72,tentacool,Available in GO,"GL, UL",Tentacruel #195,1/15/14,Tentacruel #83,0/13/15,,,,,15/15/15,Keep strong PvP IVs or raid IV >90%; trade suboptimal tradable copies,
Tentacool (Shadow),72,tentacool_shadow,Available in GO,UL,,,Tentacruel (Shadow) #87,0/13/15,,,,,15/15/15,Keep strong PvP IVs or raid IV >90%; trade suboptimal tradable copies,Shadow cannot be traded
Tentacruel,73,tentacruel,Available in GO,"GL, UL",Tentacruel #195,1/15/14,Tentacruel #83,0/13/15,,,,,15/15/15,Keep strong PvP IVs or raid IV >90%; trade suboptimal tradable copies,
Tentacruel (Shadow),73,tentacruel_shadow,Available in GO,UL,,,Tentacruel (Shadow) #87,0/13/15,,,,,15/15/15,Keep strong PvP IVs or raid IV >90%; trade suboptimal tradable copies,Shadow cannot be traded
Tepig,498,tepig,Available in GO,Collection,,,,,,,,,15/15/15,Keep for collection; transfer ordinary extras,
Tepig (Shadow),498,tepig_shadow,Available in GO,Collection,,,,,,,,,15/15/15,Keep for collection; transfer ordinary extras,Shadow cannot be traded
Terrakion,639,terrakion,Available in GO,ML,,,,,Terrakion #140,15/15/15,,,15/15/15,Keep strong PvP IVs or raid IV >90%; trade suboptimal tradable copies,
Thievul,828,thievul,Available in GO,"GL, UL",Thievul #15,0/15/11,Thievul #164,15/15/15,,,,,15/15/15,Keep strong PvP IVs or raid IV >90%; trade suboptimal tradable copies,
Throh,538,throh,Available in GO,GL,Throh #188,2/15/15,,,,,,,15/15/15,Keep strong PvP IVs or raid IV >90%; trade suboptimal tradable copies,
Throh (Shadow),538,throh_shadow,Available in GO,UL,,,Throh (Shadow) #165,0/14/15,,,,,15/15/15,Keep strong PvP IVs or raid IV >90%; trade suboptimal tradable copies,Shadow cannot be traded
Thundurus (Incarnate),642,thundurus_incarnate,Available in GO,ML,,,,,Thundurus (Incarnate) #187,15/15/15,,,15/15/15,Keep strong PvP IVs or raid IV >90%; trade suboptimal tradable copies,
Thundurus (Incarnate) (Shadow),642,thundurus_incarnate_shadow,Available in GO,ML,,,,,Thundurus (Incarnate) (Shadow) #129,15/15/15,,,15/15/15,Keep strong PvP IVs or raid IV >90%; trade suboptimal tradable copies,Shadow cannot be traded
Thundurus (Therian),642,thundurus_therian,Available in GO,ML,,,,,Thundurus (Therian) #128,15/15/15,,,15/15/15,Keep strong PvP IVs or raid IV >90%; trade suboptimal tradable copies,
Thwackey,811,thwackey,Available in GO,"GL, UL, ML",Rillaboom #35,0/12/13,Rillaboom #21,0/14/15,Rillaboom #34,15/15/15,,,15/15/15,Keep strong PvP IVs or raid IV >90%; trade suboptimal tradable copies,
Timburr,532,timburr,Available in GO,"ML, Raids",,,,,Conkeldurr #110,15/15/15,Conkeldurr (Fighting backup),15/15/15,15/15/15,Keep strong PvP IVs or raid IV >90%; trade suboptimal tradable copies,
Timburr (Shadow),532,timburr_shadow,Available in GO,"ML, Raids",,,,,Conkeldurr (Shadow) #64,15/15/15,Conkeldurr (Shadow) (raid top-10 listing),15/15/15,15/15/15,Keep strong PvP IVs or raid IV >90%; trade suboptimal tradable copies,Shadow cannot be traded
Tinkatink,957,tinkatink,Available in GO,"GL, UL",Tinkaton #5,1/14/14,Tinkaton #1,13/15/15,,,,,15/15/15,Keep strong PvP IVs or raid IV >90%; trade suboptimal tradable copies,
Tinkaton,959,tinkaton,Available in GO,"GL, UL",Tinkaton #5,1/14/14,Tinkaton #1,13/15/15,,,,,15/15/15,Keep strong PvP IVs or raid IV >90%; trade suboptimal tradable copies,
Tinkatuff,958,tinkatuff,Available in GO,"GL, UL",Tinkaton #5,1/14/14,Tinkaton #1,13/15/15,,,,,15/15/15,Keep strong PvP IVs or raid IV >90%; trade suboptimal tradable copies,
Tirtouga,564,tirtouga,Available in GO,Collection,,,,,,,,,15/15/15,Keep for collection; transfer ordinary extras,
Tirtouga (Shadow),564,tirtouga_shadow,Available in GO,Collection,,,,,,,,,15/15/15,Keep for collection; transfer ordinary extras,Shadow cannot be traded
Toedscool,948,toedscool,Available in GO,UL,,,Toedscruel #185,0/13/15,,,,,15/15/15,Keep strong PvP IVs or raid IV >90%; trade suboptimal tradable copies,
Toedscruel,949,toedscruel,Available in GO,UL,,,Toedscruel #185,0/13/15,,,,,15/15/15,Keep strong PvP IVs or raid IV >90%; trade suboptimal tradable copies,
Togedemaru,777,togedemaru,Available in GO,Collection,,,,,,,,,15/15/15,Keep for collection; transfer ordinary extras,
Togekiss,468,togekiss,Available in GO,"GL, UL, ML, Raids",Togekiss #166,0/14/11,Togekiss #61,0/15/15,Togekiss #58,15/15/15,Togekiss (Fairy backup),15/15/15,15/15/15,Keep strong PvP IVs or raid IV >90%; trade suboptimal tradable copies,
Togepi,175,togepi,Available in GO,"GL, UL, ML, Raids",Togekiss #166,0/14/11,Togekiss #61,0/15/15,Togekiss #58,15/15/15,Togekiss (Fairy backup),15/15/15,15/15/15,Keep strong PvP IVs or raid IV >90%; trade suboptimal tradable copies,
Togetic,176,togetic,Available in GO,"GL, UL, ML, Raids",Togekiss #166,0/14/11,Togekiss #61,0/15/15,Togekiss #58,15/15/15,Togekiss (Fairy backup),15/15/15,15/15/15,Keep strong PvP IVs or raid IV >90%; trade suboptimal tradable copies,
Torchic,255,torchic,Available in GO,"UL, Raids",,,Blaziken #175,1/15/15,,,Blaziken (Mega) (raid top-10 listing),15/15/15,15/15/15,Keep strong PvP IVs or raid IV >90%; trade suboptimal tradable copies,
Torchic (Shadow),255,torchic_shadow,Available in GO,"UL, Raids",,,Blaziken (Shadow) #170,1/15/15,,,Blaziken (Shadow) (raid top-10 listing),15/15/15,15/15/15,Keep strong PvP IVs or raid IV >90%; trade suboptimal tradable copies,Shadow cannot be traded
Torkoal,324,torkoal,Available in GO,GL,Torkoal #125,0/15/15,,,,,,,15/15/15,Keep strong PvP IVs or raid IV >90%; trade suboptimal tradable copies,
Tornadus (Incarnate),641,tornadus_incarnate,Available in GO,Collection,,,,,,,,,15/15/15,Keep for collection; transfer ordinary extras,
Tornadus (Incarnate) (Shadow),641,tornadus_incarnate_shadow,Available in GO,Collection,,,,,,,,,15/15/15,Keep for collection; transfer ordinary extras,Shadow cannot be traded
Tornadus (Therian),641,tornadus_therian,Available in GO,Collection,,,,,,,,,15/15/15,Keep for collection; transfer ordinary extras,
Torracat,726,torracat,Available in GO,Collection,,,,,,,,,15/15/15,Keep for collection; transfer ordinary extras,
Torterra,389,torterra,Available in GO,ML,,,,,Torterra #171,15/15/15,,,15/15/15,Keep strong PvP IVs or raid IV >90%; trade suboptimal tradable copies,
Torterra (Shadow),389,torterra_shadow,Available in GO,ML,,,,,Torterra (Shadow) #176,15/15/15,,,15/15/15,Keep strong PvP IVs or raid IV >90%; trade suboptimal tradable copies,Shadow cannot be traded
Totodile,158,totodile,Available in GO,"GL, UL, ML, Raids",Feraligatr #30,0/11/13,Feraligatr #15,1/15/14,Feraligatr #166,15/15/15,Feraligatr (Water backup),15/15/15,15/15/15,Keep strong PvP IVs or raid IV >90%; trade suboptimal tradable copies,
Totodile (Shadow),158,totodile_shadow,Available in GO,"GL, UL, ML, Raids",Feraligatr (Shadow) #60,0/11/13,Feraligatr (Shadow) #14,1/15/14,Feraligatr (Shadow) #164,15/15/15,Feraligatr (Shadow) (Water backup),15/15/15,15/15/15,Keep strong PvP IVs or raid IV >90%; trade suboptimal tradable copies,Shadow cannot be traded
Toucannon,733,toucannon,Available in GO,"GL, UL",Toucannon #137,0/14/13,Toucannon #49,2/15/14,,,,,15/15/15,Keep strong PvP IVs or raid IV >90%; trade suboptimal tradable copies,
Toucannon (Shadow),733,toucannon_shadow,Available in GO,"GL, UL, Raids",Toucannon (Shadow) #140,0/14/13,Toucannon (Shadow) #63,2/15/14,,,Toucannon (Shadow) (raid top-10 listing),15/15/15,15/15/15,Keep strong PvP IVs or raid IV >90%; trade suboptimal tradable copies,Shadow cannot be traded
Toxapex,748,toxapex,Available in GO,GL,Toxapex #114,0/15/15,,,,,,,15/15/15,Keep strong PvP IVs or raid IV >90%; trade suboptimal tradable copies,
Toxel,848,toxel,Available in GO,Collection,,,,,,,,,15/15/15,Keep for collection; transfer ordinary extras,
Toxicroak,454,toxicroak,Available in GO,Collection,,,,,,,,,15/15/15,Keep for collection; transfer ordinary extras,
Toxicroak (Shadow),454,toxicroak_shadow,Available in GO,Collection,,,,,,,,,15/15/15,Keep for collection; transfer ordinary extras,Shadow cannot be traded
Toxtricity,849,toxtricity,Available in GO,Collection,,,,,,,,,15/15/15,Keep for collection; transfer ordinary extras,
Tranquill,520,tranquill,Available in GO,Raids,,,,,,,Unfezant (Flying backup),15/15/15,15/15/15,Keep strong PvP IVs or raid IV >90%; trade suboptimal tradable copies,
Tranquill (Shadow),520,tranquill_shadow,Available in GO,Raids,,,,,,,Unfezant (Shadow) (Flying backup),15/15/15,15/15/15,Keep strong PvP IVs or raid IV >90%; trade suboptimal tradable copies,Shadow cannot be traded
Trapinch,328,trapinch,Available in GO,Collection,,,,,,,,,15/15/15,Keep for collection; transfer ordinary extras,
Trapinch (Shadow),328,trapinch_shadow,Available in GO,Collection,,,,,,,,,15/15/15,Keep for collection; transfer ordinary extras,Shadow cannot be traded
Treecko,252,treecko,Available in GO,Raids,,,,,,,Sceptile (Mega) (raid top-10 listing),15/15/15,15/15/15,Keep strong PvP IVs or raid IV >90%; trade suboptimal tradable copies,
Treecko (Shadow),252,treecko_shadow,Available in GO,Raids,,,,,,,Sceptile (Shadow) (raid top-10 listing),15/15/15,15/15/15,Keep strong PvP IVs or raid IV >90%; trade suboptimal tradable copies,Shadow cannot be traded
Trevenant,709,trevenant,Available in GO,UL,,,Trevenant #154,1/15/15,,,,,15/15/15,Keep strong PvP IVs or raid IV >90%; trade suboptimal tradable copies,
Trevenant (Shadow),709,trevenant_shadow,Available in GO,UL,,,Trevenant (Shadow) #145,1/15/15,,,,,15/15/15,Keep strong PvP IVs or raid IV >90%; trade suboptimal tradable copies,Shadow cannot be traded
Tropius,357,tropius,Available in GO,Collection,,,,,,,,,15/15/15,Keep for collection; transfer ordinary extras,
Trubbish,568,trubbish,Available in GO,Collection,,,,,,,,,15/15/15,Keep for collection; transfer ordinary extras,
Trubbish (Shadow),568,trubbish_shadow,Available in GO,Collection,,,,,,,,,15/15/15,Keep for collection; transfer ordinary extras,Shadow cannot be traded
Trumbeak,732,trumbeak,Available in GO,"GL, UL",Toucannon #137,0/14/13,Toucannon #49,2/15/14,,,,,15/15/15,Keep strong PvP IVs or raid IV >90%; trade suboptimal tradable copies,
Trumbeak (Shadow),732,trumbeak_shadow,Available in GO,"GL, UL, Raids",Toucannon (Shadow) #140,0/14/13,Toucannon (Shadow) #63,2/15/14,,,Toucannon (Shadow) (raid top-10 listing),15/15/15,15/15/15,Keep strong PvP IVs or raid IV >90%; trade suboptimal tradable copies,Shadow cannot be traded
Tsareena,763,tsareena,Available in GO,Raids,,,,,,,Tsareena (Grass backup),15/15/15,15/15/15,Keep strong PvP IVs or raid IV >90%; trade suboptimal tradable copies,
Turtonator,776,turtonator,Available in GO,"GL, UL",Turtonator #64,0/12/14,Turtonator #70,15/14/14,,,,,15/15/15,Keep strong PvP IVs or raid IV >90%; trade suboptimal tradable copies,
Turtwig,387,turtwig,Available in GO,ML,,,,,Torterra #171,15/15/15,,,15/15/15,Keep strong PvP IVs or raid IV >90%; trade suboptimal tradable copies,
Turtwig (Shadow),387,turtwig_shadow,Available in GO,ML,,,,,Torterra (Shadow) #176,15/15/15,,,15/15/15,Keep strong PvP IVs or raid IV >90%; trade suboptimal tradable copies,Shadow cannot be traded
Tympole,535,tympole,Available in GO,"GL, UL",Seismitoad #83,1/15/15,Seismitoad #58,0/15/12,,,,,15/15/15,Keep strong PvP IVs or raid IV >90%; trade suboptimal tradable copies,
Tynamo,602,tynamo,Available in GO,Collection,,,,,,,,,15/15/15,Keep for collection; transfer ordinary extras,
Typhlosion,157,typhlosion,Available in GO,Raids,,,,,,,Typhlosion (Fire backup),15/15/15,15/15/15,Keep strong PvP IVs or raid IV >90%; trade suboptimal tradable copies,
Typhlosion (Hisuian),157,typhlosion_hisuian,Available in GO,ML,,,,,Typhlosion (Hisuian) #199,15/15/15,,,15/15/15,Keep strong PvP IVs or raid IV >90%; trade suboptimal tradable copies,
Typhlosion (Shadow),157,typhlosion_shadow,Available in GO,"UL, Raids",,,Typhlosion (Shadow) #197,0/13/15,,,Typhlosion (Shadow) (Fire backup),15/15/15,15/15/15,Keep strong PvP IVs or raid IV >90%; trade suboptimal tradable copies,Shadow cannot be traded
Tyranitar,248,tyranitar,Available in GO,"ML, Raids",,,,,Tyranitar #83,15/15/15,Tyranitar (Mega) (raid top-10 listing),15/15/15,15/15/15,Keep strong PvP IVs or raid IV >90%; trade suboptimal tradable copies,
Tyranitar (Mega),248,tyranitar_mega,Available in GO,Raids,,,,,,,Tyranitar (Mega) (raid top-10 listing),15/15/15,15/15/15,Keep strong PvP IVs or raid IV >90%; trade suboptimal tradable copies,Mega form uses the base Pokémon’s IVs
Tyranitar (Shadow),248,tyranitar_shadow,Available in GO,"ML, Raids",,,,,Tyranitar (Shadow) #63,15/15/15,Tyranitar (Shadow) (raid top-10 listing),15/15/15,15/15/15,Keep strong PvP IVs or raid IV >90%; trade suboptimal tradable copies,Shadow cannot be traded
Tyrantrum,697,tyrantrum,Available in GO,Raids,,,,,,,Tyrantrum (Rock backup),15/15/15,15/15/15,Keep strong PvP IVs or raid IV >90%; trade suboptimal tradable copies,
Tyrantrum (Shadow),697,tyrantrum_shadow,Available in GO,Raids,,,,,,,Tyrantrum (Shadow) (raid top-10 listing),15/15/15,15/15/15,Keep strong PvP IVs or raid IV >90%; trade suboptimal tradable copies,Shadow cannot be traded
Tyrogue,236,tyrogue,Available in GO,Collection,,,,,,,,,15/15/15,Keep for collection; transfer ordinary extras,
Tyrunt,696,tyrunt,Available in GO,Raids,,,,,,,Tyrantrum (Rock backup),15/15/15,15/15/15,Keep strong PvP IVs or raid IV >90%; trade suboptimal tradable copies,
Tyrunt (Shadow),696,tyrunt_shadow,Available in GO,Raids,,,,,,,Tyrantrum (Shadow) (raid top-10 listing),15/15/15,15/15/15,Keep strong PvP IVs or raid IV >90%; trade suboptimal tradable copies,Shadow cannot be traded
Umbreon,197,umbreon,Available in GO,"GL, UL",Umbreon #28,0/15/14,Umbreon #119,15/15/15,,,,,15/15/15,Keep strong PvP IVs or raid IV >90%; trade suboptimal tradable copies,
Unfezant,521,unfezant,Available in GO,Raids,,,,,,,Unfezant (Flying backup),15/15/15,15/15/15,Keep strong PvP IVs or raid IV >90%; trade suboptimal tradable copies,
Unfezant (Shadow),521,unfezant_shadow,Available in GO,Raids,,,,,,,Unfezant (Shadow) (Flying backup),15/15/15,15/15/15,Keep strong PvP IVs or raid IV >90%; trade suboptimal tradable copies,Shadow cannot be traded
Unown,201,unown,Available in GO,Collection,,,,,,,,,15/15/15,Keep for collection; transfer ordinary extras,
Ursaluna,901,ursaluna,Available in GO,"GL, UL, ML",Ursaluna #160,0/14/14,Ursaluna #142,1/15/15,Ursaluna #10,15/15/15,,,15/15/15,Keep strong PvP IVs or raid IV >90%; trade suboptimal tradable copies,
Ursaluna (Shadow),901,ursaluna_shadow,Available in GO,"UL, ML",,,Ursaluna (Shadow) #169,1/15/15,Ursaluna (Shadow) #17,15/15/15,,,15/15/15,Keep strong PvP IVs or raid IV >90%; trade suboptimal tradable copies,Shadow cannot be traded
Ursaring,217,ursaring,Available in GO,"GL, UL, ML",Ursaluna #160,0/14/14,Ursaluna #142,1/15/15,Ursaluna #10,15/15/15,,,15/15/15,Keep strong PvP IVs or raid IV >90%; trade suboptimal tradable copies,
Ursaring (Shadow),217,ursaring_shadow,Available in GO,"UL, ML",,,Ursaluna (Shadow) #169,1/15/15,Ursaluna (Shadow) #17,15/15/15,,,15/15/15,Keep strong PvP IVs or raid IV >90%; trade suboptimal tradable copies,Shadow cannot be traded
Urshifu (Rapid Strike),892,urshifu_rapid_strike,Available in GO,ML,,,,,Urshifu (Rapid Strike) #82,15/15/15,,,15/15/15,Keep strong PvP IVs or raid IV >90%; trade suboptimal tradable copies,
Urshifu (Single Strike),892,urshifu_single_strike,Available in GO,ML,,,,,Urshifu (Single Strike) #74,15/15/15,,,15/15/15,Keep strong PvP IVs or raid IV >90%; trade suboptimal tradable copies,
Uxie,480,uxie,Available in GO,Collection,,,,,,,,,15/15/15,Keep for collection; transfer ordinary extras,
Vanillish,583,vanillish,Available in GO,Collection,,,,,,,,,15/15/15,Keep for collection; transfer ordinary extras,
Vanillite,582,vanillite,Available in GO,Collection,,,,,,,,,15/15/15,Keep for collection; transfer ordinary extras,
Vanilluxe,584,vanilluxe,Available in GO,Collection,,,,,,,,,15/15/15,Keep for collection; transfer ordinary extras,
Vaporeon,134,vaporeon,Available in GO,Collection,,,,,,,,,15/15/15,Keep for collection; transfer ordinary extras,
Varoom,965,varoom,Available in GO,Collection,,,,,,,,,15/15/15,Keep for collection; transfer ordinary extras,
Venipede,543,venipede,Available in GO,Collection,,,,,,,,,15/15/15,Keep for collection; transfer ordinary extras,
Venipede (Shadow),543,venipede_shadow,Available in GO,Collection,,,,,,,,,15/15/15,Keep for collection; transfer ordinary extras,Shadow cannot be traded
Venomoth,49,venomoth,Available in GO,Collection,,,,,,,,,15/15/15,Keep for collection; transfer ordinary extras,
Venomoth (Shadow),49,venomoth_shadow,Available in GO,Collection,,,,,,,,,15/15/15,Keep for collection; transfer ordinary extras,Shadow cannot be traded
Venonat,48,venonat,Available in GO,Collection,,,,,,,,,15/15/15,Keep for collection; transfer ordinary extras,
Venonat (Shadow),48,venonat_shadow,Available in GO,Collection,,,,,,,,,15/15/15,Keep for collection; transfer ordinary extras,Shadow cannot be traded
Venusaur,3,venusaur,Available in GO,Raids,,,,,,,Venusaur (Mega) (raid top-10 listing),15/15/15,15/15/15,Keep strong PvP IVs or raid IV >90%; trade suboptimal tradable copies,
Venusaur (Mega),3,venusaur_mega,Available in GO,Raids,,,,,,,Venusaur (Mega) (raid top-10 listing),15/15/15,15/15/15,Keep strong PvP IVs or raid IV >90%; trade suboptimal tradable copies,Mega form uses the base Pokémon’s IVs
Venusaur (Shadow),3,venusaur_shadow,Available in GO,Raids,,,,,,,Venusaur (Shadow) (raid top-10 listing),15/15/15,15/15/15,Keep strong PvP IVs or raid IV >90%; trade suboptimal tradable copies,Shadow cannot be traded
Vespiquen,416,vespiquen,Available in GO,Collection,,,,,,,,,15/15/15,Keep for collection; transfer ordinary extras,
Vibrava,329,vibrava,Available in GO,Collection,,,,,,,,,15/15/15,Keep for collection; transfer ordinary extras,
Vibrava (Shadow),329,vibrava_shadow,Available in GO,Collection,,,,,,,,,15/15/15,Keep for collection; transfer ordinary extras,Shadow cannot be traded
Victini,494,victini,Available in GO,ML,,,,,Victini #100,15/15/15,,,15/15/15,Keep strong PvP IVs or raid IV >90%; trade suboptimal tradable copies,
Victreebel,71,victreebel,Available in GO,"UL, Raids",,,Victreebel #149,0/15/12,,,Victreebel (Mega) (raid top-10 listing),15/15/15,15/15/15,Keep strong PvP IVs or raid IV >90%; trade suboptimal tradable copies,
Victreebel (Mega),71,victreebel_mega,Available in GO,Raids,,,,,,,Victreebel (Mega) (raid top-10 listing),15/15/15,15/15/15,Keep strong PvP IVs or raid IV >90%; trade suboptimal tradable copies,Mega form uses the base Pokémon’s IVs
Victreebel (Shadow),71,victreebel_shadow,Available in GO,UL,,,Victreebel (Shadow) #173,0/15/12,,,,,15/15/15,Keep strong PvP IVs or raid IV >90%; trade suboptimal tradable copies,Shadow cannot be traded
Vigoroth,288,vigoroth,Available in GO,GL,Vigoroth #21,1/15/15,,,,,,,15/15/15,Keep strong PvP IVs or raid IV >90%; trade suboptimal tradable copies,
Vigoroth (Shadow),288,vigoroth_shadow,Available in GO,GL,Vigoroth (Shadow) #37,1/15/15,,,,,,,15/15/15,Keep strong PvP IVs or raid IV >90%; trade suboptimal tradable copies,Shadow cannot be traded
Vikavolt,738,vikavolt,Available in GO,Collection,,,,,,,,,15/15/15,Keep for collection; transfer ordinary extras,
Vikavolt (Shadow),738,vikavolt_shadow,Available in GO,Raids,,,,,,,Vikavolt (Shadow) (raid top-10 listing),15/15/15,15/15/15,Keep strong PvP IVs or raid IV >90%; trade suboptimal tradable copies,Shadow cannot be traded
Vileplume,45,vileplume,Available in GO,Collection,,,,,,,,,15/15/15,Keep for collection; transfer ordinary extras,
Vileplume (Shadow),45,vileplume_shadow,Available in GO,Collection,,,,,,,,,15/15/15,Keep for collection; transfer ordinary extras,Shadow cannot be traded
Virizion,640,virizion,Available in GO,"UL, ML",,,Virizion #6,0/14/15,Virizion #119,15/15/15,,,15/15/15,Keep strong PvP IVs or raid IV >90%; trade suboptimal tradable copies,
Vivillon,666,vivillon,Available in GO,Collection,,,,,,,,,15/15/15,Keep for collection; transfer ordinary extras,
Volbeat,313,volbeat,Available in GO,Collection,,,,,,,,,15/15/15,Keep for collection; transfer ordinary extras,
Volcanion,721,volcanion,Available in GO,ML,,,,,Volcanion #81,15/15/15,,,15/15/15,Keep strong PvP IVs or raid IV >90%; trade suboptimal tradable copies,
Volcarona,637,volcarona,Available in GO,Raids,,,,,,,Volcarona (raid top-10 listing),15/15/15,15/15/15,Keep strong PvP IVs or raid IV >90%; trade suboptimal tradable copies,
Voltorb,100,voltorb,Available in GO,Collection,,,,,,,,,15/15/15,Keep for collection; transfer ordinary extras,
Voltorb (Hisuian),100,voltorb_hisuian,Available in GO,"GL, UL",Electrode (Hisuian) #34,1/14/14,Electrode (Hisuian) #161,15/15/15,,,,,15/15/15,Keep strong PvP IVs or raid IV >90%; trade suboptimal tradable copies,
Voltorb (Shadow),100,voltorb_shadow,Available in GO,Collection,,,,,,,,,15/15/15,Keep for collection; transfer ordinary extras,Shadow cannot be traded
Vullaby,629,vullaby,Available in GO,"GL, UL",Mandibuzz #51,0/13/15,Mandibuzz #136,15/15/15,,,,,15/15/15,Keep strong PvP IVs or raid IV >90%; trade suboptimal tradable copies,
Vulpix,37,vulpix,Available in GO,"GL, UL",Ninetales #13,0/15/15,Ninetales #34,9/15/15,,,,,15/15/15,Keep strong PvP IVs or raid IV >90%; trade suboptimal tradable copies,
Vulpix (Alolan),37,vulpix_alolan,Available in GO,"GL, UL",Ninetales (Alolan) #68,0/14/12,Ninetales (Alolan) #25,7/15/15,,,,,15/15/15,Keep strong PvP IVs or raid IV >90%; trade suboptimal tradable copies,
Vulpix (Alolan) (Shadow),37,vulpix_alolan_shadow,Available in GO,"GL, UL",Ninetales (Alolan) (Shadow) #73,0/14/12,Ninetales (Alolan) (Shadow) #30,7/15/15,,,,,15/15/15,Keep strong PvP IVs or raid IV >90%; trade suboptimal tradable copies,Shadow cannot be traded
Vulpix (Shadow),37,vulpix_shadow,Available in GO,"GL, UL",Ninetales (Shadow) #3,0/15/15,Ninetales (Shadow) #64,9/15/15,,,,,15/15/15,Keep strong PvP IVs or raid IV >90%; trade suboptimal tradable copies,Shadow cannot be traded
Wailmer,320,wailmer,Available in GO,Collection,,,,,,,,,15/15/15,Keep for collection; transfer ordinary extras,
Wailmer (Shadow),320,wailmer_shadow,Available in GO,Collection,,,,,,,,,15/15/15,Keep for collection; transfer ordinary extras,Shadow cannot be traded
Wailord,321,wailord,Available in GO,Collection,,,,,,,,,15/15/15,Keep for collection; transfer ordinary extras,
Wailord (Shadow),321,wailord_shadow,Available in GO,Collection,,,,,,,,,15/15/15,Keep for collection; transfer ordinary extras,Shadow cannot be traded
Walrein,365,walrein,Available in GO,"GL, UL, ML",Walrein #122,0/12/15,Walrein #40,0/15/15,Walrein #174,15/15/15,,,15/15/15,Keep strong PvP IVs or raid IV >90%; trade suboptimal tradable copies,
Walrein (Shadow),365,walrein_shadow,Available in GO,"GL, UL, ML",Walrein (Shadow) #142,0/12/15,Walrein (Shadow) #41,0/15/15,Walrein (Shadow) #190,15/15/15,,,15/15/15,Keep strong PvP IVs or raid IV >90%; trade suboptimal tradable copies,Shadow cannot be traded
Wartortle,8,wartortle,Available in GO,"GL, UL, Raids",Blastoise #58,1/15/15,Blastoise #29,0/12/15,,,Blastoise (Mega) (raid top-10 listing),15/15/15,15/15/15,Keep strong PvP IVs or raid IV >90%; trade suboptimal tradable copies,
Wartortle (Shadow),8,wartortle_shadow,Available in GO,"GL, UL",Wartortle (Shadow) #135,0/14/15,Blastoise (Shadow) #84,0/12/15,,,,,15/15/15,Keep strong PvP IVs or raid IV >90%; trade suboptimal tradable copies,Shadow cannot be traded
Watchog,505,watchog,Available in GO,Collection,,,,,,,,,15/15/15,Keep for collection; transfer ordinary extras,
Watchog (Shadow),505,watchog_shadow,Available in GO,Collection,,,,,,,,,15/15/15,Keep for collection; transfer ordinary extras,Shadow cannot be traded
Wattrel,940,wattrel,Available in GO,Collection,,,,,,,,,15/15/15,Keep for collection; transfer ordinary extras,
Weavile,461,weavile,Available in GO,Collection,,,,,,,,,15/15/15,Keep for collection; transfer ordinary extras,
Weavile (Shadow),461,weavile_shadow,Available in GO,Raids,,,,,,,Weavile (Shadow) (raid top-10 listing),15/15/15,15/15/15,Keep strong PvP IVs or raid IV >90%; trade suboptimal tradable copies,Shadow cannot be traded
Weedle,13,weedle,Available in GO,Raids,,,,,,,Beedrill (Mega) (raid top-10 listing),15/15/15,15/15/15,Keep strong PvP IVs or raid IV >90%; trade suboptimal tradable copies,
Weedle (Shadow),13,weedle_shadow,Available in GO,Collection,,,,,,,,,15/15/15,Keep for collection; transfer ordinary extras,Shadow cannot be traded
Weepinbell,70,weepinbell,Available in GO,"UL, Raids",,,Victreebel #149,0/15/12,,,Victreebel (Mega) (raid top-10 listing),15/15/15,15/15/15,Keep strong PvP IVs or raid IV >90%; trade suboptimal tradable copies,
Weepinbell (Shadow),70,weepinbell_shadow,Available in GO,UL,,,Victreebel (Shadow) #173,0/15/12,,,,,15/15/15,Keep strong PvP IVs or raid IV >90%; trade suboptimal tradable copies,Shadow cannot be traded
Weezing,110,weezing,Available in GO,Collection,,,,,,,,,15/15/15,Keep for collection; transfer ordinary extras,
Weezing (Galarian),110,weezing_galarian,Available in GO,UL,,,Weezing (Galarian) #120,8/15/15,,,,,15/15/15,Keep strong PvP IVs or raid IV >90%; trade suboptimal tradable copies,
Weezing (Galarian) (Shadow),110,weezing_galarian_shadow,Available in GO,"GL, UL",Weezing (Galarian) (Shadow) #183,0/14/14,Weezing (Galarian) (Shadow) #116,8/15/15,,,,,15/15/15,Keep strong PvP IVs or raid IV >90%; trade suboptimal tradable copies,Shadow cannot be traded
Weezing (Shadow),110,weezing_shadow,Available in GO,Collection,,,,,,,,,15/15/15,Keep for collection; transfer ordinary extras,Shadow cannot be traded
Whimsicott,547,whimsicott,Available in GO,Collection,,,,,,,,,15/15/15,Keep for collection; transfer ordinary extras,
Whirlipede,544,whirlipede,Available in GO,Collection,,,,,,,,,15/15/15,Keep for collection; transfer ordinary extras,
Whirlipede (Shadow),544,whirlipede_shadow,Available in GO,Collection,,,,,,,,,15/15/15,Keep for collection; transfer ordinary extras,Shadow cannot be traded
Whiscash,340,whiscash,Available in GO,Collection,,,,,,,,,15/15/15,Keep for collection; transfer ordinary extras,
Whiscash (Shadow),340,whiscash_shadow,Available in GO,Collection,,,,,,,,,15/15/15,Keep for collection; transfer ordinary extras,Shadow cannot be traded
Whismur,293,whismur,Available in GO,Collection,,,,,,,,,15/15/15,Keep for collection; transfer ordinary extras,
Whismur (Shadow),293,whismur_shadow,Available in GO,Collection,,,,,,,,,15/15/15,Keep for collection; transfer ordinary extras,Shadow cannot be traded
Wigglytuff,40,wigglytuff,Available in GO,GL,Wigglytuff #109,0/15/12,,,,,,,15/15/15,Keep strong PvP IVs or raid IV >90%; trade suboptimal tradable copies,
Wiglett,960,wiglett,Available in GO,Collection,,,,,,,,,15/15/15,Keep for collection; transfer ordinary extras,
Wimpod,767,wimpod,Available in GO,"GL, UL, ML, Raids",Golisopod #162,0/8/15,Golisopod #69,1/14/15,Golisopod #84,15/15/15,Golisopod (Bug backup),15/15/15,15/15/15,Keep strong PvP IVs or raid IV >90%; trade suboptimal tradable copies,
Wingull,278,wingull,Available in GO,"GL, UL",Pelipper #120,0/12/15,Pelipper #138,15/15/15,,,,,15/15/15,Keep strong PvP IVs or raid IV >90%; trade suboptimal tradable copies,
Wobbuffet,202,wobbuffet,Available in GO,Collection,,,,,,,,,15/15/15,Keep for collection; transfer ordinary extras,
Wobbuffet (Shadow),202,wobbuffet_shadow,Available in GO,Collection,,,,,,,,,15/15/15,Keep for collection; transfer ordinary extras,Shadow cannot be traded
Woobat,527,woobat,Available in GO,Collection,,,,,,,,,15/15/15,Keep for collection; transfer ordinary extras,
Wooloo,831,wooloo,Available in GO,GL,Dubwool #161,1/15/15,,,,,,,15/15/15,Keep strong PvP IVs or raid IV >90%; trade suboptimal tradable copies,
Wooper,194,wooper,Available in GO,GL,Quagsire #14,0/15/14,,,,,,,15/15/15,Keep strong PvP IVs or raid IV >90%; trade suboptimal tradable copies,
Wooper (Paldean),194,wooper_paldean,Available in GO,GL,Clodsire #17,0/14/13,,,,,,,15/15/15,Keep strong PvP IVs or raid IV >90%; trade suboptimal tradable copies,
Wooper (Shadow),194,wooper_shadow,Available in GO,GL,Quagsire (Shadow) #12,0/15/14,,,,,,,15/15/15,Keep strong PvP IVs or raid IV >90%; trade suboptimal tradable copies,Shadow cannot be traded
Wormadam (Plant),413,wormadam_plant,Available in GO,Collection,,,,,,,,,15/15/15,Keep for collection; transfer ordinary extras,
Wormadam (Sandy),413,wormadam_sandy,Available in GO,Collection,,,,,,,,,15/15/15,Keep for collection; transfer ordinary extras,
Wormadam (Trash),413,wormadam_trash,Available in GO,GL,Wormadam (Trash) #179,0/13/15,,,,,,,15/15/15,Keep strong PvP IVs or raid IV >90%; trade suboptimal tradable copies,
Wugtrio,961,wugtrio,Available in GO,Collection,,,,,,,,,15/15/15,Keep for collection; transfer ordinary extras,
Wurmple,265,wurmple,Available in GO,Collection,,,,,,,,,15/15/15,Keep for collection; transfer ordinary extras,
Wynaut,360,wynaut,Available in GO,Collection,,,,,,,,,15/15/15,Keep for collection; transfer ordinary extras,
Wyrdeer,899,wyrdeer,Available in GO,Collection,,,,,,,,,15/15/15,Keep for collection; transfer ordinary extras,
Xatu,178,xatu,Available in GO,Collection,,,,,,,,,15/15/15,Keep for collection; transfer ordinary extras,
Xatu (Shadow),178,xatu_shadow,Available in GO,Collection,,,,,,,,,15/15/15,Keep for collection; transfer ordinary extras,Shadow cannot be traded
Xerneas,716,xerneas,Available in GO,"ML, Raids",,,,,Xerneas #6,15/15/15,Xerneas (raid top-10 listing),15/15/15,15/15/15,Keep strong PvP IVs or raid IV >90%; trade suboptimal tradable copies,
Xurkitree,796,xurkitree,Available in GO,ML,,,,,Xurkitree #142,15/15/15,,,15/15/15,Keep strong PvP IVs or raid IV >90%; trade suboptimal tradable copies,
Yamask,562,yamask,Available in GO,"GL, UL",Cofagrigus #146,0/11/14,Cofagrigus #85,10/15/15,,,,,15/15/15,Keep strong PvP IVs or raid IV >90%; trade suboptimal tradable copies,
Yamask (Galarian),562,yamask_galarian,Available in GO,"GL, UL",Runerigus #199,0/11/14,Runerigus #43,10/15/15,,,,,15/15/15,Keep strong PvP IVs or raid IV >90%; trade suboptimal tradable copies,
Yamask (Shadow),562,yamask_shadow,Available in GO,"GL, UL",Cofagrigus (Shadow) #173,0/11/14,Cofagrigus (Shadow) #104,10/15/15,,,,,15/15/15,Keep strong PvP IVs or raid IV >90%; trade suboptimal tradable copies,Shadow cannot be traded
Yamper,835,yamper,Available in GO,Collection,,,,,,,,,15/15/15,Keep for collection; transfer ordinary extras,
Yanma,193,yanma,Available in GO,Collection,,,,,,,,,15/15/15,Keep for collection; transfer ordinary extras,
Yanmega,469,yanmega,Available in GO,Collection,,,,,,,,,15/15/15,Keep for collection; transfer ordinary extras,
Yungoos,734,yungoos,Available in GO,Collection,,,,,,,,,15/15/15,Keep for collection; transfer ordinary extras,
Yveltal,717,yveltal,Available in GO,"UL, ML",,,Yveltal #147,0/15/15,Yveltal #37,15/15/15,,,15/15/15,Keep strong PvP IVs or raid IV >90%; trade suboptimal tradable copies,
Zacian (Crowned Sword),888,zacian_crowned_sword,Available in GO,ML,,,,,Zacian (Crowned Sword) #2,15/15/15,,,15/15/15,Keep strong PvP IVs or raid IV >90%; trade suboptimal tradable copies,
Zacian (Hero),888,zacian_hero,Available in GO,ML,,,,,Zacian (Hero) #96,15/15/15,,,15/15/15,Keep strong PvP IVs or raid IV >90%; trade suboptimal tradable copies,
Zamazenta (Crowned Shield),889,zamazenta_crowned_shield,Available in GO,ML,,,,,Zamazenta (Crowned Shield) #16,15/15/15,,,15/15/15,Keep strong PvP IVs or raid IV >90%; trade suboptimal tradable copies,
Zamazenta (Hero),889,zamazenta_hero,Available in GO,ML,,,,,Zamazenta (Hero) #92,15/15/15,,,15/15/15,Keep strong PvP IVs or raid IV >90%; trade suboptimal tradable copies,
Zangoose,335,zangoose,Available in GO,Collection,,,,,,,,,15/15/15,Keep for collection; transfer ordinary extras,
Zapdos,145,zapdos,Available in GO,"UL, ML",,,Zapdos #97,0/13/13,Zapdos #87,15/15/15,,,15/15/15,Keep strong PvP IVs or raid IV >90%; trade suboptimal tradable copies,
Zapdos (Galarian),145,zapdos_galarian,Available in GO,ML,,,,,Zapdos (Galarian) #122,15/15/15,,,15/15/15,Keep strong PvP IVs or raid IV >90%; trade suboptimal tradable copies,
Zapdos (Shadow),145,zapdos_shadow,Available in GO,"UL, ML",,,Zapdos (Shadow) #111,0/13/13,Zapdos (Shadow) #88,15/15/15,,,15/15/15,Keep strong PvP IVs or raid IV >90%; trade suboptimal tradable copies,Shadow cannot be traded
Zarude,893,zarude,Available in GO,"ML, Raids",,,,,Zarude #113,15/15/15,Zarude (raid top-10 listing),15/15/15,15/15/15,Keep strong PvP IVs or raid IV >90%; trade suboptimal tradable copies,
Zebstrika,523,zebstrika,Available in GO,Collection,,,,,,,,,15/15/15,Keep for collection; transfer ordinary extras,
Zebstrika (Shadow),523,zebstrika_shadow,Available in GO,Collection,,,,,,,,,15/15/15,Keep for collection; transfer ordinary extras,Shadow cannot be traded
Zekrom,644,zekrom,Available in GO,ML,,,,,Zekrom #20,15/15/15,,,15/15/15,Keep strong PvP IVs or raid IV >90%; trade suboptimal tradable copies,
Zeraora,807,zeraora,Available in GO,"UL, ML, Raids",,,Zeraora #174,1/15/15,Zeraora #108,15/15/15,Zeraora (raid top-10 listing),15/15/15,15/15/15,Keep strong PvP IVs or raid IV >90%; trade suboptimal tradable copies,
Zigzagoon,263,zigzagoon,Available in GO,Collection,,,,,,,,,15/15/15,Keep for collection; transfer ordinary extras,
Zigzagoon (Galarian),263,zigzagoon_galarian,Available in GO,Collection,,,,,,,,,15/15/15,Keep for collection; transfer ordinary extras,
Zigzagoon (Galarian) (Shadow),263,zigzagoon_galarian_shadow,Available in GO,Collection,,,,,,,,,15/15/15,Keep for collection; transfer ordinary extras,Shadow cannot be traded
Zoroark,571,zoroark,Available in GO,Collection,,,,,,,,,15/15/15,Keep for collection; transfer ordinary extras,
Zoroark (Hisuian),571,zoroark_hisuian,Available in GO,Collection,,,,,,,,,15/15/15,Keep for collection; transfer ordinary extras,
Zorua,570,zorua,Available in GO,Collection,,,,,,,,,15/15/15,Keep for collection; transfer ordinary extras,
Zorua (Hisuian),570,zorua_hisuian,Available in GO,Collection,,,,,,,,,15/15/15,Keep for collection; transfer ordinary extras,
Zubat,41,zubat,Available in GO,Collection,,,,,,,,,15/15/15,Keep for collection; transfer ordinary extras,
Zubat (Shadow),41,zubat_shadow,Available in GO,Collection,,,,,,,,,15/15/15,Keep for collection; transfer ordinary extras,Shadow cannot be traded
Zweilous,634,zweilous,Available in GO,"GL, UL, ML, Raids",Hydreigon #103,0/15/10,Hydreigon #199,0/15/15,Hydreigon #80,15/15/15,Hydreigon (Dark backup),15/15/15,15/15/15,Keep strong PvP IVs or raid IV >90%; trade suboptimal tradable copies,
Zweilous (Shadow),634,zweilous_shadow,Available in GO,"GL, UL, ML, Raids",Hydreigon (Shadow) #56,0/15/10,Hydreigon (Shadow) #126,0/15/15,Hydreigon (Shadow) #53,15/15/15,Hydreigon (Shadow) (raid top-10 listing),15/15/15,15/15/15,Keep strong PvP IVs or raid IV >90%; trade suboptimal tradable copies,Shadow cannot be traded
Zygarde (10% Forme),718,zygarde_10,Available in GO,"UL, ML",,,Zygarde (Complete Forme) #7,0/15/12,Zygarde (Complete Forme) #3,15/15/15,,,15/15/15,Keep strong PvP IVs or raid IV >90%; trade suboptimal tradable copies,
Zygarde (50% Forme),718,zygarde,Available in GO,ML,,,,,Zygarde (50% Forme) #123,15/15/15,,,15/15/15,Keep strong PvP IVs or raid IV >90%; trade suboptimal tradable copies,
Zygarde (Complete Forme),718,zygarde_complete,Available in GO,"UL, ML",,,Zygarde (Complete Forme) #7,0/15/12,Zygarde (Complete Forme) #3,15/15/15,,,15/15/15,Keep strong PvP IVs or raid IV >90%; trade suboptimal tradable copies,
